split,strategy,contract_title,contract_words,chunk_count,span_count,covered_span_count,span_coverage
train,fixed_300_no_overlap,LIMEENERGYCO_09_09_1999-EX-10-DISTRIBUTOR AGREEMENT,5998,20,46,37,0.8043478260869565
train,fixed_300_no_overlap,"WHITESMOKE,INC_11_08_2011-EX-10.26-PROMOTION AND DISTRIBUTION AGREEMENT",11313,38,27,25,0.9259259259259259
train,fixed_300_no_overlap,NELNETINC_04_08_2020-EX-1-JOINT FILING AGREEMENT,170,1,4,4,1.0
train,fixed_300_no_overlap,ADAMSGOLFINC_03_21_2005-EX-10.17-ENDORSEMENT AGREEMENT,3770,13,23,23,1.0
train,fixed_300_no_overlap,"KIROMICBIOPHARMA,INC_05_11_2020-EX-10.23-CONSULTING AGREEMENT",2766,10,24,19,0.7916666666666666
train,fixed_300_no_overlap,"VEONEER,INC_02_21_2020-EX-10.11-JOINT VENTURE AGREEMENT",1334,5,16,16,1.0
train,fixed_300_no_overlap,"MetLife, Inc. - Remarketing Agreement",17518,59,16,15,0.9375
train,fixed_300_no_overlap,"FTENETWORKS,INC_02_18_2016-EX-99.4-STRATEGIC ALLIANCE AGREEMENT",5761,20,33,29,0.8787878787878788
train,fixed_300_no_overlap,DOMINIADVISORTRUST_02_18_2005-EX-99.(H)(2)-SPONSORSHIP AGREEMENT,1847,7,13,13,1.0
train,fixed_300_no_overlap,PfHospitalityGroupInc_20150923_10-12G_EX-10.1_9266710_EX-10.1_Franchise Agreement3,1014,4,12,12,1.0
train,fixed_300_no_overlap,CerenceInc_20191002_8-K_EX-10.4_11827494_EX-10.4_Intellectual Property Agreement,9608,33,40,30,0.75
train,fixed_300_no_overlap,ReynoldsConsumerProductsInc_20191115_S-1_EX-10.18_11896469_EX-10.18_Supply Agreement,9599,32,26,23,0.8846153846153846
train,fixed_300_no_overlap,IntegrityFunds_20200121_485BPOS_EX-99.E UNDR CONTR_11948727_EX-99.E UNDR CONTR_Service Agreement,3784,13,12,10,0.8333333333333334
train,fixed_300_no_overlap,PREMIERBIOMEDICALINC_05_14_2020-EX-10.2-INTELLECTUAL PROPERTY AGREEMENT,3596,12,22,18,0.8181818181818182
train,fixed_300_no_overlap,"SIBANNAC,INC_12_04_2017-EX-2.1-Strategic Alliance Agreement",1236,5,14,11,0.7857142857142857
train,fixed_300_no_overlap,INTRICONCORP_03_10_2009-EX-10.22-Strategic Alliance Agreement,7774,26,35,30,0.8571428571428571
train,fixed_300_no_overlap,BONTONSTORESINC_04_20_2018-EX-99.3-AGENCY AGREEMENT,26842,90,43,40,0.9302325581395349
train,fixed_300_no_overlap,"ON2TECHNOLOGIES,INC_11_17_2006-EX-10.3-SUPPORT AND MAINTENANCE AGREEMENT",8844,30,17,17,1.0
train,fixed_300_no_overlap,Freecook_20180605_S-1_EX-10.3_11233807_EX-10.3_Hosting Agreement,997,4,10,10,1.0
train,fixed_300_no_overlap,OPERALTD_04_30_2020-EX-4.14-SERVICE AGREEMENT,3326,12,21,21,1.0
train,fixed_300_no_overlap,"BORROWMONEYCOM,INC_06_11_2020-EX-10.1-JOINT VENTURE AGREEMENT",3507,12,11,10,0.9090909090909091
train,fixed_300_no_overlap,ZEBRATECHNOLOGIESCORP_04_16_2014-EX-10.1-INTELLECTUAL PROPERTY AGREEMENT,19581,66,45,27,0.6
train,fixed_300_no_overlap,ChinaRealEstateInformationCorp_20090929_F-1_EX-10.32_4771615_EX-10.32_Content License Agreement,7522,26,24,19,0.7916666666666666
train,fixed_300_no_overlap,GLOBALTECHNOLOGIESLTD_06_08_2020-EX-10.16-CONSULTING AGREEMENT,3199,11,12,11,0.9166666666666666
train,fixed_300_no_overlap,PfHospitalityGroupInc_20150923_10-12G_EX-10.1_9266710_EX-10.1_Franchise Agreement1,24389,82,84,69,0.8214285714285714
train,fixed_300_no_overlap,CORIOINC_07_20_2000-EX-10.5-LICENSE AND HOSTING AGREEMENT,8396,28,53,44,0.8301886792452831
train,fixed_300_no_overlap,SENMIAOTECHNOLOGYLTD_02_19_2019-EX-10.5-Collaboration Agreement,11876,40,33,28,0.8484848484848485
train,fixed_300_no_overlap,HealthcareIntegratedTechnologiesInc_20190812_8-K_EX-10.1_11776966_EX-10.1_Reseller Agreement,3519,12,22,20,0.9090909090909091
train,fixed_300_no_overlap,LOYALTYPOINTINC_11_16_2004-EX-10.2-RESELLER AGREEMENT,12890,43,30,25,0.8333333333333334
train,fixed_300_no_overlap,BNCMORTGAGEINC_05_17_1999-EX-10.4-LICENSING AND WEB SITE HOSTING AGREEMENT,4739,16,17,14,0.8235294117647058
train,fixed_300_no_overlap,ENERGOUSCORP_03_16_2017-EX-10.24-STRATEGIC ALLIANCE AGREEMENT,12422,42,67,56,0.835820895522388
train,fixed_300_no_overlap,CytodynInc_20200109_10-Q_EX-10.5_11941634_EX-10.5_License Agreement,24801,83,52,45,0.8653846153846154
train,fixed_300_no_overlap,NICELTD_06_26_2003-EX-4.5-OUTSOURCING AGREEMENT,18608,63,29,27,0.9310344827586207
train,fixed_300_no_overlap,ImpresseCorp_20000322_S-1A_EX-10.11_5199234_EX-10.11_Co-Branding Agreement,7249,25,32,27,0.84375
train,fixed_300_no_overlap,AlliedEsportsEntertainmentInc_20190815_8-K_EX-10.19_11788293_EX-10.19_Content License Agreement,5471,19,30,24,0.8
train,fixed_300_no_overlap,CreditcardscomInc_20070810_S-1_EX-10.33_362297_EX-10.33_Affiliate Agreement,4045,14,13,11,0.8461538461538461
train,fixed_300_no_overlap,GALACTICOMMTECHNOLOGIESINC_11_07_1997-EX-10.46-WEB HOSTING AGREEMENT,223,1,5,5,1.0
train,fixed_300_no_overlap,"Zounds Hearing, Inc. - MANUFACTURING DESIGN MARKETING AGREEMENT",6897,23,31,28,0.9032258064516129
train,fixed_300_no_overlap,CUROGROUPHOLDINGSCORP_05_04_2020-EX-10.3-SERVICING AGREEMENT,5793,20,12,11,0.9166666666666666
train,fixed_300_no_overlap,SouthernStarEnergyInc_20051202_SB-2A_EX-9_801890_EX-9_Affiliate Agreement,3607,13,17,17,1.0
train,fixed_300_no_overlap,ConformisInc_20191101_10-Q_EX-10.6_11861402_EX-10.6_Development Agreement,9583,32,33,26,0.7878787878787878
train,fixed_300_no_overlap,Principal Life Insurance Company - Broker Dealer Marketing and Servicing Agreement,4366,15,15,14,0.9333333333333333
train,fixed_300_no_overlap,LegacyEducationAllianceInc_20200330_10-K_EX-10.18_12090678_EX-10.18_Development Agreement,7337,25,49,39,0.7959183673469388
train,fixed_300_no_overlap,VerizonAbsLlc_20200123_8-K_EX-10.4_11952335_EX-10.4_Service Agreement,45143,151,26,25,0.9615384615384616
train,fixed_300_no_overlap,VERICELCORP_08_06_2019-EX-10.10-SUPPLY AGREEMENT,15862,53,39,33,0.8461538461538461
train,fixed_300_no_overlap,WPPPLC_04_30_2020-EX-4.28-SERVICE AGREEMENT,10958,37,26,24,0.9230769230769231
train,fixed_300_no_overlap,WORLDWIDESTRATEGIESINC_11_02_2005-EX-10-RESELLER AGREEMENT,10830,37,43,38,0.8837209302325582
train,fixed_300_no_overlap,FEDERATEDGOVERNMENTINCOMESECURITIESINC_04_28_2020-EX-99.SERV AGREE-SERVICES AGREEMENT_SECONDAMENDMENT,820,3,8,8,1.0
train,fixed_300_no_overlap,AzulSa_20170303_F-1A_EX-10.3_9943903_EX-10.3_Maintenance Agreement2,2549,9,13,13,1.0
train,fixed_300_no_overlap,PelicanDeliversInc_20200211_S-1_EX-10.3_11975895_EX-10.3_Development Agreement1,2820,10,6,6,1.0
train,fixed_300_no_overlap,ORBSATCORP_08_17_2007-EX-7.3-STRATEGIC ALLIANCE AGREEMENT,2909,10,19,19,1.0
train,fixed_300_no_overlap,DRAGONSYSTEMSINC_01_08_1999-EX-10.17-OUTSOURCING AGREEMENT,1088,4,13,12,0.9230769230769231
train,fixed_300_no_overlap,SEPARATEACCOUNTIIOFAGL_05_02_2011-EX-99.(J)(4)-UNCONDITIONAL CAPITAL MAINTENANCE AGREEMENT,2845,10,13,12,0.9230769230769231
train,fixed_300_no_overlap,ImperialGardenResortInc_20161028_DRS (on F-1)_EX-10.13_9963189_EX-10.13_Outsourcing Agreement,1849,7,7,7,1.0
train,fixed_300_no_overlap,"VIRGINGALACTICHOLDINGS,INC_04_08_2020-EX-99.1-JOINT FILING STATEMENT",188,1,6,6,1.0
train,fixed_300_no_overlap,FuseMedicalInc_20190321_10-K_EX-10.43_11575454_EX-10.43_Distributor Agreement,5339,18,21,19,0.9047619047619048
train,fixed_300_no_overlap,ASPIRITYHOLDINGSLLC_05_07_2012-EX-10.6-OUTSOURCING AGREEMENT,10095,34,28,24,0.8571428571428571
train,fixed_300_no_overlap,"OASYSMOBILE,INC_07_05_2001-EX-10.17-OUTSOURCING AGREEMENT",8147,28,47,43,0.9148936170212766
train,fixed_300_no_overlap,MEDIWOUNDLTD_01_15_2014-EX-10.6-SUPPLY AGREEMENT,7708,26,27,26,0.9629629629629629
train,fixed_300_no_overlap,UpjohnInc_20200121_10-12G_EX-2.6_11948692_EX-2.6_Manufacturing Agreement_ Supply Agreement,33948,114,95,76,0.8
train,fixed_300_no_overlap,"Antares Pharma, Inc. - Manufacturing Agreement",16365,55,20,17,0.85
train,fixed_300_no_overlap,RareElementResourcesLtd_20171019_SC 13D_EX-99.4_10897534_EX-99.4_Intellectual Property Agreement,5415,19,33,28,0.8484848484848485
train,fixed_300_no_overlap,VARIABLESEPARATEACCOUNT_04_30_2014-EX-13.C-UNCONDITIONAL CAPITAL MAINTENANCE AGREEMENT,2381,8,14,12,0.8571428571428571
train,fixed_300_no_overlap,ABILITYINC_06_15_2020-EX-4.25-SERVICES AGREEMENT,4115,14,16,14,0.875
train,fixed_300_no_overlap,ELECTRAMECCANICA VEHICLES CORP. - Manufacturing Agreement,7251,25,30,25,0.8333333333333334
train,fixed_300_no_overlap,GopageCorp_20140221_10-K_EX-10.1_8432966_EX-10.1_Content License Agreement,6030,21,25,23,0.92
train,fixed_300_no_overlap,BICYCLETHERAPEUTICSPLC_03_10_2020-EX-10.11-SERVICE AGREEMENT,9252,31,27,22,0.8148148148148148
train,fixed_300_no_overlap,TELEGLOBEINTERNATIONALHOLDINGSLTD_03_29_2004-EX-10.10-CONSTRUCTION AND MAINTENANCE AGREEMENT,15095,51,62,60,0.967741935483871
train,fixed_300_no_overlap,INTERNATIONALFASTFOODCORP_04_04_1997-EX-99-FRANCHISE AGREEMENT,16157,54,65,60,0.9230769230769231
train,fixed_300_no_overlap,BIOCEPTINC_08_19_2013-EX-10-COLLABORATION AGREEMENT,12142,41,40,32,0.8
train,fixed_300_no_overlap,PACIFICSYSTEMSCONTROLTECHNOLOGYINC_08_24_2000-EX-10.53-SPONSORSHIP AGREEMENT,682,3,9,9,1.0
train,fixed_300_no_overlap,NANOPHASETECHNOLOGIESCORP_11_01_2005-EX-99.1-DISTRIBUTOR AGREEMENT,7663,26,37,31,0.8378378378378378
train,fixed_300_no_overlap,AzulSa_20170303_F-1A_EX-10.3_9943903_EX-10.3_Maintenance Agreement1,34155,114,41,33,0.8048780487804879
train,fixed_300_no_overlap,PelicanDeliversInc_20200211_S-1_EX-10.3_11975895_EX-10.3_Development Agreement2,4870,17,21,17,0.8095238095238095
train,fixed_300_no_overlap,"NETGEAR,INC_04_21_2003-EX-10.16-AMENDMENT TO THE DISTRIBUTOR AGREEMENT BETWEEN INGRAM MICRO AND NETGEAR",973,4,8,8,1.0
train,fixed_300_no_overlap,NEONSYSTEMSINC_03_01_1999-EX-10.5-DISTRIBUTOR AGREEMENT_Amendment,2848,10,32,28,0.875
train,fixed_300_no_overlap,SPARKLINGSPRINGWATERHOLDINGSLTD_07_03_2002-EX-10.13-SOFTWARE LICENSE AND MAINTENANCE AGREEMENT,3885,13,28,23,0.8214285714285714
train,fixed_300_no_overlap,NUVEEN - REMARKETING AGREEMENT,11298,38,17,15,0.8823529411764706
train,fixed_300_no_overlap,SECURIANFUNDSTRUST_05_01_2012-EX-99.28.H.9-NET INVESTMENT INCOME MAINTENANCE AGREEMENT,1538,6,13,13,1.0
train,fixed_300_no_overlap,WELLSFARGOMORTGAGEBACKEDSECURITIES2006-6TRUST_05_11_2006-EX-10.3-Yield Maintenance Agreement,5299,18,12,11,0.9166666666666666
train,fixed_300_no_overlap,REWALKROBOTICSLTD_07_10_2014-EX-10.2-STRATEGIC ALLIANCE AGREEMENT,2320,8,15,11,0.7333333333333333
train,fixed_300_no_overlap,PenntexMidstreamPartnersLp_20150416_S-1A_EX-10.4_9042833_EX-10.4_Transportation Agreement,7965,27,20,19,0.95
train,fixed_300_no_overlap,FerroglobePlc_20150624_F-4A_EX-10.20_9154746_EX-10.20_Outsourcing Agreement,4627,16,13,12,0.9230769230769231
train,fixed_300_no_overlap,TodosMedicalLtd_20190328_20-F_EX-4.10_11587157_EX-4.10_Marketing Agreement_ Reseller Agreement,5066,17,31,25,0.8064516129032258
train,fixed_300_no_overlap,PrecheckHealthServicesInc_20200320_8-K_EX-99.2_12070169_EX-99.2_Distributor Agreement,970,4,13,12,0.9230769230769231
train,fixed_300_no_overlap,INKTOMICORP_06_08_1998-EX-10.14-SOFTWARE HOSTING AGREEMENT,9916,34,29,25,0.8620689655172413
train,fixed_300_no_overlap,"OAKTREECAPITALGROUP,LLC_03_02_2020-EX-10.8-Services Agreement",3194,11,14,14,1.0
train,fixed_300_no_overlap,BANGIINC_05_25_2005-EX-10-Premium Managed Hosting Agreement,302,2,6,6,1.0
train,fixed_300_no_overlap,AMERICANPHYSICIANSCAPITALINC_03_31_2003-EX-10.26-AGENCY AGREEMENT,2901,10,25,22,0.88
train,fixed_300_no_overlap,GULFSOUTHMEDICALSUPPLYINC_12_24_1997-EX-4-AFFILIATE AGREEMENT,2765,10,9,9,1.0
train,fixed_300_no_overlap,"BELLRINGBRANDS,INC_02_07_2020-EX-10.18-MASTER SUPPLY AGREEMENT",5813,20,28,26,0.9285714285714286
train,fixed_300_no_overlap,AimmuneTherapeuticsInc_20200205_8-K_EX-10.3_11967170_EX-10.3_Development Agreement,25298,85,56,47,0.8392857142857143
train,fixed_300_no_overlap,HEALTHGATEDATACORP_11_24_1999-EX-10.1-HOSTING AND MANAGEMENT AGREEMENT (1),17975,60,51,43,0.8431372549019608
train,fixed_300_no_overlap,"INTELLIGENTHIGHWAYSOLUTIONS,INC_01_18_2018-EX-10.1-Strategic Alliance Agreement",1217,5,14,12,0.8571428571428571
train,fixed_300_no_overlap,ATMOSENERGYCORP_11_22_2002-EX-10.17-TRANSPORTATION SERVICE AGREEMENT,2588,9,18,18,1.0
train,fixed_300_no_overlap,PacificapEntertainmentHoldingsInc_20051115_8-KA_EX-1.01_4300894_EX-1.01_Content License Agreement,2500,9,15,12,0.8
train,fixed_300_no_overlap,ReedsInc_20191113_10-Q_EX-10.4_11888303_EX-10.4_Development Agreement,4301,15,19,16,0.8421052631578947
train,fixed_300_no_overlap,RgcResourcesInc_20151216_8-K_EX-10.3_9372751_EX-10.3_Franchise Agreement,805,3,10,9,0.9
train,fixed_300_no_overlap,"BELLICUMPHARMACEUTICALS,INC_05_07_2019-EX-10.1-Supply Agreement",28275,95,69,58,0.8405797101449275
train,fixed_300_no_overlap,MARTINMIDSTREAMPARTNERSLP_01_23_2004-EX-10.3-TRANSPORTATION SERVICES AGREEMENT,2175,8,17,15,0.8823529411764706
train,fixed_300_no_overlap,RUBIOSRESTAURANTSINC_03_31_2008-EX-10.75-SPONSORSHIP AGREEMENT,5760,20,20,17,0.85
train,fixed_300_no_overlap,CardlyticsInc_20180112_S-1_EX-10.16_11002987_EX-10.16_Maintenance Agreement2,387,2,6,6,1.0
train,fixed_300_no_overlap,"XLITECHNOLOGIES,INC_12_11_2015-EX-10.1-Sponsorship Agreement",2851,10,16,16,1.0
train,fixed_300_no_overlap,ScansourceInc_20190822_10-K_EX-10.38_11793958_EX-10.38_Distributor Agreement2,2044,7,18,17,0.9444444444444444
train,fixed_300_no_overlap,VERTEXENERGYINC_08_14_2014-EX-10.24-OPERATION AND MAINTENANCE AGREEMENT,8601,29,29,27,0.9310344827586207
train,fixed_300_no_overlap,NYLIACVARIABLEANNUITYSEPARATEACCOUNTIII_04_10_2020-EX-99.8.KK-SERVICE AGREEMENT,1072,4,12,12,1.0
train,fixed_300_no_overlap,AlliedEsportsEntertainmentInc_20190815_8-K_EX-10.34_11788308_EX-10.34_Sponsorship Agreement,5852,20,25,24,0.96
train,fixed_300_no_overlap,SLOVAKWIRELESSFINANCECOBV_03_28_2001-EX-4.(B)(II).3-Maintenance and support contract for SICAP(R) modules,3435,12,9,7,0.7777777777777778
train,fixed_300_no_overlap,ANIXABIOSCIENCESINC_06_09_2020-EX-10.1-COLLABORATION AGREEMENT,6178,21,31,27,0.8709677419354839
train,fixed_300_no_overlap,"ELFBEAUTY,INC_07_02_2020-EX-10.1-COOPERATION AGREEMENT",7265,25,17,17,1.0
train,fixed_300_no_overlap,DigitalCinemaDestinationsCorp_20111220_S-1_EX-10.10_7346719_EX-10.10_Affiliate Agreement,16673,56,63,45,0.7142857142857143
train,fixed_300_no_overlap,VERTICALNETINC_04_01_2002-EX-10.19-MAINTENANCE AND SUPPORT AGREEMENT,10705,36,31,26,0.8387096774193549
train,fixed_300_no_overlap,TcPipelinesLp_20160226_10-K_EX-99.12_9454048_EX-99.12_Transportation Agreement,916,4,11,10,0.9090909090909091
train,fixed_300_no_overlap,HUBEIMINKANGPHARMACEUTICALLTD_09_19_2006-EX-10.1-OUTSOURCING AGREEMENT,1836,7,13,12,0.9230769230769231
train,fixed_300_no_overlap,ACCURAYINC_09_01_2010-EX-10.31-DISTRIBUTOR AGREEMENT,13349,45,30,27,0.9
train,fixed_300_no_overlap,"MIDDLEBROOKPHARMACEUTICALS,INC_03_18_2010-EX-10.1-PROMOTION AGREEMENT",8879,30,23,19,0.8260869565217391
train,fixed_300_no_overlap,ArcGroupInc_20171211_8-K_EX-10.1_10976103_EX-10.1_Sponsorship Agreement,2622,9,9,8,0.8888888888888888
train,fixed_300_no_overlap,AtnInternationalInc_20191108_10-Q_EX-10.1_11878541_EX-10.1_Maintenance Agreement,34973,117,70,61,0.8714285714285714
train,fixed_300_no_overlap,"SightLife Surgical, Inc. - STRATEGIC SALES _ MARKETING AGREEMENT",3604,13,23,20,0.8695652173913043
train,fixed_300_no_overlap,InmodeLtd_20190729_F-1A_EX-10.9_11743243_EX-10.9_Manufacturing Agreement,6122,21,23,20,0.8695652173913043
train,fixed_300_no_overlap,FUSIONPHARMACEUTICALSINC_06_05_2020-EX-10.17-Supply Agreement - FUSION,6318,22,29,28,0.9655172413793104
train,fixed_300_no_overlap,URSCORPNEW_03_17_2014-EX-99-COOPERATION AGREEMENT,6004,21,9,7,0.7777777777777778
train,fixed_300_no_overlap,GpaqAcquisitionHoldingsInc_20200123_S-4A_EX-10.6_11951677_EX-10.6_License Agreement,7187,24,45,37,0.8222222222222222
train,fixed_300_no_overlap,SalesforcecomInc_20171122_10-Q_EX-10.1_10961535_EX-10.1_Reseller Agreement,435,2,6,6,1.0
train,fixed_300_no_overlap,SLINGERBAGINC_05_27_2020-EX-10.7-CONSULTING AGREEMENT,5346,18,15,13,0.8666666666666667
train,fixed_300_no_overlap,IGENEBIOTECHNOLOGYINC_05_13_2003-EX-1-JOINT VENTURE AGREEMENT,11330,38,28,20,0.7142857142857143
train,fixed_300_no_overlap,ENERGYXXILTD_05_08_2015-EX-10.13-Transportation AGREEMENT,9243,31,23,17,0.7391304347826086
train,fixed_300_no_overlap,EtonPharmaceuticalsInc_20191114_10-Q_EX-10.1_11893941_EX-10.1_Development Agreement,10256,35,27,22,0.8148148148148148
train,fixed_300_no_overlap,ScansourceInc_20190822_10-K_EX-10.38_11793958_EX-10.38_Distributor Agreement1,12904,44,42,38,0.9047619047619048
train,fixed_300_no_overlap,CardlyticsInc_20180112_S-1_EX-10.16_11002987_EX-10.16_Maintenance Agreement1,25087,84,93,80,0.8602150537634409
train,fixed_300_no_overlap,"NETGEAR,INC_04_21_2003-EX-10.16-DISTRIBUTOR AGREEMENT",6029,21,45,41,0.9111111111111111
train,fixed_300_no_overlap,EcoScienceSolutionsInc_20171117_8-K_EX-10.1_10956472_EX-10.1_Endorsement Agreement,2843,10,17,16,0.9411764705882353
train,fixed_300_no_overlap,AMERICASSHOPPINGMALLINC_12_10_1999-EX-10.2-SITE DEVELOPMENT AND HOSTING AGREEMENT,2892,10,22,20,0.9090909090909091
train,fixed_300_no_overlap,DataCallTechnologies_20060918_SB-2A_EX-10.9_944510_EX-10.9_Content License Agreement,1666,6,22,20,0.9090909090909091
train,fixed_300_no_overlap,JINGWEIINTERNATIONALLTD_10_04_2007-EX-10.7-INTELLECTUAL PROPERTY AGREEMENT,2356,8,18,17,0.9444444444444444
train,fixed_300_no_overlap,FEDERATEDGOVERNMENTINCOMESECURITIESINC_04_28_2020-EX-99.SERV AGREE-SERVICES AGREEMENT,1762,6,13,11,0.8461538461538461
train,fixed_300_no_overlap,MRSFIELDSORIGINALCOOKIESINC_01_29_1998-EX-10-FRANCHISE AGREEMENT,33705,113,78,59,0.7564102564102564
train,fixed_300_no_overlap,PalmerSquareCapitalBdcInc_20200116_10-12GA_EX-10.6_11949289_EX-10.6_Trademark License Agreement,2306,8,19,19,1.0
train,fixed_300_no_overlap,LUCIDINC_04_15_2011-EX-10.9-DISTRIBUTOR AGREEMENT,2351,8,20,19,0.95
train,fixed_300_no_overlap,UsioInc_20040428_SB-2_EX-10.11_1723988_EX-10.11_Affiliate Agreement 2,3740,13,28,19,0.6785714285714286
train,fixed_300_no_overlap,EmmisCommunicationsCorp_20191125_8-K_EX-10.6_11906433_EX-10.6_Marketing Agreement,2709,10,11,11,1.0
train,fixed_300_no_overlap,ENTERTAINMENTGAMINGASIAINC_02_15_2005-EX-10.5-DISTRIBUTOR AGREEMENT,6920,24,38,32,0.8421052631578947
train,fixed_300_no_overlap,"Magenta Therapeutics, Inc. - Master Development and Manufacturing Agreement",11308,38,33,31,0.9393939393939394
train,fixed_300_no_overlap,"GRIDIRONBIONUTRIENTS,INC_02_05_2020-EX-10.3-SUPPLY AGREEMENT",903,4,10,10,1.0
train,fixed_300_no_overlap,PapaJohnsInternationalInc_20190617_8-K_EX-10.1_11707365_EX-10.1_Endorsement Agreement,10661,36,35,25,0.7142857142857143
train,fixed_300_no_overlap,SUMMAFOURINC_06_19_1998-EX-10.3-SOFTWARE LICENSE AND MAINTENANCE AGREEMENT,14158,48,34,26,0.7647058823529411
train,fixed_300_no_overlap,MACROGENICSINC_08_02_2013-EX-10-COLLABORATION AGREEMENT,25333,85,51,43,0.8431372549019608
train,fixed_300_no_overlap,GSVINC_05_15_1998-EX-10-SPONSORSHIP AGREEMENT,5880,20,22,18,0.8181818181818182
train,fixed_300_no_overlap,MorganStanleyDirectLendingFund_20191119_10-12GA_EX-10.5_11898508_EX-10.5_Trademark License Agreement,2438,9,27,24,0.8888888888888888
train,fixed_300_no_overlap,ELANDIAINTERNATIONALINC_04_25_2007-EX-10.21-Outsourcing Agreement,12396,42,25,24,0.96
train,fixed_300_no_overlap,PareteumCorp_20081001_8-K_EX-99.1_2654808_EX-99.1_Hosting Agreement,10213,35,23,18,0.782608695652174
train,fixed_300_no_overlap,PhasebioPharmaceuticalsInc_20200330_10-K_EX-10.21_12086810_EX-10.21_Development Agreement,45650,153,88,69,0.7840909090909091
train,fixed_300_no_overlap,"KUBIENT,INC_07_02_2020-EX-10.14-MASTER SERVICES AGREEMENT_Part2",1185,4,13,11,0.8461538461538461
train,fixed_300_no_overlap,EdietsComInc_20001030_10QSB_EX-10.4_2606646_EX-10.4_Co-Branding Agreement,9075,31,48,43,0.8958333333333334
train,fixed_300_no_overlap,LECLANCHÉ S.A. - JOINT DEVELOPMENT AND MARKETING AGREEMENT,3207,11,19,18,0.9473684210526315
train,fixed_300_no_overlap,CardlyticsInc_20180112_S-1_EX-10.16_11002987_EX-10.16_Maintenance Agreement4,756,3,12,11,0.9166666666666666
train,fixed_300_no_overlap,TomOnlineInc_20060501_20-F_EX-4.46_749700_EX-4.46_Co-Branding Agreement,17487,59,56,42,0.75
train,fixed_300_no_overlap,"CERES,INC_01_25_2012-EX-10.20-Collaboration Agreement",45577,152,66,57,0.8636363636363636
train,fixed_300_no_overlap,"INTERSECTENT,INC_05_11_2020-EX-10.1-SUPPLY AGREEMENT",5973,20,18,16,0.8888888888888888
train,fixed_300_no_overlap,"TRANSPHORM,INC_02_14_2020-EX-10.12(1)-JOINT VENTURE AGREEMENT",15468,52,35,28,0.8
train,fixed_300_no_overlap,EuromediaHoldingsCorp_20070215_10SB12G_EX-10.B(01)_525118_EX-10.B(01)_Content License Agreement,4580,16,30,27,0.9
train,fixed_300_no_overlap,"Sonos, Inc. - Manufacturing Agreement ",17177,58,53,44,0.8301886792452831
train,fixed_300_no_overlap,"ASHWORTHINC_01_29_1999-EX-10.(D)-PROMOTION AGREEMENT AND NANTZ COMMUNICATIONS, INC.",3589,12,27,24,0.8888888888888888
train,fixed_300_no_overlap,LIGHTBRIDGECORP_11_23_2015-EX-10.26-STRATEGIC ALLIANCE AGREEMENT,3023,11,11,11,1.0
train,fixed_300_no_overlap,"XLITECHNOLOGIES,INC_12_02_2015-EX-10.02-STRATEGIC ALLIANCE AGREEMENT",875,3,9,8,0.8888888888888888
train,fixed_300_no_overlap,HYPERIONSOFTWARECORP_09_28_1994-EX-10.47-EXCLUSIVE DISTRIBUTOR AGREEMENT,5290,18,30,25,0.8333333333333334
train,fixed_300_no_overlap,BUFFALOWILDWINGSINC_06_05_1998-EX-10.3-FRANCHISE AGREEMENT,23663,79,86,70,0.813953488372093
train,fixed_300_no_overlap,ReynoldsConsumerProductsInc_20200121_S-1A_EX-10.22_11948918_EX-10.22_Service Agreement,17207,58,26,22,0.8461538461538461
train,fixed_300_no_overlap,"GWG HOLDINGS, INC. - ORDERLY MARKETING AGREEMENT",4177,14,12,12,1.0
train,fixed_300_no_overlap,BLACKROCKMUNIHOLDINGSINVESTMENTQUALITYFUND_04_07_2020-EX-99.01-JOINT FILING AGREEMENT,201,1,6,6,1.0
train,fixed_300_no_overlap,ALLISONTRANSMISSIONHOLDINGSINC_12_15_2014-EX-99.1-COOPERATION AGREEMENT,5202,18,18,14,0.7777777777777778
train,fixed_300_no_overlap,WARNINGMANAGEMENTSERVICESINC_12_10_1999-EX-10-ENDORSEMENT AGREEMENT,4602,16,32,26,0.8125
train,fixed_300_no_overlap,LinkPlusCorp_20050802_8-K_EX-10_3240252_EX-10_Affiliate Agreement,2899,10,32,28,0.875
train,fixed_300_no_overlap,SMITHELECTRICVEHICLESCORP_04_04_2012-EX-10.26-FLEET MAINTENANCE AGREEMENT,13201,45,29,25,0.8620689655172413
train,fixed_300_no_overlap,CHINARECYCLINGENERGYCORP_11_14_2013-EX-10.6-Cooperation Agreement,2664,9,13,13,1.0
train,fixed_300_no_overlap,"KUBIENT,INC_07_02_2020-EX-10.14-MASTER SERVICES AGREEMENT_Part1",4014,14,20,17,0.85
train,fixed_300_no_overlap,NeoformaInc_19991202_S-1A_EX-10.26_5224521_EX-10.26_Co-Branding Agreement,13370,45,70,63,0.9
train,fixed_300_no_overlap,AULAMERICANUNITTRUST_04_24_2020-EX-99.8.77-SERVICING AGREEMENT,5607,19,16,16,1.0
train,fixed_300_no_overlap,VIOLINMEMORYINC_12_12_2012-EX-10.14-SPONSORSHIP AGREEMENT,8499,29,30,26,0.8666666666666667
train,fixed_300_no_overlap,RaeSystemsInc_20001114_10-Q_EX-10.57_2631790_EX-10.57_Co-Branding Agreement,5582,19,29,26,0.896551724137931
train,fixed_300_no_overlap,QBIOMEDINC_04_08_2020-EX-99.1-JOINT FILING AGREEMENT,429,2,13,13,1.0
train,fixed_300_no_overlap,ZogenixInc_20190509_10-Q_EX-10.2_11663313_EX-10.2_Distributor Agreement,26626,89,70,54,0.7714285714285715
train,fixed_300_no_overlap,LeadersonlineInc_20000427_S-1A_EX-10.8_4991089_EX-10.8_Co-Branding Agreement,8078,27,44,36,0.8181818181818182
train,fixed_300_no_overlap,ArcaUsTreasuryFund_20200207_N-2_EX-99.K5_11971930_EX-99.K5_Development Agreement,2316,8,12,12,1.0
train,fixed_300_no_overlap,BIOAMBERINC_04_10_2013-EX-10.34-DEVELOPMENT AGREEMENT - First Amendment,940,4,7,7,1.0
train,fixed_300_no_overlap,"XACCT Technologies, Inc.SUPPORT AND MAINTENANCE AGREEMENT",1796,6,14,11,0.7857142857142857
train,fixed_300_no_overlap,CHANGEPOINTCORP_03_08_2000-EX-10.6-LICENSE AND HOSTING AGREEMENT,18806,63,82,67,0.8170731707317073
train,fixed_300_no_overlap,Apollo Endosurgery - Manufacturing and Supply Agreement,7248,25,24,20,0.8333333333333334
train,fixed_300_no_overlap,"MJBIOTECH,INC_12_06_2018-EX-99.01-JOINT VENTURE AGREEMENT",3709,13,22,21,0.9545454545454546
train,fixed_300_no_overlap,IDREAMSKYTECHNOLOGYLTD_07_03_2014-EX-10.39-Cooperation Agreement on Mobile Game Business,12072,41,26,22,0.8461538461538461
train,fixed_300_no_overlap,"CANOPETROLEUM,INC_12_13_2007-EX-10.1-Sponsorship Agreement",1449,5,14,13,0.9285714285714286
train,fixed_300_no_overlap,"HOSPITALITYINVESTORSTRUST,INC_04_07_2014-EX-10.26-FRANCHISE AGREEMENT",23061,77,49,41,0.8367346938775511
train,fixed_300_no_overlap,FulucaiProductionsLtd_20131223_10-Q_EX-10.9_8368347_EX-10.9_Content License Agreement,2804,10,28,25,0.8928571428571429
train,fixed_300_no_overlap,MPLXLP_06_17_2015-EX-10.1-TRANSPORTATION SERVICES AGREEMENT,8966,30,30,28,0.9333333333333333
train,fixed_300_no_overlap,LOGANSROADHOUSEINC_03_27_1998-EX-10.17-SPONSORSHIP AGREEMENT,2865,10,19,18,0.9473684210526315
train,fixed_300_no_overlap,FuelcellEnergyInc_20191106_8-K_EX-10.1_11868007_EX-10.1_Development Agreement,15880,53,60,50,0.8333333333333334
train,fixed_300_no_overlap,"THERAVANCEBIOPHARMA,INC_05_08_2020-EX-10.2-SERVICE AGREEMENT",5294,18,16,15,0.9375
train,fixed_300_no_overlap,DYNAMEXINC_06_06_1996-EX-10.4-TRANSPORTATION SERVICES AGREEMENT,6760,23,33,30,0.9090909090909091
train,fixed_300_no_overlap,ULTRAGENYXPHARMACEUTICALINC_12_23_2013-EX-10.9-SUPPLY AGREEMENT,2274,8,16,14,0.875
train,fixed_300_no_overlap,"NETGEAR,INC_04_21_2003-EX-10.16- AMENDMENT #2 TO THE DISTRIBUTION AGREEMENT",555,2,6,6,1.0
train,fixed_300_no_overlap,SFGFINANCIALCORP_05_12_2009-EX-10.1-SOFTWARE LICENSE AND MAINTENANCE AGREEMENT,7749,26,32,26,0.8125
train,fixed_300_no_overlap,"VAXCYTE,INC_05_22_2020-EX-10.19-SUPPLY AGREEMENT",15227,51,29,22,0.7586206896551724
train,fixed_300_no_overlap,"OTISWORLDWIDECORP_04_03_2020-EX-10.4-INTELLECTUAL PROPERTY AGREEMENT by and among UNITED TECHNOLOGIES CORPORATION, OTIS WORLDWIDE CORPORATION and CARRIER ~1",9672,33,32,25,0.78125
train,fixed_300_no_overlap,"GIGGLESN_HUGS,INC_06_23_2016-EX-10.2-STRATEGIC ALLIANCE AGREEMENT",3430,12,19,17,0.8947368421052632
train,fixed_300_no_overlap,ExactSciencesCorp_20180822_8-K_EX-10.1_11331629_EX-10.1_Promotion Agreement,24685,83,43,34,0.7906976744186046
train,fixed_300_no_overlap,GlobalTechnologiesGroupInc_20050928_10KSB_EX-10.9_4148808_EX-10.9_Content License Agreement,5899,20,18,17,0.9444444444444444
train,fixed_300_no_overlap,HertzGroupRealtyTrustInc_20190920_S-11A_EX-10.8_11816941_EX-10.8_Trademark License Agreement,2236,8,15,15,1.0
train,fixed_300_no_overlap,QuantumGroupIncFl_20090120_8-K_EX-99.2_3672910_EX-99.2_Hosting Agreement,17414,59,32,29,0.90625
train,fixed_300_no_overlap,"PHREESIA,INC_05_28_2019-EX-10.18-STRATEGIC ALLIANCE AGREEMENT",17703,60,51,46,0.9019607843137255
train,fixed_300_no_overlap,"Array BioPharma Inc. - LICENSE, DEVELOPMENT AND COMMERCIALIZATION AGREEMENT",42742,143,65,49,0.7538461538461538
train,fixed_300_no_overlap,MERCATAINC_03_09_2000-EX-10.21-SPONSORSHIP AGREEMENT,3224,11,12,11,0.9166666666666666
train,fixed_300_no_overlap,"MEDALISTDIVERSIFIEDREIT,INC_05_18_2020-EX-10.1-CONSULTING AGREEMENT",3724,13,34,30,0.8823529411764706
train,fixed_300_no_overlap,"FOUNDATIONMEDICINE,INC_02_02_2015-EX-10.2-Collaboration Agreement",26407,89,75,63,0.84
train,fixed_300_no_overlap,RevolutionMedicinesInc_20200117_S-1_EX-10.1_11948417_EX-10.1_Development Agreement,40936,137,90,65,0.7222222222222222
train,fixed_300_no_overlap,"ETELOS,INC_03_09_2004-EX-10.8-DISTRIBUTOR AGREEMENT",3863,13,25,22,0.88
train,fixed_300_no_overlap,LifewayFoodsInc_20160316_10-K_EX-10.24_9489766_EX-10.24_Endorsement Agreement,1656,6,16,15,0.9375
train,fixed_300_no_overlap,"LEGACYTECHNOLOGYHOLDINGS,INC_12_09_2005-EX-10.2-DISTRIBUTOR AGREEMENT",1937,7,23,22,0.9565217391304348
train,fixed_300_no_overlap,DeltathreeInc_19991102_S-1A_EX-10.19_6227850_EX-10.19_Co-Branding Agreement_ Service Agreement,4070,14,17,16,0.9411764705882353
train,fixed_300_no_overlap,"SPRINGBANKPHARMACEUTICALS,INC_04_08_2020-EX-99.A-JOINT FILING AGREEMENT",246,1,6,6,1.0
train,fixed_300_no_overlap,ImineCorp_20180725_S-1_EX-10.5_11275970_EX-10.5_Distributor Agreement,5369,18,23,22,0.9565217391304348
train,fixed_300_no_overlap,CCAINDUSTRIESINC_04_14_2014-EX-10.1-OUTSOURCING AGREEMENT,4889,17,27,23,0.8518518518518519
train,fixed_300_no_overlap,Microgenics Corporation - Collaborative Development and Commercialization Agreement,28415,95,54,46,0.8518518518518519
train,fixed_300_no_overlap,VgrabCommunicationsInc_20200129_10-K_EX-10.33_11958828_EX-10.33_Development Agreement,2297,8,13,11,0.8461538461538461
train,fixed_300_no_overlap,AIRTECHINTERNATIONALGROUPINC_05_08_2000-EX-10.4-FRANCHISE AGREEMENT,11368,38,42,36,0.8571428571428571
train,fixed_300_no_overlap,IMMUNOMEDICSINC_08_07_2019-EX-10.1-PROMOTION AGREEMENT,24022,81,36,32,0.8888888888888888
train,fixed_300_no_overlap,BravatekSolutionsInc_20170418_8-K_EX-10.1_10205739_EX-10.1_Reseller Agreement,2384,8,17,14,0.8235294117647058
train,fixed_300_no_overlap,SPORTHALEYINC_09_29_1997-EX-10.2-10-ENDORSEMENT AGREEMENT,1537,6,21,19,0.9047619047619048
train,fixed_300_no_overlap,XENCORINC_10_25_2013-EX-10.24-COLLABORATION AGREEMENT (3),20117,68,66,54,0.8181818181818182
train,fixed_300_no_overlap,NETGROCERINC_07_31_1998-EX-10.15-SPONSORSHIP AGREEMENT,5206,18,26,23,0.8846153846153846
train,fixed_300_no_overlap,CoherusBiosciencesInc_20200227_10-K_EX-10.29_12021376_EX-10.29_Development Agreement,21991,74,56,41,0.7321428571428571
train,fixed_300_no_overlap,DIVERSINETCORP_03_01_2012-EX-4-RESELLER AGREEMENT,11296,38,43,35,0.813953488372093
train,fixed_300_no_overlap,NmfSlfIInc_20200115_10-12GA_EX-10.5_11946987_EX-10.5_Trademark License Agreement,2694,9,25,24,0.96
train,fixed_300_no_overlap,KALLOINC_11_03_2011-EX-10.1-STRATEGIC ALLIANCE AGREEMENT,11172,38,34,33,0.9705882352941176
train,fixed_300_no_overlap,MOSSIMOINC_04_14_2000-EX-10.14-ENDORSEMENT AGREEMENT,3480,12,28,25,0.8928571428571429
train,fixed_300_no_overlap,FEDERATEDGOVERNMENTINCOMESECURITIESINC_04_28_2020-EX-99.SERV AGREE-SERVICES AGREEMENT_AMENDMENT,564,2,8,8,1.0
train,fixed_300_no_overlap,RandWorldwideInc_20010402_8-KA_EX-10.2_2102464_EX-10.2_Co-Branding Agreement,6718,23,34,33,0.9705882352941176
train,fixed_300_no_overlap,GOLDRESOURCECORP_12_11_2008-EX-10.1-STRATEGIC ALLIANCE AGREEMENT,8786,30,36,29,0.8055555555555556
train,fixed_300_no_overlap,"Loop Industries, Inc. - Marketing Agreement",5244,18,19,18,0.9473684210526315
train,fixed_300_no_overlap,BloomEnergyCorp_20180321_DRSA (on S-1)_EX-10_11240356_EX-10_Maintenance Agreement,16116,54,36,30,0.8333333333333334
train,fixed_300_no_overlap,AudibleInc_20001113_10-Q_EX-10.32_2599586_EX-10.32_Co-Branding Agreement_ Marketing Agreement_ Investment Distribution Agreement,11211,38,47,38,0.8085106382978723
train,fixed_300_no_overlap,HOLIDAYRVSUPERSTORESINC_04_15_2002-EX-10.13-ENDORSEMENT AGREEMENT,2189,8,17,17,1.0
train,fixed_300_no_overlap,NeuroboPharmaceuticalsInc_20190903_S-4_EX-10.36_11802165_EX-10.36_Manufacturing Agreement_ Supply Agreement,3094,11,11,9,0.8181818181818182
train,fixed_300_no_overlap,SONUSCORP_03_12_1997-EX-10.11-SPONSORSHIP AGREEMENT,3891,13,10,10,1.0
train,fixed_300_no_overlap,RangeResourcesLouisianaInc_20150417_8-K_EX-10.5_9045501_EX-10.5_Transportation Agreement,15659,53,21,15,0.7142857142857143
train,fixed_300_no_overlap,CHAPARRALRESOURCESINC_03_30_2000-EX-10.66-TRANSPORTATION CONTRACT,3865,13,17,16,0.9411764705882353
train,fixed_300_no_overlap,AURASYSTEMSINC_06_16_2010-EX-10.25-STRATEGIC ALLIANCE AGREEMENT,6938,24,44,35,0.7954545454545454
train,fixed_300_no_overlap,IpassInc_20181203_8-K_EX-99.1_11445874_EX-99.1_Reseller Agreement,11394,38,30,29,0.9666666666666667
train,fixed_300_no_overlap,VERSOTECHNOLOGIESINC_12_28_2007-EX-99.3-INTELLECTUAL PROPERTY AGREEMENT,739,3,8,7,0.875
train,fixed_300_no_overlap,EhaveInc_20190515_20-F_EX-4.44_11678816_EX-4.44_License Agreement_ Reseller Agreement,13634,46,62,53,0.8548387096774194
train,fixed_300_no_overlap,"UNITEDNATIONALBANCORP_03_03_1999-EX-99-Outsourcing Agreement with the BISYS Group, Inc.",279,1,7,7,1.0
train,fixed_300_no_overlap,VirtuosoSurgicalInc_20191227_1-A_EX1A-6 MAT CTRCT_11933379_EX1A-6 MAT CTRCT_License Agreement,5675,19,37,33,0.8918918918918919
train,fixed_300_no_overlap,"ROCKYMOUNTAINCHOCOLATEFACTORY,INC_12_23_2019-EX-10.2-STRATEGIC ALLIANCE AGREEMENT",19420,65,34,28,0.8235294117647058
train,fixed_300_no_overlap,VITAMINSHOPPECOMINC_09_13_1999-EX-10.26-SPONSORSHIP AGREEMENT,8223,28,16,13,0.8125
train,fixed_300_no_overlap,"SOLUTIONSVENDINGINTERNATIONAL,INC_03_31_2020-EX1A-1 UNDR AGMT-SERVICES AGREEMENT",1122,4,9,9,1.0
train,fixed_300_no_overlap,InnerscopeHearingTechnologiesInc_20181109_8-K_EX-10.6_11419704_EX-10.6_Distributor Agreement,3360,12,27,26,0.9629629629629629
train,fixed_300_no_overlap,SmartRxSystemsInc_20180914_1-A_EX1A-6 MAT CTRCT_11351705_EX1A-6 MAT CTRCT_Distributor Agreement,6123,21,25,22,0.88
train,fixed_300_no_overlap,BIOFRONTERAAG_04_29_2019-EX-4.17-SUPPLY AGREEMENT,9771,33,27,24,0.8888888888888888
train,fixed_300_no_overlap,"CORALGOLDRESOURCES,LTD_05_28_2020-EX-4.1-CONSULTING AGREEMENT",4730,16,20,19,0.95
train,fixed_300_no_overlap,Cerus Corporation - FIRST AMEND TO SUPPLY AND MANUFACTURING AGREEMENT,1796,6,7,7,1.0
train,fixed_300_no_overlap,OLDAPIWIND-DOWNLTD_01_08_2016-EX-1.3-AGENCY AGREEMENT2,630,3,8,8,1.0
train,fixed_300_no_overlap,ATENTOSA_07_06_2020-EX-99.1-JOINT FILING AGREEMENT,357,2,12,12,1.0
train,fixed_300_no_overlap,HealthcentralCom_19991108_S-1A_EX-10.27_6623292_EX-10.27_Co-Branding Agreement,6492,22,34,27,0.7941176470588235
train,fixed_300_no_overlap,GAINSCOINC_01_21_2010-EX-10.41-SPONSORSHIP AGREEMENT,2452,9,26,21,0.8076923076923077
train,fixed_300_no_overlap,"TURNKEYCAPITAL,INC_07_20_2017-EX-1.1-Strategic Alliance Agreement",1988,7,12,12,1.0
train,fixed_300_no_overlap,IVILLAGEINC_03_17_1999-EX-10.16-SPONSORSHIP AGREEMENT,3407,12,26,21,0.8076923076923077
train,fixed_300_no_overlap,"IPAYMENT,INC_05_14_2007-EX-10.1-SPONSORSHIP AGREEMENT",14652,49,34,29,0.8529411764705882
train,fixed_300_no_overlap,RISEEDUCATIONCAYMANLTD_04_17_2020-EX-4.23-SERVICE AGREEMENT,2394,8,13,12,0.9230769230769231
train,fixed_300_no_overlap,STARTECGLOBALCOMMUNICATIONSCORP_11_16_1998-EX-10.30-CONSTRUCTION AND MAINTENANCE AGREEMENT,14551,49,74,70,0.9459459459459459
train,fixed_300_no_overlap,LejuHoldingsLtd_20140121_DRS (on F-1)_EX-10.26_8473102_EX-10.26_Content License Agreement2,327,2,7,7,1.0
train,fixed_300_no_overlap,FIBROGENINC_10_01_2014-EX-10.11-COLLABORATION AGREEMENT,24526,82,51,41,0.803921568627451
train,fixed_300_no_overlap,"KNOWLABS,INC_08_15_2005-EX-10-INTELLECTUAL PROPERTY AGREEMENT",1970,7,16,15,0.9375
train,fixed_300_no_overlap,UAGHINC_04_14_2004-EX-10.18-MAINTENANCE AGREEMENT,2676,9,19,17,0.8947368421052632
train,fixed_300_no_overlap,"ARMSTRONGFLOORING,INC_01_07_2019-EX-10.2-INTELLECTUAL PROPERTY AGREEMENT",10349,35,49,42,0.8571428571428571
train,fixed_300_no_overlap,VitalibisInc_20180316_8-K_EX-10.2_11100168_EX-10.2_Hosting Agreement,7045,24,29,26,0.896551724137931
train,fixed_300_no_overlap,HEALTHGATEDATACORP_11_24_1999-EX-10.1-HOSTING AND MANAGEMENT AGREEMENT - Escrow Agreement,4201,15,15,13,0.8666666666666667
train,fixed_300_no_overlap,BNLFINANCIALCORP_03_30_2007-EX-10.8-OUTSOURCING AGREEMENT,6470,22,27,25,0.9259259259259259
train,fixed_300_no_overlap,"IOVANCEBIOTHERAPEUTICS,INC_08_03_2017-EX-10.1-STRATEGIC ALLIANCE AGREEMENT",10693,36,27,22,0.8148148148148148
train,fixed_300_no_overlap,NEONSYSTEMSINC_03_01_1999-EX-10.5-DISTRIBUTOR AGREEMENT_New,8888,30,40,36,0.9
train,fixed_300_no_overlap,TELKOMSALTD_01_30_2003-EX-10-LICENCE AND MAINTENANCE AGREEMENT,16176,54,49,45,0.9183673469387755
train,fixed_300_no_overlap,"FIDELITYNATIONALINFORMATIONSERVICES,INC_08_05_2009-EX-10.3-INTELLECTUAL PROPERTY AGREEMENT",19341,65,70,44,0.6285714285714286
train,fixed_300_no_overlap,TRUENORTHENERGYCORP_02_08_2007-EX-10.1-DEVELOPMENT AGREEMENT,6961,24,19,16,0.8421052631578947
train,fixed_300_no_overlap,GentechHoldingsInc_20190808_1-A_EX1A-6 MAT CTRCT_11776814_EX1A-6 MAT CTRCT_Distributor Agreement,4097,14,24,20,0.8333333333333334
train,fixed_300_no_overlap,TICKETSCOMINC_06_22_1999-EX-10.22-SPONSORSHIP AGREEMENT,1155,4,16,14,0.875
train,fixed_300_no_overlap,"ADMA BioManufacturing, LLC -  Amendment #3 to Manufacturing Agreement ",2478,9,16,14,0.875
train,fixed_300_no_overlap,OFGBANCORP_03_28_2007-EX-10.23-OUTSOURCING AGREEMENT,24004,81,44,36,0.8181818181818182
train,fixed_300_no_overlap,"DUOSTECHNOLOGIESGROUP,INC_04_21_2009-EX-10.1-STRATEGIC ALLIANCE AGREEMENT",7148,24,38,31,0.8157894736842105
train,fixed_300_no_overlap,OLDAPIWIND-DOWNLTD_01_08_2016-EX-1.3-AGENCY AGREEMENT1,15521,52,16,14,0.875
train,fixed_300_no_overlap,"ADIANUTRITION,INC_04_01_2005-EX-10.D2-RESELLER AGREEMENT",4051,14,22,22,1.0
train,fixed_300_no_overlap,"ATHENSBANCSHARESCORP_11_02_2009-EX-1.2-AGENCY AGREEMENT , 2009",23419,79,16,14,0.875
train,fixed_300_no_overlap,SoupmanInc_20150814_8-K_EX-10.1_9230148_EX-10.1_Franchise Agreement3,438,2,2,2,1.0
train,fixed_300_no_overlap,MOVADOGROUPINC_04_30_2003-EX-10.28-ENDORSEMENT AGREEMENT,2710,10,9,9,1.0
train,fixed_300_no_overlap,StaarSurgicalCompany_20180801_10-Q_EX-10.37_11289449_EX-10.37_Distributor Agreement,7649,26,38,34,0.8947368421052632
train,fixed_300_no_overlap,EmeraldHealthBioceuticalsInc_20200218_1-A_EX1A-6 MAT CTRCT_11987205_EX1A-6 MAT CTRCT_Development Agreement,2606,9,20,18,0.9
train,fixed_300_no_overlap,STAMPSCOMINC_06_24_1999-EX-10.18-SPONSORSHIP AGREEMENT,5496,19,32,30,0.9375
train,fixed_300_no_overlap,BEYONDCOMCORP_08_03_2000-EX-10.2-CO-HOSTING AGREEMENT,7991,27,33,32,0.9696969696969697
train,fixed_300_no_overlap,CHEETAHMOBILEINC_04_22_2014-EX-10.43-Cooperation Agreement,6230,21,23,20,0.8695652173913043
train,fixed_300_no_overlap,ClickstreamCorp_20200330_1-A_EX1A-6 MAT CTRCT_12089935_EX1A-6 MAT CTRCT_Development Agreement,5445,19,24,22,0.9166666666666666
train,fixed_300_no_overlap,NEOMEDIATECHNOLOGIESINC_12_15_2005-EX-16.1-DISTRIBUTOR AGREEMENT,4973,17,29,28,0.9655172413793104
train,fixed_300_no_overlap,"ADUROBIOTECH,INC_06_02_2020-EX-10.7-CONSULTING AGREEMENT(1)",1850,7,16,15,0.9375
train,fixed_300_no_overlap,LejuHoldingsLtd_20140121_DRS (on F-1)_EX-10.26_8473102_EX-10.26_Content License Agreement1,7198,24,22,18,0.8181818181818182
train,fixed_300_no_overlap,"VISIUMTECHNOLOGIES,INC_10_20_2004-EX-10.20-DISTRIBUTOR AGREEMENT",7706,26,42,38,0.9047619047619048
train,fixed_300_no_overlap,"INNOVIVA,INC_08_07_2014-EX-10.1-COLLABORATION AGREEMENT",28937,97,52,43,0.8269230769230769
train,fixed_300_no_overlap,SoupmanInc_20150814_8-K_EX-10.1_9230148_EX-10.1_Franchise Agreement2,844,3,5,5,1.0
train,fixed_300_no_overlap,"ADUROBIOTECH,INC_06_02_2020-EX-10.7-CONSULTING AGREEMENT",1850,7,14,13,0.9285714285714286
train,fixed_300_no_overlap,CybergyHoldingsInc_20140520_10-Q_EX-10.27_8605784_EX-10.27_Affiliate Agreement,5326,18,26,26,1.0
train,fixed_300_no_overlap,MANAKOASERVICESCORP_11_21_2007-EX-7.5-STRATEGIC ALLIANCE AGREEMENT,2355,8,14,14,1.0
train,fixed_300_no_overlap,FLOTEKINDUSTRIESINCCN_05_09_2019-EX-10.1-SUPPLY AGREEMENT,3037,11,19,18,0.9473684210526315
train,fixed_300_no_overlap,EUROPEANMICROHOLDINGSINC_03_06_1998-EX-10.6-DISTRIBUTOR AGREEMENT,7939,27,38,32,0.8421052631578947
train,fixed_300_no_overlap,KitovPharmaLtd_20190326_20-F_EX-4.15_11584449_EX-4.15_Manufacturing Agreement,8964,30,36,34,0.9444444444444444
train,fixed_300_no_overlap,BellringBrandsInc_20190920_S-1_EX-10.12_11817081_EX-10.12_Manufacturing Agreement3,1240,5,10,10,1.0
train,fixed_300_no_overlap,GOCALLINC_03_30_2000-EX-10.7-Promotion Agreement,2983,10,18,15,0.8333333333333334
train,fixed_300_no_overlap,LEJUHOLDINGSLTD_03_12_2014-EX-10.34-INTERNET CHANNEL COOPERATION AGREEMENT,5930,20,20,18,0.9
train,fixed_300_no_overlap,BLACKSTONEGSOLONG-SHORTCREDITINCOMEFUND_05_11_2020-EX-99.(K)(1)-SERVICE AGREEMENT,8073,27,17,14,0.8235294117647058
train,fixed_300_no_overlap,"MEETGROUP,INC_06_29_2017-EX-10.1-COOPERATION AGREEMENT",9394,32,15,13,0.8666666666666667
train,fixed_300_no_overlap,GluMobileInc_20070319_S-1A_EX-10.09_436630_EX-10.09_Content License Agreement3,545,2,10,10,1.0
train,fixed_300_no_overlap,ADAPTIMMUNETHERAPEUTICSPLC_04_06_2017-EX-10.11-STRATEGIC ALLIANCE AGREEMENT,15471,52,56,51,0.9107142857142857
train,fixed_300_no_overlap,ENTRUSTINC_07_24_1998-EX-10.5-STRATEGIC ALLIANCE AGREEMENT,5893,20,39,35,0.8974358974358975
train,fixed_300_no_overlap,SYKESHEALTHPLANSERVICESINC_04_24_1998-EX-10.14-OUTSOURCING AGREEMENT,1876,7,18,15,0.8333333333333334
train,fixed_300_no_overlap,NATIONALPROCESSINGINC_07_18_1996-EX-10.4-SPONSORSHIP AGREEMENT,4359,15,14,12,0.8571428571428571
train,fixed_300_no_overlap,SimplicityEsportsGamingCompany_20181130_8-K_EX-10.1_11444071_EX-10.1_Franchise Agreement,4347,15,27,23,0.8518518518518519
train,fixed_300_no_overlap,QIWI_06_16_2017-EX-99.(D)(2)-COOPERATION AGREEMENT,4170,14,16,12,0.75
train,fixed_300_no_overlap,RemarkHoldingsInc_20081114_10-Q_EX-10.24_2895649_EX-10.24_Content License Agreement,9178,31,54,50,0.9259259259259259
train,fixed_300_no_overlap,CnsPharmaceuticalsInc_20200326_8-K_EX-10.1_12079626_EX-10.1_Development Agreement,3260,11,14,14,1.0
train,fixed_300_no_overlap,GluMobileInc_20070319_S-1A_EX-10.09_436630_EX-10.09_Content License Agreement2,1853,7,25,23,0.92
train,fixed_300_no_overlap,"BLUEHILLSBANCORP,INC_05_20_2014-EX-1.1-AGENCY AGREEMENT",21046,71,22,19,0.8636363636363636
train,fixed_300_no_overlap,GarrettMotionInc_20181001_8-K_EX-2.4_11364532_EX-2.4_Intellectual Property Agreement,8757,30,33,24,0.7272727272727273
train,fixed_300_no_overlap,TheglobeComInc_19990503_S-1A_EX-10.20_5416126_EX-10.20_Co-Branding Agreement,6614,23,35,33,0.9428571428571428
train,fixed_300_no_overlap,EmbarkComInc_19991008_S-1A_EX-10.10_6487661_EX-10.10_Co-Branding Agreement,5039,17,22,18,0.8181818181818182
train,fixed_300_no_overlap,TRANSMONTAIGNEPARTNERSLLC_03_13_2020-EX-10.9-SERVICES AGREEMENT,880,3,12,12,1.0
train,fixed_300_no_overlap,"COOLTECHNOLOGIES,INC_10_25_2017-EX-10.71-Strategic Alliance Agreement",2154,8,14,12,0.8571428571428571
train,fixed_300_no_overlap,ALLIANCEBANCORPINCOFPENNSYLVANIA_10_18_2006-EX-1.2-AGENCY AGREEMENT,20957,70,24,24,1.0
train,fixed_300_no_overlap,XpresspaGroupInc_20190401_10-K_EX-10.28_11599457_EX-10.28_Marketing Agreement,8460,29,49,40,0.8163265306122449
train,fixed_300_no_overlap,BellringBrandsInc_20190920_S-1_EX-10.12_11817081_EX-10.12_Manufacturing Agreement2,344,2,9,9,1.0
train,fixed_300_no_overlap,IdeanomicsInc_20160330_10-K_EX-10.26_9512211_EX-10.26_Content License Agreement,6321,22,28,24,0.8571428571428571
train,fixed_300_no_overlap,BIOAMBERINC_04_10_2013-EX-10.34-DEVELOPMENT AGREEMENT (1),5818,20,30,25,0.8333333333333334
train,fixed_300_no_overlap,PrudentialBancorpInc_20170606_8-K_EX-10.4_10474434_EX-10.4_Endorsement Agreement,2264,8,12,11,0.9166666666666666
train,fixed_300_no_overlap,"BERKELEYLIGHTS,INC_06_26_2020-EX-10.12-COLLABORATION AGREEMENT",32708,110,89,65,0.7303370786516854
train,fixed_300_no_overlap,UnionDentalHoldingsInc_20050204_8-KA_EX-10_3345577_EX-10_Affiliate Agreement,1850,7,11,11,1.0
train,fixed_300_no_overlap,WOMENSGOLFUNLIMITEDINC_03_29_2000-EX-10.13-ENDORSEMENT AGREEMENT - Intellectual Property Rights                 Confidentiality and Non-Use Obligations Agreement,940,4,7,7,1.0
train,fixed_300_no_overlap,SPHERE3DCORP_06_24_2020-EX-10.12-CONSULTING AGREEMENT,1897,7,12,12,1.0
train,fixed_300_no_overlap,ENTERPRISEPRODUCTSPARTNERSLP_07_08_1998-EX-10.3-TRANSPORTATION CONTRACT,11141,38,36,29,0.8055555555555556
train,fixed_300_no_overlap,HerImports_20161018_8-KA_EX-10.14_9765707_EX-10.14_Maintenance Agreement,1595,6,8,7,0.875
train,fixed_300_no_overlap,PROLONGINTERNATIONALCORP_03_23_1998-EX-10.16-SPONSORSHIP AGREEMENT,2180,8,11,11,1.0
train,fixed_300_no_overlap,DYNTEKINC_07_30_1999-EX-10-ONLINE HOSTING AGREEMENT,4009,14,20,19,0.95
train,fixed_300_no_overlap,ALAMOGORDOFINANCIALCORP_12_16_1999-EX-1-AGENCY AGREEMENT,18815,63,22,22,1.0
train,fixed_300_no_overlap,StampscomInc_20001114_10-Q_EX-10.47_2631630_EX-10.47_Co-Branding Agreement,11730,40,46,39,0.8478260869565217
train,fixed_300_no_overlap,InvendaCorp_20000828_S-1A_EX-10.2_2588206_EX-10.2_Co-Branding Agreement,14682,49,63,54,0.8571428571428571
train,fixed_300_no_overlap,WebmdHealthCorp_20050908_S-1A_EX-10.7_1027007_EX-10.7_Content License Agreement,2356,8,20,18,0.9
train,fixed_300_no_overlap,SANDRIDGEENERGYINC_08_06_2009-EX-10.6-OPERATIONS AND MAINTENANCE AGREEMENT,10964,37,34,30,0.8823529411764706
train,fixed_300_no_overlap,ON4COMMUNICATIONSINC_07_02_2009-EX-10.1-PROMOTION AGREEMENT,2349,8,13,12,0.9230769230769231
train,fixed_300_no_overlap,GluMobileInc_20070319_S-1A_EX-10.09_436630_EX-10.09_Content License Agreement1,17147,58,68,52,0.7647058823529411
train,fixed_300_no_overlap,BANUESTRAFINANCIALCORP_09_08_2006-EX-10.16-AGENCY AGREEMENT,7308,25,12,11,0.9166666666666666
train,fixed_300_no_overlap,ArtaraTherapeuticsInc_20200110_8-K_EX-10.5_11943350_EX-10.5_License Agreement,5818,20,28,26,0.9285714285714286
train,fixed_300_no_overlap,NlsPharmaceuticsLtd_20200228_F-1_EX-10.14_12029046_EX-10.14_Development Agreement,10546,36,29,23,0.7931034482758621
train,fixed_300_no_overlap,"VIRTUALSCOPICS,INC_11_12_2010-EX-10.1-STRATEGIC ALLIANCE AGREEMENT",7273,25,31,28,0.9032258064516129
train,fixed_300_no_overlap,BellringBrandsInc_20190920_S-1_EX-10.12_11817081_EX-10.12_Manufacturing Agreement1,6565,22,23,19,0.8260869565217391
train,fixed_300_no_overlap,BLUEFLYINC_03_27_2002-EX-10.27-e-business Hosting Agreement,5136,18,31,29,0.9354838709677419
train,fixed_300_no_overlap,ASIANDRAGONGROUPINC_08_11_2005-EX-10.5-Reseller Agreement,7018,24,20,17,0.85
train,fixed_300_no_overlap,MANUFACTURERSSERVICESLTD_06_05_2000-EX-10.14-OUTSOURCING AGREEMENT,41962,140,65,60,0.9230769230769231
train,fixed_300_no_overlap,LiquidmetalTechnologiesInc_20200205_8-K_EX-10.1_11968198_EX-10.1_Development Agreement,12529,42,56,48,0.8571428571428571
train,fixed_300_no_overlap,PlayboyEnterprisesInc_20090220_10-QA_EX-10.2_4091580_EX-10.2_Content License Agreement_ Marketing Agreement_ Sales-Purchase Agreement2,526,2,6,5,0.8333333333333334
train,fixed_300_no_overlap,ZtoExpressCaymanInc_20160930_F-1_EX-10.10_9752871_EX-10.10_Transportation Agreement,1468,5,12,12,1.0
train,fixed_300_no_overlap,2ThemartComInc_19990826_10-12G_EX-10.10_6700288_EX-10.10_Co-Branding Agreement_ Agency Agreement,4467,15,30,30,1.0
train,fixed_300_no_overlap,MOELIS_CO_03_24_2014-EX-10.19-STRATEGIC ALLIANCE AGREEMENT,18625,63,51,43,0.8431372549019608
train,fixed_300_no_overlap,XYBERNAUTCORP_07_12_2002-EX-4-SPONSORSHIP AGREEMENT,6661,23,17,17,1.0
train,fixed_300_no_overlap,"CARDAX,INC_08_19_2014-EX-10.1-COLLABORATION AGREEMENT",8586,29,23,21,0.9130434782608695
train,fixed_300_no_overlap,"MACY_S,INC_05_11_2020-EX-99.4-JOINT FILING AGREEMENT",216,1,5,5,1.0
train,fixed_300_no_overlap,TALCOTTRESOLUTIONLIFEINSURANCECO-SEPARATEACCOUNTTWELVE_04_30_2020-EX-99.8(L)-SERVICE AGREEMENT,4724,16,12,10,0.8333333333333334
train,fixed_300_no_overlap,ArmstrongFlooringInc_20190107_8-K_EX-10.2_11471795_EX-10.2_Intellectual Property Agreement,8284,28,51,46,0.9019607843137255
train,fixed_300_no_overlap,PFSFUNDS_06_26_2020-EX-99.H OTH MAT CONT-SERVICES AGREEMENT,2435,9,14,13,0.9285714285714286
train,fixed_300_no_overlap,WaterNowInc_20191120_10-Q_EX-10.12_11900227_EX-10.12_Distributor Agreement,7396,25,41,35,0.8536585365853658
train,fixed_300_no_overlap,MTITECHNOLOGYCORP_11_16_2004-EX-10.102-Reseller Agreement Premier Addendum,4685,16,18,14,0.7777777777777778
train,fixed_300_no_overlap,SCOUTCAMINC_05_12_2020-EX-10.22-SERVICES AGREEMENT,1305,5,18,16,0.8888888888888888
train,fixed_300_no_overlap,PharmagenInc_20120803_8-KA_EX-10.1_7693204_EX-10.1_Endorsement Agreement,2778,10,19,18,0.9473684210526315
train,fixed_300_no_overlap,DRKOOPCOMINC_04_21_1999-EX-10.28-SPONSORSHIP AGREEMENT,5546,19,18,15,0.8333333333333334
train,fixed_300_no_overlap,"VNUE,INC_07_10_2015-EX-10.1-SPONSORSHIP AGREEMENT",3207,11,18,15,0.8333333333333334
train,fixed_300_no_overlap,LegacyEducationAllianceInc_20141110_8-K_EX-10.9_8828866_EX-10.9_Endorsement Agreement,3149,11,19,18,0.9473684210526315
train,fixed_300_no_overlap,PcquoteComInc_19990721_S-1A_EX-10.11_6377149_EX-10.11_Co-Branding Agreement3,395,2,7,7,1.0
train,fixed_300_no_overlap,GluMobileInc_20070319_S-1A_EX-10.09_436630_EX-10.09_Content License Agreement4,291,1,8,8,1.0
train,fixed_300_no_overlap,"OPTIMIZEDTRANSPORTATIONMANAGEMENT,INC_07_26_2000-EX-6.6-DISTRIBUTOR AGREEMENT",1367,5,18,16,0.8888888888888888
train,fixed_300_no_overlap,IMAGEWARESYSTEMSINC_12_20_1999-EX-10.22-MAINTENANCE AGREEMENT,2925,10,16,15,0.9375
train,fixed_300_no_overlap,NakedBrandGroupInc_20150731_POS AM (on S-1)_EX-10.75_9196027_EX-10.75_Endorsement Agreement,7601,26,35,30,0.8571428571428571
train,fixed_300_no_overlap,ZONDWINDSYSTEMPARTNERSLTDSERIES85-B_04_03_2006-EX-10-MANAGEMENT AND MAINTENANCE AGREEMENT,1368,5,8,8,1.0
train,fixed_300_no_overlap,IbioInc_20200313_8-K_EX-10.1_12052678_EX-10.1_Development Agreement,4657,16,18,17,0.9444444444444444
train,fixed_300_no_overlap,BellringBrandsInc_20190920_S-1_EX-10.12_11817081_EX-10.12_Manufacturing Agreement4,258,1,8,8,1.0
train,fixed_300_no_overlap,ParatekPharmaceuticalsInc_20170505_10-KA_EX-10.29_10323872_EX-10.29_Outsourcing Agreement,17726,60,46,43,0.9347826086956522
train,fixed_300_no_overlap,JOINTCORP_09_19_2014-EX-10.15-FRANCHISE AGREEMENT,26623,89,86,70,0.813953488372093
train,fixed_300_no_overlap,VnueInc_20150914_8-K_EX-10.1_9259571_EX-10.1_Promotion Agreement,1634,6,12,12,1.0
train,fixed_300_no_overlap,NEXSTARFINANCEHOLDINGSINC_03_27_2002-EX-10.26-OUTSOURCING AGREEMENT,18265,61,25,19,0.76
train,fixed_300_no_overlap,SUNTRONCORP_05_17_2006-EX-10.22-MAINTENANCE AGREEMENT,4818,17,27,25,0.9259259259259259
train,fixed_300_no_overlap,"SPIENERGYCO,LTD_03_09_2011-EX-99.5-OPERATIONS AND MAINTENANCE AGREEMENT",8153,28,21,20,0.9523809523809523
train,fixed_300_no_overlap,SteelVaultCorp_20081224_10-K_EX-10.16_3074935_EX-10.16_Affiliate Agreement,2709,10,16,16,1.0
train,fixed_300_no_overlap,"KIROMICBIOPHARMA,INC_04_08_2020-EX-10.28-JOINT VENTURE AGREEMENT",5749,20,25,23,0.92
train,fixed_300_no_overlap,PlayboyEnterprisesInc_20090220_10-QA_EX-10.2_4091580_EX-10.2_Content License Agreement_ Marketing Agreement_ Sales-Purchase Agreement1,17994,60,70,60,0.8571428571428571
train,fixed_300_no_overlap,TubeMediaCorp_20060310_8-K_EX-10.1_513921_EX-10.1_Affiliate Agreement,10728,36,49,45,0.9183673469387755
train,fixed_300_no_overlap,"MARSHALLHOLDINGSINTERNATIONAL,INC_04_14_2004-EX-10.15-ENDORSEMENT AGREEMENT",1716,6,16,16,1.0
train,fixed_300_no_overlap,BLACKBOXSTOCKSINC_08_05_2014-EX-10.1-DISTRIBUTOR AGREEMENT,2706,10,21,20,0.9523809523809523
train,fixed_300_no_overlap,WARNERCHILCOTTPLC_12_31_2003-EX-4.36-DEVELOPMENT AGREEMENT,4152,14,13,12,0.9230769230769231
train,fixed_300_no_overlap,VertexEnergyInc_20200113_8-K_EX-10.1_11943624_EX-10.1_Marketing Agreement,7280,25,26,24,0.9230769230769231
train,fixed_300_no_overlap,NETZEEINC_11_14_2002-EX-10.3-MAINTENANCE AGREEMENT,464,2,9,9,1.0
train,fixed_300_no_overlap,REGANHOLDINGCORP_03_31_2008-EX-10-LICENSE AND HOSTING AGREEMENT,8824,30,22,21,0.9545454545454546
train,fixed_300_no_overlap,MidwestEnergyEmissionsCorp_20080604_8-K_EX-10.2_3093976_EX-10.2_Content License Agreement,5199,18,31,25,0.8064516129032258
train,fixed_300_no_overlap,HYDRONTECHNOLOGIESINC_03_31_1997-EX-10.47-SPONSORSHIP AGREEMENT,4114,14,14,12,0.8571428571428571
train,fixed_300_no_overlap,CcRealEstateIncomeFundadv_20181205_POS 8C_EX-99.(H)(3)_11447739_EX-99.(H)(3)_Marketing Agreement,4695,16,14,14,1.0
train,fixed_300_no_overlap,"BLUEROCKRESIDENTIALGROWTHREIT,INC_06_01_2016-EX-1.1-AGENCY AGREEMENT",20909,70,17,14,0.8235294117647058
train,fixed_300_no_overlap,"TALLGRASSENERGY,LP_02_20_2020-EX-99.26-JOINT FILING AGREEMENT",621,3,12,12,1.0
train,fixed_300_no_overlap,KINGPHARMACEUTICALSINC_08_09_2006-EX-10.1-PROMOTION AGREEMENT,26840,90,64,55,0.859375
train,fixed_300_no_overlap,PerformanceSportsBrandsInc_20110909_S-1_EX-10.10_7220214_EX-10.10_Endorsement Agreement,4118,14,24,21,0.875
train,fixed_500_no_overlap,LIMEENERGYCO_09_09_1999-EX-10-DISTRIBUTOR AGREEMENT,5998,12,46,43,0.9347826086956522
train,fixed_500_no_overlap,"WHITESMOKE,INC_11_08_2011-EX-10.26-PROMOTION AND DISTRIBUTION AGREEMENT",11313,23,27,25,0.9259259259259259
train,fixed_500_no_overlap,NELNETINC_04_08_2020-EX-1-JOINT FILING AGREEMENT,170,1,4,4,1.0
train,fixed_500_no_overlap,ADAMSGOLFINC_03_21_2005-EX-10.17-ENDORSEMENT AGREEMENT,3770,8,23,22,0.9565217391304348
train,fixed_500_no_overlap,"KIROMICBIOPHARMA,INC_05_11_2020-EX-10.23-CONSULTING AGREEMENT",2766,6,24,22,0.9166666666666666
train,fixed_500_no_overlap,"VEONEER,INC_02_21_2020-EX-10.11-JOINT VENTURE AGREEMENT",1334,3,16,16,1.0
train,fixed_500_no_overlap,"MetLife, Inc. - Remarketing Agreement",17518,36,16,15,0.9375
train,fixed_500_no_overlap,"FTENETWORKS,INC_02_18_2016-EX-99.4-STRATEGIC ALLIANCE AGREEMENT",5761,12,33,31,0.9393939393939394
train,fixed_500_no_overlap,DOMINIADVISORTRUST_02_18_2005-EX-99.(H)(2)-SPONSORSHIP AGREEMENT,1847,4,13,12,0.9230769230769231
train,fixed_500_no_overlap,PfHospitalityGroupInc_20150923_10-12G_EX-10.1_9266710_EX-10.1_Franchise Agreement3,1014,3,12,11,0.9166666666666666
train,fixed_500_no_overlap,CerenceInc_20191002_8-K_EX-10.4_11827494_EX-10.4_Intellectual Property Agreement,9608,20,40,38,0.95
train,fixed_500_no_overlap,ReynoldsConsumerProductsInc_20191115_S-1_EX-10.18_11896469_EX-10.18_Supply Agreement,9599,20,26,23,0.8846153846153846
train,fixed_500_no_overlap,IntegrityFunds_20200121_485BPOS_EX-99.E UNDR CONTR_11948727_EX-99.E UNDR CONTR_Service Agreement,3784,8,12,12,1.0
train,fixed_500_no_overlap,PREMIERBIOMEDICALINC_05_14_2020-EX-10.2-INTELLECTUAL PROPERTY AGREEMENT,3596,8,22,19,0.8636363636363636
train,fixed_500_no_overlap,"SIBANNAC,INC_12_04_2017-EX-2.1-Strategic Alliance Agreement",1236,3,14,14,1.0
train,fixed_500_no_overlap,INTRICONCORP_03_10_2009-EX-10.22-Strategic Alliance Agreement,7774,16,35,30,0.8571428571428571
train,fixed_500_no_overlap,BONTONSTORESINC_04_20_2018-EX-99.3-AGENCY AGREEMENT,26842,54,43,41,0.9534883720930233
train,fixed_500_no_overlap,"ON2TECHNOLOGIES,INC_11_17_2006-EX-10.3-SUPPORT AND MAINTENANCE AGREEMENT",8844,18,17,17,1.0
train,fixed_500_no_overlap,Freecook_20180605_S-1_EX-10.3_11233807_EX-10.3_Hosting Agreement,997,2,10,10,1.0
train,fixed_500_no_overlap,OPERALTD_04_30_2020-EX-4.14-SERVICE AGREEMENT,3326,7,21,21,1.0
train,fixed_500_no_overlap,"BORROWMONEYCOM,INC_06_11_2020-EX-10.1-JOINT VENTURE AGREEMENT",3507,8,11,11,1.0
train,fixed_500_no_overlap,ZEBRATECHNOLOGIESCORP_04_16_2014-EX-10.1-INTELLECTUAL PROPERTY AGREEMENT,19581,40,45,32,0.7111111111111111
train,fixed_500_no_overlap,ChinaRealEstateInformationCorp_20090929_F-1_EX-10.32_4771615_EX-10.32_Content License Agreement,7522,16,24,23,0.9583333333333334
train,fixed_500_no_overlap,GLOBALTECHNOLOGIESLTD_06_08_2020-EX-10.16-CONSULTING AGREEMENT,3199,7,12,12,1.0
train,fixed_500_no_overlap,PfHospitalityGroupInc_20150923_10-12G_EX-10.1_9266710_EX-10.1_Franchise Agreement1,24389,49,84,72,0.8571428571428571
train,fixed_500_no_overlap,CORIOINC_07_20_2000-EX-10.5-LICENSE AND HOSTING AGREEMENT,8396,17,53,46,0.8679245283018868
train,fixed_500_no_overlap,SENMIAOTECHNOLOGYLTD_02_19_2019-EX-10.5-Collaboration Agreement,11876,24,33,28,0.8484848484848485
train,fixed_500_no_overlap,HealthcareIntegratedTechnologiesInc_20190812_8-K_EX-10.1_11776966_EX-10.1_Reseller Agreement,3519,8,22,20,0.9090909090909091
train,fixed_500_no_overlap,LOYALTYPOINTINC_11_16_2004-EX-10.2-RESELLER AGREEMENT,12890,26,30,29,0.9666666666666667
train,fixed_500_no_overlap,BNCMORTGAGEINC_05_17_1999-EX-10.4-LICENSING AND WEB SITE HOSTING AGREEMENT,4739,10,17,16,0.9411764705882353
train,fixed_500_no_overlap,ENERGOUSCORP_03_16_2017-EX-10.24-STRATEGIC ALLIANCE AGREEMENT,12422,25,67,61,0.9104477611940298
train,fixed_500_no_overlap,CytodynInc_20200109_10-Q_EX-10.5_11941634_EX-10.5_License Agreement,24801,50,52,47,0.9038461538461539
train,fixed_500_no_overlap,NICELTD_06_26_2003-EX-4.5-OUTSOURCING AGREEMENT,18608,38,29,28,0.9655172413793104
train,fixed_500_no_overlap,ImpresseCorp_20000322_S-1A_EX-10.11_5199234_EX-10.11_Co-Branding Agreement,7249,15,32,27,0.84375
train,fixed_500_no_overlap,AlliedEsportsEntertainmentInc_20190815_8-K_EX-10.19_11788293_EX-10.19_Content License Agreement,5471,11,30,28,0.9333333333333333
train,fixed_500_no_overlap,CreditcardscomInc_20070810_S-1_EX-10.33_362297_EX-10.33_Affiliate Agreement,4045,9,13,13,1.0
train,fixed_500_no_overlap,GALACTICOMMTECHNOLOGIESINC_11_07_1997-EX-10.46-WEB HOSTING AGREEMENT,223,1,5,5,1.0
train,fixed_500_no_overlap,"Zounds Hearing, Inc. - MANUFACTURING DESIGN MARKETING AGREEMENT",6897,14,31,30,0.967741935483871
train,fixed_500_no_overlap,CUROGROUPHOLDINGSCORP_05_04_2020-EX-10.3-SERVICING AGREEMENT,5793,12,12,12,1.0
train,fixed_500_no_overlap,SouthernStarEnergyInc_20051202_SB-2A_EX-9_801890_EX-9_Affiliate Agreement,3607,8,17,17,1.0
train,fixed_500_no_overlap,ConformisInc_20191101_10-Q_EX-10.6_11861402_EX-10.6_Development Agreement,9583,20,33,29,0.8787878787878788
train,fixed_500_no_overlap,Principal Life Insurance Company - Broker Dealer Marketing and Servicing Agreement,4366,9,15,15,1.0
train,fixed_500_no_overlap,LegacyEducationAllianceInc_20200330_10-K_EX-10.18_12090678_EX-10.18_Development Agreement,7337,15,49,46,0.9387755102040817
train,fixed_500_no_overlap,VerizonAbsLlc_20200123_8-K_EX-10.4_11952335_EX-10.4_Service Agreement,45143,91,26,25,0.9615384615384616
train,fixed_500_no_overlap,VERICELCORP_08_06_2019-EX-10.10-SUPPLY AGREEMENT,15862,32,39,32,0.8205128205128205
train,fixed_500_no_overlap,WPPPLC_04_30_2020-EX-4.28-SERVICE AGREEMENT,10958,22,26,24,0.9230769230769231
train,fixed_500_no_overlap,WORLDWIDESTRATEGIESINC_11_02_2005-EX-10-RESELLER AGREEMENT,10830,22,43,41,0.9534883720930233
train,fixed_500_no_overlap,FEDERATEDGOVERNMENTINCOMESECURITIESINC_04_28_2020-EX-99.SERV AGREE-SERVICES AGREEMENT_SECONDAMENDMENT,820,2,8,8,1.0
train,fixed_500_no_overlap,AzulSa_20170303_F-1A_EX-10.3_9943903_EX-10.3_Maintenance Agreement2,2549,6,13,13,1.0
train,fixed_500_no_overlap,PelicanDeliversInc_20200211_S-1_EX-10.3_11975895_EX-10.3_Development Agreement1,2820,6,6,6,1.0
train,fixed_500_no_overlap,ORBSATCORP_08_17_2007-EX-7.3-STRATEGIC ALLIANCE AGREEMENT,2909,6,19,19,1.0
train,fixed_500_no_overlap,DRAGONSYSTEMSINC_01_08_1999-EX-10.17-OUTSOURCING AGREEMENT,1088,3,13,13,1.0
train,fixed_500_no_overlap,SEPARATEACCOUNTIIOFAGL_05_02_2011-EX-99.(J)(4)-UNCONDITIONAL CAPITAL MAINTENANCE AGREEMENT,2845,6,13,13,1.0
train,fixed_500_no_overlap,ImperialGardenResortInc_20161028_DRS (on F-1)_EX-10.13_9963189_EX-10.13_Outsourcing Agreement,1849,4,7,7,1.0
train,fixed_500_no_overlap,"VIRGINGALACTICHOLDINGS,INC_04_08_2020-EX-99.1-JOINT FILING STATEMENT",188,1,6,6,1.0
train,fixed_500_no_overlap,FuseMedicalInc_20190321_10-K_EX-10.43_11575454_EX-10.43_Distributor Agreement,5339,11,21,21,1.0
train,fixed_500_no_overlap,ASPIRITYHOLDINGSLLC_05_07_2012-EX-10.6-OUTSOURCING AGREEMENT,10095,21,28,26,0.9285714285714286
train,fixed_500_no_overlap,"OASYSMOBILE,INC_07_05_2001-EX-10.17-OUTSOURCING AGREEMENT",8147,17,47,43,0.9148936170212766
train,fixed_500_no_overlap,MEDIWOUNDLTD_01_15_2014-EX-10.6-SUPPLY AGREEMENT,7708,16,27,24,0.8888888888888888
train,fixed_500_no_overlap,UpjohnInc_20200121_10-12G_EX-2.6_11948692_EX-2.6_Manufacturing Agreement_ Supply Agreement,33948,68,95,84,0.8842105263157894
train,fixed_500_no_overlap,"Antares Pharma, Inc. - Manufacturing Agreement",16365,33,20,20,1.0
train,fixed_500_no_overlap,RareElementResourcesLtd_20171019_SC 13D_EX-99.4_10897534_EX-99.4_Intellectual Property Agreement,5415,11,33,31,0.9393939393939394
train,fixed_500_no_overlap,VARIABLESEPARATEACCOUNT_04_30_2014-EX-13.C-UNCONDITIONAL CAPITAL MAINTENANCE AGREEMENT,2381,5,14,14,1.0
train,fixed_500_no_overlap,ABILITYINC_06_15_2020-EX-4.25-SERVICES AGREEMENT,4115,9,16,13,0.8125
train,fixed_500_no_overlap,ELECTRAMECCANICA VEHICLES CORP. - Manufacturing Agreement,7251,15,30,25,0.8333333333333334
train,fixed_500_no_overlap,GopageCorp_20140221_10-K_EX-10.1_8432966_EX-10.1_Content License Agreement,6030,13,25,24,0.96
train,fixed_500_no_overlap,BICYCLETHERAPEUTICSPLC_03_10_2020-EX-10.11-SERVICE AGREEMENT,9252,19,27,21,0.7777777777777778
train,fixed_500_no_overlap,TELEGLOBEINTERNATIONALHOLDINGSLTD_03_29_2004-EX-10.10-CONSTRUCTION AND MAINTENANCE AGREEMENT,15095,31,62,62,1.0
train,fixed_500_no_overlap,INTERNATIONALFASTFOODCORP_04_04_1997-EX-99-FRANCHISE AGREEMENT,16157,33,65,59,0.9076923076923077
train,fixed_500_no_overlap,BIOCEPTINC_08_19_2013-EX-10-COLLABORATION AGREEMENT,12142,25,40,35,0.875
train,fixed_500_no_overlap,PACIFICSYSTEMSCONTROLTECHNOLOGYINC_08_24_2000-EX-10.53-SPONSORSHIP AGREEMENT,682,2,9,9,1.0
train,fixed_500_no_overlap,NANOPHASETECHNOLOGIESCORP_11_01_2005-EX-99.1-DISTRIBUTOR AGREEMENT,7663,16,37,32,0.8648648648648649
train,fixed_500_no_overlap,AzulSa_20170303_F-1A_EX-10.3_9943903_EX-10.3_Maintenance Agreement1,34155,69,41,38,0.926829268292683
train,fixed_500_no_overlap,PelicanDeliversInc_20200211_S-1_EX-10.3_11975895_EX-10.3_Development Agreement2,4870,10,21,20,0.9523809523809523
train,fixed_500_no_overlap,"NETGEAR,INC_04_21_2003-EX-10.16-AMENDMENT TO THE DISTRIBUTOR AGREEMENT BETWEEN INGRAM MICRO AND NETGEAR",973,2,8,8,1.0
train,fixed_500_no_overlap,NEONSYSTEMSINC_03_01_1999-EX-10.5-DISTRIBUTOR AGREEMENT_Amendment,2848,6,32,29,0.90625
train,fixed_500_no_overlap,SPARKLINGSPRINGWATERHOLDINGSLTD_07_03_2002-EX-10.13-SOFTWARE LICENSE AND MAINTENANCE AGREEMENT,3885,8,28,27,0.9642857142857143
train,fixed_500_no_overlap,NUVEEN - REMARKETING AGREEMENT,11298,23,17,17,1.0
train,fixed_500_no_overlap,SECURIANFUNDSTRUST_05_01_2012-EX-99.28.H.9-NET INVESTMENT INCOME MAINTENANCE AGREEMENT,1538,4,13,11,0.8461538461538461
train,fixed_500_no_overlap,WELLSFARGOMORTGAGEBACKEDSECURITIES2006-6TRUST_05_11_2006-EX-10.3-Yield Maintenance Agreement,5299,11,12,12,1.0
train,fixed_500_no_overlap,REWALKROBOTICSLTD_07_10_2014-EX-10.2-STRATEGIC ALLIANCE AGREEMENT,2320,5,15,15,1.0
train,fixed_500_no_overlap,PenntexMidstreamPartnersLp_20150416_S-1A_EX-10.4_9042833_EX-10.4_Transportation Agreement,7965,16,20,20,1.0
train,fixed_500_no_overlap,FerroglobePlc_20150624_F-4A_EX-10.20_9154746_EX-10.20_Outsourcing Agreement,4627,10,13,13,1.0
train,fixed_500_no_overlap,TodosMedicalLtd_20190328_20-F_EX-4.10_11587157_EX-4.10_Marketing Agreement_ Reseller Agreement,5066,11,31,29,0.9354838709677419
train,fixed_500_no_overlap,PrecheckHealthServicesInc_20200320_8-K_EX-99.2_12070169_EX-99.2_Distributor Agreement,970,2,13,13,1.0
train,fixed_500_no_overlap,INKTOMICORP_06_08_1998-EX-10.14-SOFTWARE HOSTING AGREEMENT,9916,20,29,27,0.9310344827586207
train,fixed_500_no_overlap,"OAKTREECAPITALGROUP,LLC_03_02_2020-EX-10.8-Services Agreement",3194,7,14,13,0.9285714285714286
train,fixed_500_no_overlap,BANGIINC_05_25_2005-EX-10-Premium Managed Hosting Agreement,302,1,6,6,1.0
train,fixed_500_no_overlap,AMERICANPHYSICIANSCAPITALINC_03_31_2003-EX-10.26-AGENCY AGREEMENT,2901,6,25,24,0.96
train,fixed_500_no_overlap,GULFSOUTHMEDICALSUPPLYINC_12_24_1997-EX-4-AFFILIATE AGREEMENT,2765,6,9,8,0.8888888888888888
train,fixed_500_no_overlap,"BELLRINGBRANDS,INC_02_07_2020-EX-10.18-MASTER SUPPLY AGREEMENT",5813,12,28,27,0.9642857142857143
train,fixed_500_no_overlap,AimmuneTherapeuticsInc_20200205_8-K_EX-10.3_11967170_EX-10.3_Development Agreement,25298,51,56,51,0.9107142857142857
train,fixed_500_no_overlap,HEALTHGATEDATACORP_11_24_1999-EX-10.1-HOSTING AND MANAGEMENT AGREEMENT (1),17975,36,51,49,0.9607843137254902
train,fixed_500_no_overlap,"INTELLIGENTHIGHWAYSOLUTIONS,INC_01_18_2018-EX-10.1-Strategic Alliance Agreement",1217,3,14,14,1.0
train,fixed_500_no_overlap,ATMOSENERGYCORP_11_22_2002-EX-10.17-TRANSPORTATION SERVICE AGREEMENT,2588,6,18,18,1.0
train,fixed_500_no_overlap,PacificapEntertainmentHoldingsInc_20051115_8-KA_EX-1.01_4300894_EX-1.01_Content License Agreement,2500,5,15,15,1.0
train,fixed_500_no_overlap,ReedsInc_20191113_10-Q_EX-10.4_11888303_EX-10.4_Development Agreement,4301,9,19,17,0.8947368421052632
train,fixed_500_no_overlap,RgcResourcesInc_20151216_8-K_EX-10.3_9372751_EX-10.3_Franchise Agreement,805,2,10,10,1.0
train,fixed_500_no_overlap,"BELLICUMPHARMACEUTICALS,INC_05_07_2019-EX-10.1-Supply Agreement",28275,57,69,63,0.9130434782608695
train,fixed_500_no_overlap,MARTINMIDSTREAMPARTNERSLP_01_23_2004-EX-10.3-TRANSPORTATION SERVICES AGREEMENT,2175,5,17,17,1.0
train,fixed_500_no_overlap,RUBIOSRESTAURANTSINC_03_31_2008-EX-10.75-SPONSORSHIP AGREEMENT,5760,12,20,19,0.95
train,fixed_500_no_overlap,CardlyticsInc_20180112_S-1_EX-10.16_11002987_EX-10.16_Maintenance Agreement2,387,1,6,6,1.0
train,fixed_500_no_overlap,"XLITECHNOLOGIES,INC_12_11_2015-EX-10.1-Sponsorship Agreement",2851,6,16,15,0.9375
train,fixed_500_no_overlap,ScansourceInc_20190822_10-K_EX-10.38_11793958_EX-10.38_Distributor Agreement2,2044,5,18,16,0.8888888888888888
train,fixed_500_no_overlap,VERTEXENERGYINC_08_14_2014-EX-10.24-OPERATION AND MAINTENANCE AGREEMENT,8601,18,29,28,0.9655172413793104
train,fixed_500_no_overlap,NYLIACVARIABLEANNUITYSEPARATEACCOUNTIII_04_10_2020-EX-99.8.KK-SERVICE AGREEMENT,1072,3,12,11,0.9166666666666666
train,fixed_500_no_overlap,AlliedEsportsEntertainmentInc_20190815_8-K_EX-10.34_11788308_EX-10.34_Sponsorship Agreement,5852,12,25,24,0.96
train,fixed_500_no_overlap,SLOVAKWIRELESSFINANCECOBV_03_28_2001-EX-4.(B)(II).3-Maintenance and support contract for SICAP(R) modules,3435,7,9,7,0.7777777777777778
train,fixed_500_no_overlap,ANIXABIOSCIENCESINC_06_09_2020-EX-10.1-COLLABORATION AGREEMENT,6178,13,31,25,0.8064516129032258
train,fixed_500_no_overlap,"ELFBEAUTY,INC_07_02_2020-EX-10.1-COOPERATION AGREEMENT",7265,15,17,16,0.9411764705882353
train,fixed_500_no_overlap,DigitalCinemaDestinationsCorp_20111220_S-1_EX-10.10_7346719_EX-10.10_Affiliate Agreement,16673,34,63,52,0.8253968253968254
train,fixed_500_no_overlap,VERTICALNETINC_04_01_2002-EX-10.19-MAINTENANCE AND SUPPORT AGREEMENT,10705,22,31,29,0.9354838709677419
train,fixed_500_no_overlap,TcPipelinesLp_20160226_10-K_EX-99.12_9454048_EX-99.12_Transportation Agreement,916,2,11,10,0.9090909090909091
train,fixed_500_no_overlap,HUBEIMINKANGPHARMACEUTICALLTD_09_19_2006-EX-10.1-OUTSOURCING AGREEMENT,1836,4,13,12,0.9230769230769231
train,fixed_500_no_overlap,ACCURAYINC_09_01_2010-EX-10.31-DISTRIBUTOR AGREEMENT,13349,27,30,30,1.0
train,fixed_500_no_overlap,"MIDDLEBROOKPHARMACEUTICALS,INC_03_18_2010-EX-10.1-PROMOTION AGREEMENT",8879,18,23,22,0.9565217391304348
train,fixed_500_no_overlap,ArcGroupInc_20171211_8-K_EX-10.1_10976103_EX-10.1_Sponsorship Agreement,2622,6,9,9,1.0
train,fixed_500_no_overlap,AtnInternationalInc_20191108_10-Q_EX-10.1_11878541_EX-10.1_Maintenance Agreement,34973,70,70,62,0.8857142857142857
train,fixed_500_no_overlap,"SightLife Surgical, Inc. - STRATEGIC SALES _ MARKETING AGREEMENT",3604,8,23,23,1.0
train,fixed_500_no_overlap,InmodeLtd_20190729_F-1A_EX-10.9_11743243_EX-10.9_Manufacturing Agreement,6122,13,23,23,1.0
train,fixed_500_no_overlap,FUSIONPHARMACEUTICALSINC_06_05_2020-EX-10.17-Supply Agreement - FUSION,6318,13,29,27,0.9310344827586207
train,fixed_500_no_overlap,URSCORPNEW_03_17_2014-EX-99-COOPERATION AGREEMENT,6004,13,9,8,0.8888888888888888
train,fixed_500_no_overlap,GpaqAcquisitionHoldingsInc_20200123_S-4A_EX-10.6_11951677_EX-10.6_License Agreement,7187,15,45,42,0.9333333333333333
train,fixed_500_no_overlap,SalesforcecomInc_20171122_10-Q_EX-10.1_10961535_EX-10.1_Reseller Agreement,435,1,6,6,1.0
train,fixed_500_no_overlap,SLINGERBAGINC_05_27_2020-EX-10.7-CONSULTING AGREEMENT,5346,11,15,14,0.9333333333333333
train,fixed_500_no_overlap,IGENEBIOTECHNOLOGYINC_05_13_2003-EX-1-JOINT VENTURE AGREEMENT,11330,23,28,27,0.9642857142857143
train,fixed_500_no_overlap,ENERGYXXILTD_05_08_2015-EX-10.13-Transportation AGREEMENT,9243,19,23,22,0.9565217391304348
train,fixed_500_no_overlap,EtonPharmaceuticalsInc_20191114_10-Q_EX-10.1_11893941_EX-10.1_Development Agreement,10256,21,27,23,0.8518518518518519
train,fixed_500_no_overlap,ScansourceInc_20190822_10-K_EX-10.38_11793958_EX-10.38_Distributor Agreement1,12904,26,42,39,0.9285714285714286
train,fixed_500_no_overlap,CardlyticsInc_20180112_S-1_EX-10.16_11002987_EX-10.16_Maintenance Agreement1,25087,51,93,83,0.8924731182795699
train,fixed_500_no_overlap,"NETGEAR,INC_04_21_2003-EX-10.16-DISTRIBUTOR AGREEMENT",6029,13,45,43,0.9555555555555556
train,fixed_500_no_overlap,EcoScienceSolutionsInc_20171117_8-K_EX-10.1_10956472_EX-10.1_Endorsement Agreement,2843,6,17,17,1.0
train,fixed_500_no_overlap,AMERICASSHOPPINGMALLINC_12_10_1999-EX-10.2-SITE DEVELOPMENT AND HOSTING AGREEMENT,2892,6,22,22,1.0
train,fixed_500_no_overlap,DataCallTechnologies_20060918_SB-2A_EX-10.9_944510_EX-10.9_Content License Agreement,1666,4,22,22,1.0
train,fixed_500_no_overlap,JINGWEIINTERNATIONALLTD_10_04_2007-EX-10.7-INTELLECTUAL PROPERTY AGREEMENT,2356,5,18,18,1.0
train,fixed_500_no_overlap,FEDERATEDGOVERNMENTINCOMESECURITIESINC_04_28_2020-EX-99.SERV AGREE-SERVICES AGREEMENT,1762,4,13,11,0.8461538461538461
train,fixed_500_no_overlap,MRSFIELDSORIGINALCOOKIESINC_01_29_1998-EX-10-FRANCHISE AGREEMENT,33705,68,78,62,0.7948717948717948
train,fixed_500_no_overlap,PalmerSquareCapitalBdcInc_20200116_10-12GA_EX-10.6_11949289_EX-10.6_Trademark License Agreement,2306,5,19,19,1.0
train,fixed_500_no_overlap,LUCIDINC_04_15_2011-EX-10.9-DISTRIBUTOR AGREEMENT,2351,5,20,18,0.9
train,fixed_500_no_overlap,UsioInc_20040428_SB-2_EX-10.11_1723988_EX-10.11_Affiliate Agreement 2,3740,8,28,26,0.9285714285714286
train,fixed_500_no_overlap,EmmisCommunicationsCorp_20191125_8-K_EX-10.6_11906433_EX-10.6_Marketing Agreement,2709,6,11,10,0.9090909090909091
train,fixed_500_no_overlap,ENTERTAINMENTGAMINGASIAINC_02_15_2005-EX-10.5-DISTRIBUTOR AGREEMENT,6920,14,38,34,0.8947368421052632
train,fixed_500_no_overlap,"Magenta Therapeutics, Inc. - Master Development and Manufacturing Agreement",11308,23,33,28,0.8484848484848485
train,fixed_500_no_overlap,"GRIDIRONBIONUTRIENTS,INC_02_05_2020-EX-10.3-SUPPLY AGREEMENT",903,2,10,10,1.0
train,fixed_500_no_overlap,PapaJohnsInternationalInc_20190617_8-K_EX-10.1_11707365_EX-10.1_Endorsement Agreement,10661,22,35,31,0.8857142857142857
train,fixed_500_no_overlap,SUMMAFOURINC_06_19_1998-EX-10.3-SOFTWARE LICENSE AND MAINTENANCE AGREEMENT,14158,29,34,32,0.9411764705882353
train,fixed_500_no_overlap,MACROGENICSINC_08_02_2013-EX-10-COLLABORATION AGREEMENT,25333,51,51,47,0.9215686274509803
train,fixed_500_no_overlap,GSVINC_05_15_1998-EX-10-SPONSORSHIP AGREEMENT,5880,12,22,21,0.9545454545454546
train,fixed_500_no_overlap,MorganStanleyDirectLendingFund_20191119_10-12GA_EX-10.5_11898508_EX-10.5_Trademark License Agreement,2438,5,27,25,0.9259259259259259
train,fixed_500_no_overlap,ELANDIAINTERNATIONALINC_04_25_2007-EX-10.21-Outsourcing Agreement,12396,25,25,25,1.0
train,fixed_500_no_overlap,PareteumCorp_20081001_8-K_EX-99.1_2654808_EX-99.1_Hosting Agreement,10213,21,23,20,0.8695652173913043
train,fixed_500_no_overlap,PhasebioPharmaceuticalsInc_20200330_10-K_EX-10.21_12086810_EX-10.21_Development Agreement,45650,92,88,71,0.8068181818181818
train,fixed_500_no_overlap,"KUBIENT,INC_07_02_2020-EX-10.14-MASTER SERVICES AGREEMENT_Part2",1185,3,13,12,0.9230769230769231
train,fixed_500_no_overlap,EdietsComInc_20001030_10QSB_EX-10.4_2606646_EX-10.4_Co-Branding Agreement,9075,19,48,46,0.9583333333333334
train,fixed_500_no_overlap,LECLANCHÉ S.A. - JOINT DEVELOPMENT AND MARKETING AGREEMENT,3207,7,19,19,1.0
train,fixed_500_no_overlap,CardlyticsInc_20180112_S-1_EX-10.16_11002987_EX-10.16_Maintenance Agreement4,756,2,12,12,1.0
train,fixed_500_no_overlap,TomOnlineInc_20060501_20-F_EX-4.46_749700_EX-4.46_Co-Branding Agreement,17487,35,56,48,0.8571428571428571
train,fixed_500_no_overlap,"CERES,INC_01_25_2012-EX-10.20-Collaboration Agreement",45577,92,66,59,0.8939393939393939
train,fixed_500_no_overlap,"INTERSECTENT,INC_05_11_2020-EX-10.1-SUPPLY AGREEMENT",5973,12,18,18,1.0
train,fixed_500_no_overlap,"TRANSPHORM,INC_02_14_2020-EX-10.12(1)-JOINT VENTURE AGREEMENT",15468,31,35,29,0.8285714285714286
train,fixed_500_no_overlap,EuromediaHoldingsCorp_20070215_10SB12G_EX-10.B(01)_525118_EX-10.B(01)_Content License Agreement,4580,10,30,27,0.9
train,fixed_500_no_overlap,"Sonos, Inc. - Manufacturing Agreement ",17177,35,53,51,0.9622641509433962
train,fixed_500_no_overlap,"ASHWORTHINC_01_29_1999-EX-10.(D)-PROMOTION AGREEMENT AND NANTZ COMMUNICATIONS, INC.",3589,8,27,27,1.0
train,fixed_500_no_overlap,LIGHTBRIDGECORP_11_23_2015-EX-10.26-STRATEGIC ALLIANCE AGREEMENT,3023,7,11,11,1.0
train,fixed_500_no_overlap,"XLITECHNOLOGIES,INC_12_02_2015-EX-10.02-STRATEGIC ALLIANCE AGREEMENT",875,2,9,9,1.0
train,fixed_500_no_overlap,HYPERIONSOFTWARECORP_09_28_1994-EX-10.47-EXCLUSIVE DISTRIBUTOR AGREEMENT,5290,11,30,28,0.9333333333333333
train,fixed_500_no_overlap,BUFFALOWILDWINGSINC_06_05_1998-EX-10.3-FRANCHISE AGREEMENT,23663,48,86,75,0.872093023255814
train,fixed_500_no_overlap,ReynoldsConsumerProductsInc_20200121_S-1A_EX-10.22_11948918_EX-10.22_Service Agreement,17207,35,26,24,0.9230769230769231
train,fixed_500_no_overlap,"GWG HOLDINGS, INC. - ORDERLY MARKETING AGREEMENT",4177,9,12,12,1.0
train,fixed_500_no_overlap,BLACKROCKMUNIHOLDINGSINVESTMENTQUALITYFUND_04_07_2020-EX-99.01-JOINT FILING AGREEMENT,201,1,6,6,1.0
train,fixed_500_no_overlap,ALLISONTRANSMISSIONHOLDINGSINC_12_15_2014-EX-99.1-COOPERATION AGREEMENT,5202,11,18,15,0.8333333333333334
train,fixed_500_no_overlap,WARNINGMANAGEMENTSERVICESINC_12_10_1999-EX-10-ENDORSEMENT AGREEMENT,4602,10,32,29,0.90625
train,fixed_500_no_overlap,LinkPlusCorp_20050802_8-K_EX-10_3240252_EX-10_Affiliate Agreement,2899,6,32,29,0.90625
train,fixed_500_no_overlap,SMITHELECTRICVEHICLESCORP_04_04_2012-EX-10.26-FLEET MAINTENANCE AGREEMENT,13201,27,29,27,0.9310344827586207
train,fixed_500_no_overlap,CHINARECYCLINGENERGYCORP_11_14_2013-EX-10.6-Cooperation Agreement,2664,6,13,12,0.9230769230769231
train,fixed_500_no_overlap,"KUBIENT,INC_07_02_2020-EX-10.14-MASTER SERVICES AGREEMENT_Part1",4014,9,20,20,1.0
train,fixed_500_no_overlap,NeoformaInc_19991202_S-1A_EX-10.26_5224521_EX-10.26_Co-Branding Agreement,13370,27,70,65,0.9285714285714286
train,fixed_500_no_overlap,AULAMERICANUNITTRUST_04_24_2020-EX-99.8.77-SERVICING AGREEMENT,5607,12,16,16,1.0
train,fixed_500_no_overlap,VIOLINMEMORYINC_12_12_2012-EX-10.14-SPONSORSHIP AGREEMENT,8499,17,30,28,0.9333333333333333
train,fixed_500_no_overlap,RaeSystemsInc_20001114_10-Q_EX-10.57_2631790_EX-10.57_Co-Branding Agreement,5582,12,29,28,0.9655172413793104
train,fixed_500_no_overlap,QBIOMEDINC_04_08_2020-EX-99.1-JOINT FILING AGREEMENT,429,1,13,13,1.0
train,fixed_500_no_overlap,ZogenixInc_20190509_10-Q_EX-10.2_11663313_EX-10.2_Distributor Agreement,26626,54,70,59,0.8428571428571429
train,fixed_500_no_overlap,LeadersonlineInc_20000427_S-1A_EX-10.8_4991089_EX-10.8_Co-Branding Agreement,8078,17,44,40,0.9090909090909091
train,fixed_500_no_overlap,ArcaUsTreasuryFund_20200207_N-2_EX-99.K5_11971930_EX-99.K5_Development Agreement,2316,5,12,10,0.8333333333333334
train,fixed_500_no_overlap,BIOAMBERINC_04_10_2013-EX-10.34-DEVELOPMENT AGREEMENT - First Amendment,940,2,7,7,1.0
train,fixed_500_no_overlap,"XACCT Technologies, Inc.SUPPORT AND MAINTENANCE AGREEMENT",1796,4,14,13,0.9285714285714286
train,fixed_500_no_overlap,CHANGEPOINTCORP_03_08_2000-EX-10.6-LICENSE AND HOSTING AGREEMENT,18806,38,82,74,0.9024390243902439
train,fixed_500_no_overlap,Apollo Endosurgery - Manufacturing and Supply Agreement,7248,15,24,23,0.9583333333333334
train,fixed_500_no_overlap,"MJBIOTECH,INC_12_06_2018-EX-99.01-JOINT VENTURE AGREEMENT",3709,8,22,21,0.9545454545454546
train,fixed_500_no_overlap,IDREAMSKYTECHNOLOGYLTD_07_03_2014-EX-10.39-Cooperation Agreement on Mobile Game Business,12072,25,26,24,0.9230769230769231
train,fixed_500_no_overlap,"CANOPETROLEUM,INC_12_13_2007-EX-10.1-Sponsorship Agreement",1449,3,14,14,1.0
train,fixed_500_no_overlap,"HOSPITALITYINVESTORSTRUST,INC_04_07_2014-EX-10.26-FRANCHISE AGREEMENT",23061,47,49,42,0.8571428571428571
train,fixed_500_no_overlap,FulucaiProductionsLtd_20131223_10-Q_EX-10.9_8368347_EX-10.9_Content License Agreement,2804,6,28,27,0.9642857142857143
train,fixed_500_no_overlap,MPLXLP_06_17_2015-EX-10.1-TRANSPORTATION SERVICES AGREEMENT,8966,18,30,28,0.9333333333333333
train,fixed_500_no_overlap,LOGANSROADHOUSEINC_03_27_1998-EX-10.17-SPONSORSHIP AGREEMENT,2865,6,19,19,1.0
train,fixed_500_no_overlap,FuelcellEnergyInc_20191106_8-K_EX-10.1_11868007_EX-10.1_Development Agreement,15880,32,60,54,0.9
train,fixed_500_no_overlap,"THERAVANCEBIOPHARMA,INC_05_08_2020-EX-10.2-SERVICE AGREEMENT",5294,11,16,15,0.9375
train,fixed_500_no_overlap,DYNAMEXINC_06_06_1996-EX-10.4-TRANSPORTATION SERVICES AGREEMENT,6760,14,33,32,0.9696969696969697
train,fixed_500_no_overlap,ULTRAGENYXPHARMACEUTICALINC_12_23_2013-EX-10.9-SUPPLY AGREEMENT,2274,5,16,14,0.875
train,fixed_500_no_overlap,"NETGEAR,INC_04_21_2003-EX-10.16- AMENDMENT #2 TO THE DISTRIBUTION AGREEMENT",555,2,6,6,1.0
train,fixed_500_no_overlap,SFGFINANCIALCORP_05_12_2009-EX-10.1-SOFTWARE LICENSE AND MAINTENANCE AGREEMENT,7749,16,32,31,0.96875
train,fixed_500_no_overlap,"VAXCYTE,INC_05_22_2020-EX-10.19-SUPPLY AGREEMENT",15227,31,29,26,0.896551724137931
train,fixed_500_no_overlap,"OTISWORLDWIDECORP_04_03_2020-EX-10.4-INTELLECTUAL PROPERTY AGREEMENT by and among UNITED TECHNOLOGIES CORPORATION, OTIS WORLDWIDE CORPORATION and CARRIER ~1",9672,20,32,22,0.6875
train,fixed_500_no_overlap,"GIGGLESN_HUGS,INC_06_23_2016-EX-10.2-STRATEGIC ALLIANCE AGREEMENT",3430,7,19,19,1.0
train,fixed_500_no_overlap,ExactSciencesCorp_20180822_8-K_EX-10.1_11331629_EX-10.1_Promotion Agreement,24685,50,43,39,0.9069767441860465
train,fixed_500_no_overlap,GlobalTechnologiesGroupInc_20050928_10KSB_EX-10.9_4148808_EX-10.9_Content License Agreement,5899,12,18,16,0.8888888888888888
train,fixed_500_no_overlap,HertzGroupRealtyTrustInc_20190920_S-11A_EX-10.8_11816941_EX-10.8_Trademark License Agreement,2236,5,15,14,0.9333333333333333
train,fixed_500_no_overlap,QuantumGroupIncFl_20090120_8-K_EX-99.2_3672910_EX-99.2_Hosting Agreement,17414,35,32,31,0.96875
train,fixed_500_no_overlap,"PHREESIA,INC_05_28_2019-EX-10.18-STRATEGIC ALLIANCE AGREEMENT",17703,36,51,48,0.9411764705882353
train,fixed_500_no_overlap,"Array BioPharma Inc. - LICENSE, DEVELOPMENT AND COMMERCIALIZATION AGREEMENT",42742,86,65,55,0.8461538461538461
train,fixed_500_no_overlap,MERCATAINC_03_09_2000-EX-10.21-SPONSORSHIP AGREEMENT,3224,7,12,12,1.0
train,fixed_500_no_overlap,"MEDALISTDIVERSIFIEDREIT,INC_05_18_2020-EX-10.1-CONSULTING AGREEMENT",3724,8,34,33,0.9705882352941176
train,fixed_500_no_overlap,"FOUNDATIONMEDICINE,INC_02_02_2015-EX-10.2-Collaboration Agreement",26407,53,75,66,0.88
train,fixed_500_no_overlap,RevolutionMedicinesInc_20200117_S-1_EX-10.1_11948417_EX-10.1_Development Agreement,40936,82,90,78,0.8666666666666667
train,fixed_500_no_overlap,"ETELOS,INC_03_09_2004-EX-10.8-DISTRIBUTOR AGREEMENT",3863,8,25,22,0.88
train,fixed_500_no_overlap,LifewayFoodsInc_20160316_10-K_EX-10.24_9489766_EX-10.24_Endorsement Agreement,1656,4,16,16,1.0
train,fixed_500_no_overlap,"LEGACYTECHNOLOGYHOLDINGS,INC_12_09_2005-EX-10.2-DISTRIBUTOR AGREEMENT",1937,4,23,23,1.0
train,fixed_500_no_overlap,DeltathreeInc_19991102_S-1A_EX-10.19_6227850_EX-10.19_Co-Branding Agreement_ Service Agreement,4070,9,17,16,0.9411764705882353
train,fixed_500_no_overlap,"SPRINGBANKPHARMACEUTICALS,INC_04_08_2020-EX-99.A-JOINT FILING AGREEMENT",246,1,6,6,1.0
train,fixed_500_no_overlap,ImineCorp_20180725_S-1_EX-10.5_11275970_EX-10.5_Distributor Agreement,5369,11,23,21,0.9130434782608695
train,fixed_500_no_overlap,CCAINDUSTRIESINC_04_14_2014-EX-10.1-OUTSOURCING AGREEMENT,4889,10,27,25,0.9259259259259259
train,fixed_500_no_overlap,Microgenics Corporation - Collaborative Development and Commercialization Agreement,28415,57,54,51,0.9444444444444444
train,fixed_500_no_overlap,VgrabCommunicationsInc_20200129_10-K_EX-10.33_11958828_EX-10.33_Development Agreement,2297,5,13,13,1.0
train,fixed_500_no_overlap,AIRTECHINTERNATIONALGROUPINC_05_08_2000-EX-10.4-FRANCHISE AGREEMENT,11368,23,42,40,0.9523809523809523
train,fixed_500_no_overlap,IMMUNOMEDICSINC_08_07_2019-EX-10.1-PROMOTION AGREEMENT,24022,49,36,32,0.8888888888888888
train,fixed_500_no_overlap,BravatekSolutionsInc_20170418_8-K_EX-10.1_10205739_EX-10.1_Reseller Agreement,2384,5,17,16,0.9411764705882353
train,fixed_500_no_overlap,SPORTHALEYINC_09_29_1997-EX-10.2-10-ENDORSEMENT AGREEMENT,1537,4,21,18,0.8571428571428571
train,fixed_500_no_overlap,XENCORINC_10_25_2013-EX-10.24-COLLABORATION AGREEMENT (3),20117,41,66,54,0.8181818181818182
train,fixed_500_no_overlap,NETGROCERINC_07_31_1998-EX-10.15-SPONSORSHIP AGREEMENT,5206,11,26,25,0.9615384615384616
train,fixed_500_no_overlap,CoherusBiosciencesInc_20200227_10-K_EX-10.29_12021376_EX-10.29_Development Agreement,21991,44,56,46,0.8214285714285714
train,fixed_500_no_overlap,DIVERSINETCORP_03_01_2012-EX-4-RESELLER AGREEMENT,11296,23,43,41,0.9534883720930233
train,fixed_500_no_overlap,NmfSlfIInc_20200115_10-12GA_EX-10.5_11946987_EX-10.5_Trademark License Agreement,2694,6,25,23,0.92
train,fixed_500_no_overlap,KALLOINC_11_03_2011-EX-10.1-STRATEGIC ALLIANCE AGREEMENT,11172,23,34,33,0.9705882352941176
train,fixed_500_no_overlap,MOSSIMOINC_04_14_2000-EX-10.14-ENDORSEMENT AGREEMENT,3480,7,28,27,0.9642857142857143
train,fixed_500_no_overlap,FEDERATEDGOVERNMENTINCOMESECURITIESINC_04_28_2020-EX-99.SERV AGREE-SERVICES AGREEMENT_AMENDMENT,564,2,8,8,1.0
train,fixed_500_no_overlap,RandWorldwideInc_20010402_8-KA_EX-10.2_2102464_EX-10.2_Co-Branding Agreement,6718,14,34,31,0.9117647058823529
train,fixed_500_no_overlap,GOLDRESOURCECORP_12_11_2008-EX-10.1-STRATEGIC ALLIANCE AGREEMENT,8786,18,36,30,0.8333333333333334
train,fixed_500_no_overlap,"Loop Industries, Inc. - Marketing Agreement",5244,11,19,17,0.8947368421052632
train,fixed_500_no_overlap,BloomEnergyCorp_20180321_DRSA (on S-1)_EX-10_11240356_EX-10_Maintenance Agreement,16116,33,36,31,0.8611111111111112
train,fixed_500_no_overlap,AudibleInc_20001113_10-Q_EX-10.32_2599586_EX-10.32_Co-Branding Agreement_ Marketing Agreement_ Investment Distribution Agreement,11211,23,47,44,0.9361702127659575
train,fixed_500_no_overlap,HOLIDAYRVSUPERSTORESINC_04_15_2002-EX-10.13-ENDORSEMENT AGREEMENT,2189,5,17,17,1.0
train,fixed_500_no_overlap,NeuroboPharmaceuticalsInc_20190903_S-4_EX-10.36_11802165_EX-10.36_Manufacturing Agreement_ Supply Agreement,3094,7,11,11,1.0
train,fixed_500_no_overlap,SONUSCORP_03_12_1997-EX-10.11-SPONSORSHIP AGREEMENT,3891,8,10,10,1.0
train,fixed_500_no_overlap,RangeResourcesLouisianaInc_20150417_8-K_EX-10.5_9045501_EX-10.5_Transportation Agreement,15659,32,21,20,0.9523809523809523
train,fixed_500_no_overlap,CHAPARRALRESOURCESINC_03_30_2000-EX-10.66-TRANSPORTATION CONTRACT,3865,8,17,15,0.8823529411764706
train,fixed_500_no_overlap,AURASYSTEMSINC_06_16_2010-EX-10.25-STRATEGIC ALLIANCE AGREEMENT,6938,14,44,41,0.9318181818181818
train,fixed_500_no_overlap,IpassInc_20181203_8-K_EX-99.1_11445874_EX-99.1_Reseller Agreement,11394,23,30,30,1.0
train,fixed_500_no_overlap,VERSOTECHNOLOGIESINC_12_28_2007-EX-99.3-INTELLECTUAL PROPERTY AGREEMENT,739,2,8,8,1.0
train,fixed_500_no_overlap,EhaveInc_20190515_20-F_EX-4.44_11678816_EX-4.44_License Agreement_ Reseller Agreement,13634,28,62,54,0.8709677419354839
train,fixed_500_no_overlap,"UNITEDNATIONALBANCORP_03_03_1999-EX-99-Outsourcing Agreement with the BISYS Group, Inc.",279,1,7,7,1.0
train,fixed_500_no_overlap,VirtuosoSurgicalInc_20191227_1-A_EX1A-6 MAT CTRCT_11933379_EX1A-6 MAT CTRCT_License Agreement,5675,12,37,34,0.918918918918919
train,fixed_500_no_overlap,"ROCKYMOUNTAINCHOCOLATEFACTORY,INC_12_23_2019-EX-10.2-STRATEGIC ALLIANCE AGREEMENT",19420,39,34,28,0.8235294117647058
train,fixed_500_no_overlap,VITAMINSHOPPECOMINC_09_13_1999-EX-10.26-SPONSORSHIP AGREEMENT,8223,17,16,16,1.0
train,fixed_500_no_overlap,"SOLUTIONSVENDINGINTERNATIONAL,INC_03_31_2020-EX1A-1 UNDR AGMT-SERVICES AGREEMENT",1122,3,9,9,1.0
train,fixed_500_no_overlap,InnerscopeHearingTechnologiesInc_20181109_8-K_EX-10.6_11419704_EX-10.6_Distributor Agreement,3360,7,27,27,1.0
train,fixed_500_no_overlap,SmartRxSystemsInc_20180914_1-A_EX1A-6 MAT CTRCT_11351705_EX1A-6 MAT CTRCT_Distributor Agreement,6123,13,25,25,1.0
train,fixed_500_no_overlap,BIOFRONTERAAG_04_29_2019-EX-4.17-SUPPLY AGREEMENT,9771,20,27,24,0.8888888888888888
train,fixed_500_no_overlap,"CORALGOLDRESOURCES,LTD_05_28_2020-EX-4.1-CONSULTING AGREEMENT",4730,10,20,19,0.95
train,fixed_500_no_overlap,Cerus Corporation - FIRST AMEND TO SUPPLY AND MANUFACTURING AGREEMENT,1796,4,7,7,1.0
train,fixed_500_no_overlap,OLDAPIWIND-DOWNLTD_01_08_2016-EX-1.3-AGENCY AGREEMENT2,630,2,8,8,1.0
train,fixed_500_no_overlap,ATENTOSA_07_06_2020-EX-99.1-JOINT FILING AGREEMENT,357,1,12,12,1.0
train,fixed_500_no_overlap,HealthcentralCom_19991108_S-1A_EX-10.27_6623292_EX-10.27_Co-Branding Agreement,6492,13,34,32,0.9411764705882353
train,fixed_500_no_overlap,GAINSCOINC_01_21_2010-EX-10.41-SPONSORSHIP AGREEMENT,2452,5,26,23,0.8846153846153846
train,fixed_500_no_overlap,"TURNKEYCAPITAL,INC_07_20_2017-EX-1.1-Strategic Alliance Agreement",1988,4,12,12,1.0
train,fixed_500_no_overlap,IVILLAGEINC_03_17_1999-EX-10.16-SPONSORSHIP AGREEMENT,3407,7,26,23,0.8846153846153846
train,fixed_500_no_overlap,"IPAYMENT,INC_05_14_2007-EX-10.1-SPONSORSHIP AGREEMENT",14652,30,34,32,0.9411764705882353
train,fixed_500_no_overlap,RISEEDUCATIONCAYMANLTD_04_17_2020-EX-4.23-SERVICE AGREEMENT,2394,5,13,12,0.9230769230769231
train,fixed_500_no_overlap,STARTECGLOBALCOMMUNICATIONSCORP_11_16_1998-EX-10.30-CONSTRUCTION AND MAINTENANCE AGREEMENT,14551,30,74,71,0.9594594594594594
train,fixed_500_no_overlap,LejuHoldingsLtd_20140121_DRS (on F-1)_EX-10.26_8473102_EX-10.26_Content License Agreement2,327,1,7,7,1.0
train,fixed_500_no_overlap,FIBROGENINC_10_01_2014-EX-10.11-COLLABORATION AGREEMENT,24526,50,51,49,0.9607843137254902
train,fixed_500_no_overlap,"KNOWLABS,INC_08_15_2005-EX-10-INTELLECTUAL PROPERTY AGREEMENT",1970,4,16,16,1.0
train,fixed_500_no_overlap,UAGHINC_04_14_2004-EX-10.18-MAINTENANCE AGREEMENT,2676,6,19,17,0.8947368421052632
train,fixed_500_no_overlap,"ARMSTRONGFLOORING,INC_01_07_2019-EX-10.2-INTELLECTUAL PROPERTY AGREEMENT",10349,21,49,42,0.8571428571428571
train,fixed_500_no_overlap,VitalibisInc_20180316_8-K_EX-10.2_11100168_EX-10.2_Hosting Agreement,7045,15,29,29,1.0
train,fixed_500_no_overlap,HEALTHGATEDATACORP_11_24_1999-EX-10.1-HOSTING AND MANAGEMENT AGREEMENT - Escrow Agreement,4201,9,15,12,0.8
train,fixed_500_no_overlap,BNLFINANCIALCORP_03_30_2007-EX-10.8-OUTSOURCING AGREEMENT,6470,13,27,26,0.9629629629629629
train,fixed_500_no_overlap,"IOVANCEBIOTHERAPEUTICS,INC_08_03_2017-EX-10.1-STRATEGIC ALLIANCE AGREEMENT",10693,22,27,21,0.7777777777777778
train,fixed_500_no_overlap,NEONSYSTEMSINC_03_01_1999-EX-10.5-DISTRIBUTOR AGREEMENT_New,8888,18,40,34,0.85
train,fixed_500_no_overlap,TELKOMSALTD_01_30_2003-EX-10-LICENCE AND MAINTENANCE AGREEMENT,16176,33,49,46,0.9387755102040817
train,fixed_500_no_overlap,"FIDELITYNATIONALINFORMATIONSERVICES,INC_08_05_2009-EX-10.3-INTELLECTUAL PROPERTY AGREEMENT",19341,39,70,55,0.7857142857142857
train,fixed_500_no_overlap,TRUENORTHENERGYCORP_02_08_2007-EX-10.1-DEVELOPMENT AGREEMENT,6961,14,19,16,0.8421052631578947
train,fixed_500_no_overlap,GentechHoldingsInc_20190808_1-A_EX1A-6 MAT CTRCT_11776814_EX1A-6 MAT CTRCT_Distributor Agreement,4097,9,24,22,0.9166666666666666
train,fixed_500_no_overlap,TICKETSCOMINC_06_22_1999-EX-10.22-SPONSORSHIP AGREEMENT,1155,3,16,16,1.0
train,fixed_500_no_overlap,"ADMA BioManufacturing, LLC -  Amendment #3 to Manufacturing Agreement ",2478,5,16,16,1.0
train,fixed_500_no_overlap,OFGBANCORP_03_28_2007-EX-10.23-OUTSOURCING AGREEMENT,24004,49,44,41,0.9318181818181818
train,fixed_500_no_overlap,"DUOSTECHNOLOGIESGROUP,INC_04_21_2009-EX-10.1-STRATEGIC ALLIANCE AGREEMENT",7148,15,38,36,0.9473684210526315
train,fixed_500_no_overlap,OLDAPIWIND-DOWNLTD_01_08_2016-EX-1.3-AGENCY AGREEMENT1,15521,32,16,15,0.9375
train,fixed_500_no_overlap,"ADIANUTRITION,INC_04_01_2005-EX-10.D2-RESELLER AGREEMENT",4051,9,22,22,1.0
train,fixed_500_no_overlap,"ATHENSBANCSHARESCORP_11_02_2009-EX-1.2-AGENCY AGREEMENT , 2009",23419,47,16,16,1.0
train,fixed_500_no_overlap,SoupmanInc_20150814_8-K_EX-10.1_9230148_EX-10.1_Franchise Agreement3,438,1,2,2,1.0
train,fixed_500_no_overlap,MOVADOGROUPINC_04_30_2003-EX-10.28-ENDORSEMENT AGREEMENT,2710,6,9,9,1.0
train,fixed_500_no_overlap,StaarSurgicalCompany_20180801_10-Q_EX-10.37_11289449_EX-10.37_Distributor Agreement,7649,16,38,34,0.8947368421052632
train,fixed_500_no_overlap,EmeraldHealthBioceuticalsInc_20200218_1-A_EX1A-6 MAT CTRCT_11987205_EX1A-6 MAT CTRCT_Development Agreement,2606,6,20,19,0.95
train,fixed_500_no_overlap,STAMPSCOMINC_06_24_1999-EX-10.18-SPONSORSHIP AGREEMENT,5496,11,32,30,0.9375
train,fixed_500_no_overlap,BEYONDCOMCORP_08_03_2000-EX-10.2-CO-HOSTING AGREEMENT,7991,16,33,31,0.9393939393939394
train,fixed_500_no_overlap,CHEETAHMOBILEINC_04_22_2014-EX-10.43-Cooperation Agreement,6230,13,23,21,0.9130434782608695
train,fixed_500_no_overlap,ClickstreamCorp_20200330_1-A_EX1A-6 MAT CTRCT_12089935_EX1A-6 MAT CTRCT_Development Agreement,5445,11,24,20,0.8333333333333334
train,fixed_500_no_overlap,NEOMEDIATECHNOLOGIESINC_12_15_2005-EX-16.1-DISTRIBUTOR AGREEMENT,4973,10,29,26,0.896551724137931
train,fixed_500_no_overlap,"ADUROBIOTECH,INC_06_02_2020-EX-10.7-CONSULTING AGREEMENT(1)",1850,4,16,16,1.0
train,fixed_500_no_overlap,LejuHoldingsLtd_20140121_DRS (on F-1)_EX-10.26_8473102_EX-10.26_Content License Agreement1,7198,15,22,21,0.9545454545454546
train,fixed_500_no_overlap,"VISIUMTECHNOLOGIES,INC_10_20_2004-EX-10.20-DISTRIBUTOR AGREEMENT",7706,16,42,41,0.9761904761904762
train,fixed_500_no_overlap,"INNOVIVA,INC_08_07_2014-EX-10.1-COLLABORATION AGREEMENT",28937,58,52,46,0.8846153846153846
train,fixed_500_no_overlap,SoupmanInc_20150814_8-K_EX-10.1_9230148_EX-10.1_Franchise Agreement2,844,2,5,5,1.0
train,fixed_500_no_overlap,"ADUROBIOTECH,INC_06_02_2020-EX-10.7-CONSULTING AGREEMENT",1850,4,14,14,1.0
train,fixed_500_no_overlap,CybergyHoldingsInc_20140520_10-Q_EX-10.27_8605784_EX-10.27_Affiliate Agreement,5326,11,26,25,0.9615384615384616
train,fixed_500_no_overlap,MANAKOASERVICESCORP_11_21_2007-EX-7.5-STRATEGIC ALLIANCE AGREEMENT,2355,5,14,14,1.0
train,fixed_500_no_overlap,FLOTEKINDUSTRIESINCCN_05_09_2019-EX-10.1-SUPPLY AGREEMENT,3037,7,19,18,0.9473684210526315
train,fixed_500_no_overlap,EUROPEANMICROHOLDINGSINC_03_06_1998-EX-10.6-DISTRIBUTOR AGREEMENT,7939,16,38,33,0.868421052631579
train,fixed_500_no_overlap,KitovPharmaLtd_20190326_20-F_EX-4.15_11584449_EX-4.15_Manufacturing Agreement,8964,18,36,32,0.8888888888888888
train,fixed_500_no_overlap,BellringBrandsInc_20190920_S-1_EX-10.12_11817081_EX-10.12_Manufacturing Agreement3,1240,3,10,10,1.0
train,fixed_500_no_overlap,GOCALLINC_03_30_2000-EX-10.7-Promotion Agreement,2983,6,18,17,0.9444444444444444
train,fixed_500_no_overlap,LEJUHOLDINGSLTD_03_12_2014-EX-10.34-INTERNET CHANNEL COOPERATION AGREEMENT,5930,12,20,20,1.0
train,fixed_500_no_overlap,BLACKSTONEGSOLONG-SHORTCREDITINCOMEFUND_05_11_2020-EX-99.(K)(1)-SERVICE AGREEMENT,8073,17,17,16,0.9411764705882353
train,fixed_500_no_overlap,"MEETGROUP,INC_06_29_2017-EX-10.1-COOPERATION AGREEMENT",9394,19,15,14,0.9333333333333333
train,fixed_500_no_overlap,GluMobileInc_20070319_S-1A_EX-10.09_436630_EX-10.09_Content License Agreement3,545,2,10,10,1.0
train,fixed_500_no_overlap,ADAPTIMMUNETHERAPEUTICSPLC_04_06_2017-EX-10.11-STRATEGIC ALLIANCE AGREEMENT,15471,31,56,52,0.9285714285714286
train,fixed_500_no_overlap,ENTRUSTINC_07_24_1998-EX-10.5-STRATEGIC ALLIANCE AGREEMENT,5893,12,39,38,0.9743589743589743
train,fixed_500_no_overlap,SYKESHEALTHPLANSERVICESINC_04_24_1998-EX-10.14-OUTSOURCING AGREEMENT,1876,4,18,17,0.9444444444444444
train,fixed_500_no_overlap,NATIONALPROCESSINGINC_07_18_1996-EX-10.4-SPONSORSHIP AGREEMENT,4359,9,14,14,1.0
train,fixed_500_no_overlap,SimplicityEsportsGamingCompany_20181130_8-K_EX-10.1_11444071_EX-10.1_Franchise Agreement,4347,9,27,25,0.9259259259259259
train,fixed_500_no_overlap,QIWI_06_16_2017-EX-99.(D)(2)-COOPERATION AGREEMENT,4170,9,16,15,0.9375
train,fixed_500_no_overlap,RemarkHoldingsInc_20081114_10-Q_EX-10.24_2895649_EX-10.24_Content License Agreement,9178,19,54,50,0.9259259259259259
train,fixed_500_no_overlap,CnsPharmaceuticalsInc_20200326_8-K_EX-10.1_12079626_EX-10.1_Development Agreement,3260,7,14,12,0.8571428571428571
train,fixed_500_no_overlap,GluMobileInc_20070319_S-1A_EX-10.09_436630_EX-10.09_Content License Agreement2,1853,4,25,24,0.96
train,fixed_500_no_overlap,"BLUEHILLSBANCORP,INC_05_20_2014-EX-1.1-AGENCY AGREEMENT",21046,43,22,19,0.8636363636363636
train,fixed_500_no_overlap,GarrettMotionInc_20181001_8-K_EX-2.4_11364532_EX-2.4_Intellectual Property Agreement,8757,18,33,24,0.7272727272727273
train,fixed_500_no_overlap,TheglobeComInc_19990503_S-1A_EX-10.20_5416126_EX-10.20_Co-Branding Agreement,6614,14,35,34,0.9714285714285714
train,fixed_500_no_overlap,EmbarkComInc_19991008_S-1A_EX-10.10_6487661_EX-10.10_Co-Branding Agreement,5039,11,22,20,0.9090909090909091
train,fixed_500_no_overlap,TRANSMONTAIGNEPARTNERSLLC_03_13_2020-EX-10.9-SERVICES AGREEMENT,880,2,12,12,1.0
train,fixed_500_no_overlap,"COOLTECHNOLOGIES,INC_10_25_2017-EX-10.71-Strategic Alliance Agreement",2154,5,14,12,0.8571428571428571
train,fixed_500_no_overlap,ALLIANCEBANCORPINCOFPENNSYLVANIA_10_18_2006-EX-1.2-AGENCY AGREEMENT,20957,42,24,24,1.0
train,fixed_500_no_overlap,XpresspaGroupInc_20190401_10-K_EX-10.28_11599457_EX-10.28_Marketing Agreement,8460,17,49,46,0.9387755102040817
train,fixed_500_no_overlap,BellringBrandsInc_20190920_S-1_EX-10.12_11817081_EX-10.12_Manufacturing Agreement2,344,1,9,9,1.0
train,fixed_500_no_overlap,IdeanomicsInc_20160330_10-K_EX-10.26_9512211_EX-10.26_Content License Agreement,6321,13,28,25,0.8928571428571429
train,fixed_500_no_overlap,BIOAMBERINC_04_10_2013-EX-10.34-DEVELOPMENT AGREEMENT (1),5818,12,30,30,1.0
train,fixed_500_no_overlap,PrudentialBancorpInc_20170606_8-K_EX-10.4_10474434_EX-10.4_Endorsement Agreement,2264,5,12,11,0.9166666666666666
train,fixed_500_no_overlap,"BERKELEYLIGHTS,INC_06_26_2020-EX-10.12-COLLABORATION AGREEMENT",32708,66,89,78,0.8764044943820225
train,fixed_500_no_overlap,UnionDentalHoldingsInc_20050204_8-KA_EX-10_3345577_EX-10_Affiliate Agreement,1850,4,11,10,0.9090909090909091
train,fixed_500_no_overlap,WOMENSGOLFUNLIMITEDINC_03_29_2000-EX-10.13-ENDORSEMENT AGREEMENT - Intellectual Property Rights                 Confidentiality and Non-Use Obligations Agreement,940,2,7,7,1.0
train,fixed_500_no_overlap,SPHERE3DCORP_06_24_2020-EX-10.12-CONSULTING AGREEMENT,1897,4,12,12,1.0
train,fixed_500_no_overlap,ENTERPRISEPRODUCTSPARTNERSLP_07_08_1998-EX-10.3-TRANSPORTATION CONTRACT,11141,23,36,33,0.9166666666666666
train,fixed_500_no_overlap,HerImports_20161018_8-KA_EX-10.14_9765707_EX-10.14_Maintenance Agreement,1595,4,8,8,1.0
train,fixed_500_no_overlap,PROLONGINTERNATIONALCORP_03_23_1998-EX-10.16-SPONSORSHIP AGREEMENT,2180,5,11,11,1.0
train,fixed_500_no_overlap,DYNTEKINC_07_30_1999-EX-10-ONLINE HOSTING AGREEMENT,4009,9,20,20,1.0
train,fixed_500_no_overlap,ALAMOGORDOFINANCIALCORP_12_16_1999-EX-1-AGENCY AGREEMENT,18815,38,22,22,1.0
train,fixed_500_no_overlap,StampscomInc_20001114_10-Q_EX-10.47_2631630_EX-10.47_Co-Branding Agreement,11730,24,46,43,0.9347826086956522
train,fixed_500_no_overlap,InvendaCorp_20000828_S-1A_EX-10.2_2588206_EX-10.2_Co-Branding Agreement,14682,30,63,58,0.9206349206349206
train,fixed_500_no_overlap,WebmdHealthCorp_20050908_S-1A_EX-10.7_1027007_EX-10.7_Content License Agreement,2356,5,20,19,0.95
train,fixed_500_no_overlap,SANDRIDGEENERGYINC_08_06_2009-EX-10.6-OPERATIONS AND MAINTENANCE AGREEMENT,10964,22,34,34,1.0
train,fixed_500_no_overlap,ON4COMMUNICATIONSINC_07_02_2009-EX-10.1-PROMOTION AGREEMENT,2349,5,13,13,1.0
train,fixed_500_no_overlap,GluMobileInc_20070319_S-1A_EX-10.09_436630_EX-10.09_Content License Agreement1,17147,35,68,62,0.9117647058823529
train,fixed_500_no_overlap,BANUESTRAFINANCIALCORP_09_08_2006-EX-10.16-AGENCY AGREEMENT,7308,15,12,12,1.0
train,fixed_500_no_overlap,ArtaraTherapeuticsInc_20200110_8-K_EX-10.5_11943350_EX-10.5_License Agreement,5818,12,28,27,0.9642857142857143
train,fixed_500_no_overlap,NlsPharmaceuticsLtd_20200228_F-1_EX-10.14_12029046_EX-10.14_Development Agreement,10546,22,29,28,0.9655172413793104
train,fixed_500_no_overlap,"VIRTUALSCOPICS,INC_11_12_2010-EX-10.1-STRATEGIC ALLIANCE AGREEMENT",7273,15,31,28,0.9032258064516129
train,fixed_500_no_overlap,BellringBrandsInc_20190920_S-1_EX-10.12_11817081_EX-10.12_Manufacturing Agreement1,6565,14,23,22,0.9565217391304348
train,fixed_500_no_overlap,BLUEFLYINC_03_27_2002-EX-10.27-e-business Hosting Agreement,5136,11,31,30,0.967741935483871
train,fixed_500_no_overlap,ASIANDRAGONGROUPINC_08_11_2005-EX-10.5-Reseller Agreement,7018,15,20,19,0.95
train,fixed_500_no_overlap,MANUFACTURERSSERVICESLTD_06_05_2000-EX-10.14-OUTSOURCING AGREEMENT,41962,84,65,63,0.9692307692307692
train,fixed_500_no_overlap,LiquidmetalTechnologiesInc_20200205_8-K_EX-10.1_11968198_EX-10.1_Development Agreement,12529,26,56,47,0.8392857142857143
train,fixed_500_no_overlap,PlayboyEnterprisesInc_20090220_10-QA_EX-10.2_4091580_EX-10.2_Content License Agreement_ Marketing Agreement_ Sales-Purchase Agreement2,526,2,6,6,1.0
train,fixed_500_no_overlap,ZtoExpressCaymanInc_20160930_F-1_EX-10.10_9752871_EX-10.10_Transportation Agreement,1468,3,12,12,1.0
train,fixed_500_no_overlap,2ThemartComInc_19990826_10-12G_EX-10.10_6700288_EX-10.10_Co-Branding Agreement_ Agency Agreement,4467,9,30,29,0.9666666666666667
train,fixed_500_no_overlap,MOELIS_CO_03_24_2014-EX-10.19-STRATEGIC ALLIANCE AGREEMENT,18625,38,51,47,0.9215686274509803
train,fixed_500_no_overlap,XYBERNAUTCORP_07_12_2002-EX-4-SPONSORSHIP AGREEMENT,6661,14,17,15,0.8823529411764706
train,fixed_500_no_overlap,"CARDAX,INC_08_19_2014-EX-10.1-COLLABORATION AGREEMENT",8586,18,23,22,0.9565217391304348
train,fixed_500_no_overlap,"MACY_S,INC_05_11_2020-EX-99.4-JOINT FILING AGREEMENT",216,1,5,5,1.0
train,fixed_500_no_overlap,TALCOTTRESOLUTIONLIFEINSURANCECO-SEPARATEACCOUNTTWELVE_04_30_2020-EX-99.8(L)-SERVICE AGREEMENT,4724,10,12,11,0.9166666666666666
train,fixed_500_no_overlap,ArmstrongFlooringInc_20190107_8-K_EX-10.2_11471795_EX-10.2_Intellectual Property Agreement,8284,17,51,48,0.9411764705882353
train,fixed_500_no_overlap,PFSFUNDS_06_26_2020-EX-99.H OTH MAT CONT-SERVICES AGREEMENT,2435,5,14,13,0.9285714285714286
train,fixed_500_no_overlap,WaterNowInc_20191120_10-Q_EX-10.12_11900227_EX-10.12_Distributor Agreement,7396,15,41,33,0.8048780487804879
train,fixed_500_no_overlap,MTITECHNOLOGYCORP_11_16_2004-EX-10.102-Reseller Agreement Premier Addendum,4685,10,18,18,1.0
train,fixed_500_no_overlap,SCOUTCAMINC_05_12_2020-EX-10.22-SERVICES AGREEMENT,1305,3,18,18,1.0
train,fixed_500_no_overlap,PharmagenInc_20120803_8-KA_EX-10.1_7693204_EX-10.1_Endorsement Agreement,2778,6,19,19,1.0
train,fixed_500_no_overlap,DRKOOPCOMINC_04_21_1999-EX-10.28-SPONSORSHIP AGREEMENT,5546,12,18,15,0.8333333333333334
train,fixed_500_no_overlap,"VNUE,INC_07_10_2015-EX-10.1-SPONSORSHIP AGREEMENT",3207,7,18,17,0.9444444444444444
train,fixed_500_no_overlap,LegacyEducationAllianceInc_20141110_8-K_EX-10.9_8828866_EX-10.9_Endorsement Agreement,3149,7,19,17,0.8947368421052632
train,fixed_500_no_overlap,PcquoteComInc_19990721_S-1A_EX-10.11_6377149_EX-10.11_Co-Branding Agreement3,395,1,7,7,1.0
train,fixed_500_no_overlap,GluMobileInc_20070319_S-1A_EX-10.09_436630_EX-10.09_Content License Agreement4,291,1,8,8,1.0
train,fixed_500_no_overlap,"OPTIMIZEDTRANSPORTATIONMANAGEMENT,INC_07_26_2000-EX-6.6-DISTRIBUTOR AGREEMENT",1367,3,18,17,0.9444444444444444
train,fixed_500_no_overlap,IMAGEWARESYSTEMSINC_12_20_1999-EX-10.22-MAINTENANCE AGREEMENT,2925,6,16,14,0.875
train,fixed_500_no_overlap,NakedBrandGroupInc_20150731_POS AM (on S-1)_EX-10.75_9196027_EX-10.75_Endorsement Agreement,7601,16,35,32,0.9142857142857143
train,fixed_500_no_overlap,ZONDWINDSYSTEMPARTNERSLTDSERIES85-B_04_03_2006-EX-10-MANAGEMENT AND MAINTENANCE AGREEMENT,1368,3,8,8,1.0
train,fixed_500_no_overlap,IbioInc_20200313_8-K_EX-10.1_12052678_EX-10.1_Development Agreement,4657,10,18,17,0.9444444444444444
train,fixed_500_no_overlap,BellringBrandsInc_20190920_S-1_EX-10.12_11817081_EX-10.12_Manufacturing Agreement4,258,1,8,8,1.0
train,fixed_500_no_overlap,ParatekPharmaceuticalsInc_20170505_10-KA_EX-10.29_10323872_EX-10.29_Outsourcing Agreement,17726,36,46,44,0.9565217391304348
train,fixed_500_no_overlap,JOINTCORP_09_19_2014-EX-10.15-FRANCHISE AGREEMENT,26623,54,86,75,0.872093023255814
train,fixed_500_no_overlap,VnueInc_20150914_8-K_EX-10.1_9259571_EX-10.1_Promotion Agreement,1634,4,12,11,0.9166666666666666
train,fixed_500_no_overlap,NEXSTARFINANCEHOLDINGSINC_03_27_2002-EX-10.26-OUTSOURCING AGREEMENT,18265,37,25,24,0.96
train,fixed_500_no_overlap,SUNTRONCORP_05_17_2006-EX-10.22-MAINTENANCE AGREEMENT,4818,10,27,25,0.9259259259259259
train,fixed_500_no_overlap,"SPIENERGYCO,LTD_03_09_2011-EX-99.5-OPERATIONS AND MAINTENANCE AGREEMENT",8153,17,21,17,0.8095238095238095
train,fixed_500_no_overlap,SteelVaultCorp_20081224_10-K_EX-10.16_3074935_EX-10.16_Affiliate Agreement,2709,6,16,16,1.0
train,fixed_500_no_overlap,"KIROMICBIOPHARMA,INC_04_08_2020-EX-10.28-JOINT VENTURE AGREEMENT",5749,12,25,25,1.0
train,fixed_500_no_overlap,PlayboyEnterprisesInc_20090220_10-QA_EX-10.2_4091580_EX-10.2_Content License Agreement_ Marketing Agreement_ Sales-Purchase Agreement1,17994,36,70,64,0.9142857142857143
train,fixed_500_no_overlap,TubeMediaCorp_20060310_8-K_EX-10.1_513921_EX-10.1_Affiliate Agreement,10728,22,49,46,0.9387755102040817
train,fixed_500_no_overlap,"MARSHALLHOLDINGSINTERNATIONAL,INC_04_14_2004-EX-10.15-ENDORSEMENT AGREEMENT",1716,4,16,16,1.0
train,fixed_500_no_overlap,BLACKBOXSTOCKSINC_08_05_2014-EX-10.1-DISTRIBUTOR AGREEMENT,2706,6,21,21,1.0
train,fixed_500_no_overlap,WARNERCHILCOTTPLC_12_31_2003-EX-4.36-DEVELOPMENT AGREEMENT,4152,9,13,11,0.8461538461538461
train,fixed_500_no_overlap,VertexEnergyInc_20200113_8-K_EX-10.1_11943624_EX-10.1_Marketing Agreement,7280,15,26,26,1.0
train,fixed_500_no_overlap,NETZEEINC_11_14_2002-EX-10.3-MAINTENANCE AGREEMENT,464,1,9,9,1.0
train,fixed_500_no_overlap,REGANHOLDINGCORP_03_31_2008-EX-10-LICENSE AND HOSTING AGREEMENT,8824,18,22,20,0.9090909090909091
train,fixed_500_no_overlap,MidwestEnergyEmissionsCorp_20080604_8-K_EX-10.2_3093976_EX-10.2_Content License Agreement,5199,11,31,28,0.9032258064516129
train,fixed_500_no_overlap,HYDRONTECHNOLOGIESINC_03_31_1997-EX-10.47-SPONSORSHIP AGREEMENT,4114,9,14,14,1.0
train,fixed_500_no_overlap,CcRealEstateIncomeFundadv_20181205_POS 8C_EX-99.(H)(3)_11447739_EX-99.(H)(3)_Marketing Agreement,4695,10,14,14,1.0
train,fixed_500_no_overlap,"BLUEROCKRESIDENTIALGROWTHREIT,INC_06_01_2016-EX-1.1-AGENCY AGREEMENT",20909,42,17,16,0.9411764705882353
train,fixed_500_no_overlap,"TALLGRASSENERGY,LP_02_20_2020-EX-99.26-JOINT FILING AGREEMENT",621,2,12,12,1.0
train,fixed_500_no_overlap,KINGPHARMACEUTICALSINC_08_09_2006-EX-10.1-PROMOTION AGREEMENT,26840,54,64,60,0.9375
train,fixed_500_no_overlap,PerformanceSportsBrandsInc_20110909_S-1_EX-10.10_7220214_EX-10.10_Endorsement Agreement,4118,9,24,22,0.9166666666666666
train,fixed_500_overlap_100,LIMEENERGYCO_09_09_1999-EX-10-DISTRIBUTOR AGREEMENT,5998,15,46,46,1.0
train,fixed_500_overlap_100,"WHITESMOKE,INC_11_08_2011-EX-10.26-PROMOTION AND DISTRIBUTION AGREEMENT",11313,29,27,27,1.0
train,fixed_500_overlap_100,NELNETINC_04_08_2020-EX-1-JOINT FILING AGREEMENT,170,1,4,4,1.0
train,fixed_500_overlap_100,ADAMSGOLFINC_03_21_2005-EX-10.17-ENDORSEMENT AGREEMENT,3770,10,23,23,1.0
train,fixed_500_overlap_100,"KIROMICBIOPHARMA,INC_05_11_2020-EX-10.23-CONSULTING AGREEMENT",2766,7,24,24,1.0
train,fixed_500_overlap_100,"VEONEER,INC_02_21_2020-EX-10.11-JOINT VENTURE AGREEMENT",1334,4,16,16,1.0
train,fixed_500_overlap_100,"MetLife, Inc. - Remarketing Agreement",17518,44,16,15,0.9375
train,fixed_500_overlap_100,"FTENETWORKS,INC_02_18_2016-EX-99.4-STRATEGIC ALLIANCE AGREEMENT",5761,15,33,33,1.0
train,fixed_500_overlap_100,DOMINIADVISORTRUST_02_18_2005-EX-99.(H)(2)-SPONSORSHIP AGREEMENT,1847,5,13,13,1.0
train,fixed_500_overlap_100,PfHospitalityGroupInc_20150923_10-12G_EX-10.1_9266710_EX-10.1_Franchise Agreement3,1014,3,12,12,1.0
train,fixed_500_overlap_100,CerenceInc_20191002_8-K_EX-10.4_11827494_EX-10.4_Intellectual Property Agreement,9608,24,40,40,1.0
train,fixed_500_overlap_100,ReynoldsConsumerProductsInc_20191115_S-1_EX-10.18_11896469_EX-10.18_Supply Agreement,9599,24,26,25,0.9615384615384616
train,fixed_500_overlap_100,IntegrityFunds_20200121_485BPOS_EX-99.E UNDR CONTR_11948727_EX-99.E UNDR CONTR_Service Agreement,3784,10,12,12,1.0
train,fixed_500_overlap_100,PREMIERBIOMEDICALINC_05_14_2020-EX-10.2-INTELLECTUAL PROPERTY AGREEMENT,3596,9,22,22,1.0
train,fixed_500_overlap_100,"SIBANNAC,INC_12_04_2017-EX-2.1-Strategic Alliance Agreement",1236,3,14,14,1.0
train,fixed_500_overlap_100,INTRICONCORP_03_10_2009-EX-10.22-Strategic Alliance Agreement,7774,20,35,35,1.0
train,fixed_500_overlap_100,BONTONSTORESINC_04_20_2018-EX-99.3-AGENCY AGREEMENT,26842,67,43,43,1.0
train,fixed_500_overlap_100,"ON2TECHNOLOGIES,INC_11_17_2006-EX-10.3-SUPPORT AND MAINTENANCE AGREEMENT",8844,22,17,17,1.0
train,fixed_500_overlap_100,Freecook_20180605_S-1_EX-10.3_11233807_EX-10.3_Hosting Agreement,997,3,10,10,1.0
train,fixed_500_overlap_100,OPERALTD_04_30_2020-EX-4.14-SERVICE AGREEMENT,3326,9,21,21,1.0
train,fixed_500_overlap_100,"BORROWMONEYCOM,INC_06_11_2020-EX-10.1-JOINT VENTURE AGREEMENT",3507,9,11,11,1.0
train,fixed_500_overlap_100,ZEBRATECHNOLOGIESCORP_04_16_2014-EX-10.1-INTELLECTUAL PROPERTY AGREEMENT,19581,49,45,39,0.8666666666666667
train,fixed_500_overlap_100,ChinaRealEstateInformationCorp_20090929_F-1_EX-10.32_4771615_EX-10.32_Content License Agreement,7522,19,24,24,1.0
train,fixed_500_overlap_100,GLOBALTECHNOLOGIESLTD_06_08_2020-EX-10.16-CONSULTING AGREEMENT,3199,8,12,12,1.0
train,fixed_500_overlap_100,PfHospitalityGroupInc_20150923_10-12G_EX-10.1_9266710_EX-10.1_Franchise Agreement1,24389,61,84,82,0.9761904761904762
train,fixed_500_overlap_100,CORIOINC_07_20_2000-EX-10.5-LICENSE AND HOSTING AGREEMENT,8396,21,53,53,1.0
train,fixed_500_overlap_100,SENMIAOTECHNOLOGYLTD_02_19_2019-EX-10.5-Collaboration Agreement,11876,30,33,33,1.0
train,fixed_500_overlap_100,HealthcareIntegratedTechnologiesInc_20190812_8-K_EX-10.1_11776966_EX-10.1_Reseller Agreement,3519,9,22,21,0.9545454545454546
train,fixed_500_overlap_100,LOYALTYPOINTINC_11_16_2004-EX-10.2-RESELLER AGREEMENT,12890,32,30,30,1.0
train,fixed_500_overlap_100,BNCMORTGAGEINC_05_17_1999-EX-10.4-LICENSING AND WEB SITE HOSTING AGREEMENT,4739,12,17,17,1.0
train,fixed_500_overlap_100,ENERGOUSCORP_03_16_2017-EX-10.24-STRATEGIC ALLIANCE AGREEMENT,12422,31,67,67,1.0
train,fixed_500_overlap_100,CytodynInc_20200109_10-Q_EX-10.5_11941634_EX-10.5_License Agreement,24801,62,52,52,1.0
train,fixed_500_overlap_100,NICELTD_06_26_2003-EX-4.5-OUTSOURCING AGREEMENT,18608,47,29,29,1.0
train,fixed_500_overlap_100,ImpresseCorp_20000322_S-1A_EX-10.11_5199234_EX-10.11_Co-Branding Agreement,7249,18,32,32,1.0
train,fixed_500_overlap_100,AlliedEsportsEntertainmentInc_20190815_8-K_EX-10.19_11788293_EX-10.19_Content License Agreement,5471,14,30,30,1.0
train,fixed_500_overlap_100,CreditcardscomInc_20070810_S-1_EX-10.33_362297_EX-10.33_Affiliate Agreement,4045,10,13,13,1.0
train,fixed_500_overlap_100,GALACTICOMMTECHNOLOGIESINC_11_07_1997-EX-10.46-WEB HOSTING AGREEMENT,223,1,5,5,1.0
train,fixed_500_overlap_100,"Zounds Hearing, Inc. - MANUFACTURING DESIGN MARKETING AGREEMENT",6897,17,31,31,1.0
train,fixed_500_overlap_100,CUROGROUPHOLDINGSCORP_05_04_2020-EX-10.3-SERVICING AGREEMENT,5793,15,12,12,1.0
train,fixed_500_overlap_100,SouthernStarEnergyInc_20051202_SB-2A_EX-9_801890_EX-9_Affiliate Agreement,3607,9,17,17,1.0
train,fixed_500_overlap_100,ConformisInc_20191101_10-Q_EX-10.6_11861402_EX-10.6_Development Agreement,9583,24,33,33,1.0
train,fixed_500_overlap_100,Principal Life Insurance Company - Broker Dealer Marketing and Servicing Agreement,4366,11,15,15,1.0
train,fixed_500_overlap_100,LegacyEducationAllianceInc_20200330_10-K_EX-10.18_12090678_EX-10.18_Development Agreement,7337,19,49,49,1.0
train,fixed_500_overlap_100,VerizonAbsLlc_20200123_8-K_EX-10.4_11952335_EX-10.4_Service Agreement,45143,113,26,25,0.9615384615384616
train,fixed_500_overlap_100,VERICELCORP_08_06_2019-EX-10.10-SUPPLY AGREEMENT,15862,40,39,38,0.9743589743589743
train,fixed_500_overlap_100,WPPPLC_04_30_2020-EX-4.28-SERVICE AGREEMENT,10958,28,26,25,0.9615384615384616
train,fixed_500_overlap_100,WORLDWIDESTRATEGIESINC_11_02_2005-EX-10-RESELLER AGREEMENT,10830,27,43,43,1.0
train,fixed_500_overlap_100,FEDERATEDGOVERNMENTINCOMESECURITIESINC_04_28_2020-EX-99.SERV AGREE-SERVICES AGREEMENT_SECONDAMENDMENT,820,2,8,8,1.0
train,fixed_500_overlap_100,AzulSa_20170303_F-1A_EX-10.3_9943903_EX-10.3_Maintenance Agreement2,2549,7,13,13,1.0
train,fixed_500_overlap_100,PelicanDeliversInc_20200211_S-1_EX-10.3_11975895_EX-10.3_Development Agreement1,2820,7,6,6,1.0
train,fixed_500_overlap_100,ORBSATCORP_08_17_2007-EX-7.3-STRATEGIC ALLIANCE AGREEMENT,2909,8,19,19,1.0
train,fixed_500_overlap_100,DRAGONSYSTEMSINC_01_08_1999-EX-10.17-OUTSOURCING AGREEMENT,1088,3,13,13,1.0
train,fixed_500_overlap_100,SEPARATEACCOUNTIIOFAGL_05_02_2011-EX-99.(J)(4)-UNCONDITIONAL CAPITAL MAINTENANCE AGREEMENT,2845,7,13,13,1.0
train,fixed_500_overlap_100,ImperialGardenResortInc_20161028_DRS (on F-1)_EX-10.13_9963189_EX-10.13_Outsourcing Agreement,1849,5,7,7,1.0
train,fixed_500_overlap_100,"VIRGINGALACTICHOLDINGS,INC_04_08_2020-EX-99.1-JOINT FILING STATEMENT",188,1,6,6,1.0
train,fixed_500_overlap_100,FuseMedicalInc_20190321_10-K_EX-10.43_11575454_EX-10.43_Distributor Agreement,5339,14,21,21,1.0
train,fixed_500_overlap_100,ASPIRITYHOLDINGSLLC_05_07_2012-EX-10.6-OUTSOURCING AGREEMENT,10095,25,28,28,1.0
train,fixed_500_overlap_100,"OASYSMOBILE,INC_07_05_2001-EX-10.17-OUTSOURCING AGREEMENT",8147,21,47,47,1.0
train,fixed_500_overlap_100,MEDIWOUNDLTD_01_15_2014-EX-10.6-SUPPLY AGREEMENT,7708,20,27,27,1.0
train,fixed_500_overlap_100,UpjohnInc_20200121_10-12G_EX-2.6_11948692_EX-2.6_Manufacturing Agreement_ Supply Agreement,33948,85,95,94,0.9894736842105263
train,fixed_500_overlap_100,"Antares Pharma, Inc. - Manufacturing Agreement",16365,41,20,20,1.0
train,fixed_500_overlap_100,RareElementResourcesLtd_20171019_SC 13D_EX-99.4_10897534_EX-99.4_Intellectual Property Agreement,5415,14,33,33,1.0
train,fixed_500_overlap_100,VARIABLESEPARATEACCOUNT_04_30_2014-EX-13.C-UNCONDITIONAL CAPITAL MAINTENANCE AGREEMENT,2381,6,14,14,1.0
train,fixed_500_overlap_100,ABILITYINC_06_15_2020-EX-4.25-SERVICES AGREEMENT,4115,11,16,16,1.0
train,fixed_500_overlap_100,ELECTRAMECCANICA VEHICLES CORP. - Manufacturing Agreement,7251,18,30,30,1.0
train,fixed_500_overlap_100,GopageCorp_20140221_10-K_EX-10.1_8432966_EX-10.1_Content License Agreement,6030,15,25,25,1.0
train,fixed_500_overlap_100,BICYCLETHERAPEUTICSPLC_03_10_2020-EX-10.11-SERVICE AGREEMENT,9252,23,27,25,0.9259259259259259
train,fixed_500_overlap_100,TELEGLOBEINTERNATIONALHOLDINGSLTD_03_29_2004-EX-10.10-CONSTRUCTION AND MAINTENANCE AGREEMENT,15095,38,62,62,1.0
train,fixed_500_overlap_100,INTERNATIONALFASTFOODCORP_04_04_1997-EX-99-FRANCHISE AGREEMENT,16157,41,65,65,1.0
train,fixed_500_overlap_100,BIOCEPTINC_08_19_2013-EX-10-COLLABORATION AGREEMENT,12142,31,40,40,1.0
train,fixed_500_overlap_100,PACIFICSYSTEMSCONTROLTECHNOLOGYINC_08_24_2000-EX-10.53-SPONSORSHIP AGREEMENT,682,2,9,9,1.0
train,fixed_500_overlap_100,NANOPHASETECHNOLOGIESCORP_11_01_2005-EX-99.1-DISTRIBUTOR AGREEMENT,7663,19,37,37,1.0
train,fixed_500_overlap_100,AzulSa_20170303_F-1A_EX-10.3_9943903_EX-10.3_Maintenance Agreement1,34155,86,41,41,1.0
train,fixed_500_overlap_100,PelicanDeliversInc_20200211_S-1_EX-10.3_11975895_EX-10.3_Development Agreement2,4870,12,21,21,1.0
train,fixed_500_overlap_100,"NETGEAR,INC_04_21_2003-EX-10.16-AMENDMENT TO THE DISTRIBUTOR AGREEMENT BETWEEN INGRAM MICRO AND NETGEAR",973,3,8,8,1.0
train,fixed_500_overlap_100,NEONSYSTEMSINC_03_01_1999-EX-10.5-DISTRIBUTOR AGREEMENT_Amendment,2848,7,32,32,1.0
train,fixed_500_overlap_100,SPARKLINGSPRINGWATERHOLDINGSLTD_07_03_2002-EX-10.13-SOFTWARE LICENSE AND MAINTENANCE AGREEMENT,3885,10,28,28,1.0
train,fixed_500_overlap_100,NUVEEN - REMARKETING AGREEMENT,11298,28,17,17,1.0
train,fixed_500_overlap_100,SECURIANFUNDSTRUST_05_01_2012-EX-99.28.H.9-NET INVESTMENT INCOME MAINTENANCE AGREEMENT,1538,4,13,13,1.0
train,fixed_500_overlap_100,WELLSFARGOMORTGAGEBACKEDSECURITIES2006-6TRUST_05_11_2006-EX-10.3-Yield Maintenance Agreement,5299,13,12,12,1.0
train,fixed_500_overlap_100,REWALKROBOTICSLTD_07_10_2014-EX-10.2-STRATEGIC ALLIANCE AGREEMENT,2320,6,15,15,1.0
train,fixed_500_overlap_100,PenntexMidstreamPartnersLp_20150416_S-1A_EX-10.4_9042833_EX-10.4_Transportation Agreement,7965,20,20,20,1.0
train,fixed_500_overlap_100,FerroglobePlc_20150624_F-4A_EX-10.20_9154746_EX-10.20_Outsourcing Agreement,4627,12,13,13,1.0
train,fixed_500_overlap_100,TodosMedicalLtd_20190328_20-F_EX-4.10_11587157_EX-4.10_Marketing Agreement_ Reseller Agreement,5066,13,31,31,1.0
train,fixed_500_overlap_100,PrecheckHealthServicesInc_20200320_8-K_EX-99.2_12070169_EX-99.2_Distributor Agreement,970,3,13,13,1.0
train,fixed_500_overlap_100,INKTOMICORP_06_08_1998-EX-10.14-SOFTWARE HOSTING AGREEMENT,9916,25,29,29,1.0
train,fixed_500_overlap_100,"OAKTREECAPITALGROUP,LLC_03_02_2020-EX-10.8-Services Agreement",3194,8,14,14,1.0
train,fixed_500_overlap_100,BANGIINC_05_25_2005-EX-10-Premium Managed Hosting Agreement,302,1,6,6,1.0
train,fixed_500_overlap_100,AMERICANPHYSICIANSCAPITALINC_03_31_2003-EX-10.26-AGENCY AGREEMENT,2901,8,25,25,1.0
train,fixed_500_overlap_100,GULFSOUTHMEDICALSUPPLYINC_12_24_1997-EX-4-AFFILIATE AGREEMENT,2765,7,9,9,1.0
train,fixed_500_overlap_100,"BELLRINGBRANDS,INC_02_07_2020-EX-10.18-MASTER SUPPLY AGREEMENT",5813,15,28,28,1.0
train,fixed_500_overlap_100,AimmuneTherapeuticsInc_20200205_8-K_EX-10.3_11967170_EX-10.3_Development Agreement,25298,63,56,52,0.9285714285714286
train,fixed_500_overlap_100,HEALTHGATEDATACORP_11_24_1999-EX-10.1-HOSTING AND MANAGEMENT AGREEMENT (1),17975,45,51,51,1.0
train,fixed_500_overlap_100,"INTELLIGENTHIGHWAYSOLUTIONS,INC_01_18_2018-EX-10.1-Strategic Alliance Agreement",1217,3,14,14,1.0
train,fixed_500_overlap_100,ATMOSENERGYCORP_11_22_2002-EX-10.17-TRANSPORTATION SERVICE AGREEMENT,2588,7,18,18,1.0
train,fixed_500_overlap_100,PacificapEntertainmentHoldingsInc_20051115_8-KA_EX-1.01_4300894_EX-1.01_Content License Agreement,2500,6,15,15,1.0
train,fixed_500_overlap_100,ReedsInc_20191113_10-Q_EX-10.4_11888303_EX-10.4_Development Agreement,4301,11,19,19,1.0
train,fixed_500_overlap_100,RgcResourcesInc_20151216_8-K_EX-10.3_9372751_EX-10.3_Franchise Agreement,805,2,10,10,1.0
train,fixed_500_overlap_100,"BELLICUMPHARMACEUTICALS,INC_05_07_2019-EX-10.1-Supply Agreement",28275,71,69,68,0.9855072463768116
train,fixed_500_overlap_100,MARTINMIDSTREAMPARTNERSLP_01_23_2004-EX-10.3-TRANSPORTATION SERVICES AGREEMENT,2175,6,17,17,1.0
train,fixed_500_overlap_100,RUBIOSRESTAURANTSINC_03_31_2008-EX-10.75-SPONSORSHIP AGREEMENT,5760,15,20,20,1.0
train,fixed_500_overlap_100,CardlyticsInc_20180112_S-1_EX-10.16_11002987_EX-10.16_Maintenance Agreement2,387,1,6,6,1.0
train,fixed_500_overlap_100,"XLITECHNOLOGIES,INC_12_11_2015-EX-10.1-Sponsorship Agreement",2851,7,16,16,1.0
train,fixed_500_overlap_100,ScansourceInc_20190822_10-K_EX-10.38_11793958_EX-10.38_Distributor Agreement2,2044,5,18,18,1.0
train,fixed_500_overlap_100,VERTEXENERGYINC_08_14_2014-EX-10.24-OPERATION AND MAINTENANCE AGREEMENT,8601,22,29,29,1.0
train,fixed_500_overlap_100,NYLIACVARIABLEANNUITYSEPARATEACCOUNTIII_04_10_2020-EX-99.8.KK-SERVICE AGREEMENT,1072,3,12,12,1.0
train,fixed_500_overlap_100,AlliedEsportsEntertainmentInc_20190815_8-K_EX-10.34_11788308_EX-10.34_Sponsorship Agreement,5852,15,25,25,1.0
train,fixed_500_overlap_100,SLOVAKWIRELESSFINANCECOBV_03_28_2001-EX-4.(B)(II).3-Maintenance and support contract for SICAP(R) modules,3435,9,9,9,1.0
train,fixed_500_overlap_100,ANIXABIOSCIENCESINC_06_09_2020-EX-10.1-COLLABORATION AGREEMENT,6178,16,31,30,0.967741935483871
train,fixed_500_overlap_100,"ELFBEAUTY,INC_07_02_2020-EX-10.1-COOPERATION AGREEMENT",7265,18,17,17,1.0
train,fixed_500_overlap_100,DigitalCinemaDestinationsCorp_20111220_S-1_EX-10.10_7346719_EX-10.10_Affiliate Agreement,16673,42,63,62,0.9841269841269841
train,fixed_500_overlap_100,VERTICALNETINC_04_01_2002-EX-10.19-MAINTENANCE AND SUPPORT AGREEMENT,10705,27,31,31,1.0
train,fixed_500_overlap_100,TcPipelinesLp_20160226_10-K_EX-99.12_9454048_EX-99.12_Transportation Agreement,916,3,11,11,1.0
train,fixed_500_overlap_100,HUBEIMINKANGPHARMACEUTICALLTD_09_19_2006-EX-10.1-OUTSOURCING AGREEMENT,1836,5,13,13,1.0
train,fixed_500_overlap_100,ACCURAYINC_09_01_2010-EX-10.31-DISTRIBUTOR AGREEMENT,13349,34,30,28,0.9333333333333333
train,fixed_500_overlap_100,"MIDDLEBROOKPHARMACEUTICALS,INC_03_18_2010-EX-10.1-PROMOTION AGREEMENT",8879,22,23,23,1.0
train,fixed_500_overlap_100,ArcGroupInc_20171211_8-K_EX-10.1_10976103_EX-10.1_Sponsorship Agreement,2622,7,9,9,1.0
train,fixed_500_overlap_100,AtnInternationalInc_20191108_10-Q_EX-10.1_11878541_EX-10.1_Maintenance Agreement,34973,88,70,68,0.9714285714285714
train,fixed_500_overlap_100,"SightLife Surgical, Inc. - STRATEGIC SALES _ MARKETING AGREEMENT",3604,9,23,23,1.0
train,fixed_500_overlap_100,InmodeLtd_20190729_F-1A_EX-10.9_11743243_EX-10.9_Manufacturing Agreement,6122,16,23,23,1.0
train,fixed_500_overlap_100,FUSIONPHARMACEUTICALSINC_06_05_2020-EX-10.17-Supply Agreement - FUSION,6318,16,29,29,1.0
train,fixed_500_overlap_100,URSCORPNEW_03_17_2014-EX-99-COOPERATION AGREEMENT,6004,15,9,8,0.8888888888888888
train,fixed_500_overlap_100,GpaqAcquisitionHoldingsInc_20200123_S-4A_EX-10.6_11951677_EX-10.6_License Agreement,7187,18,45,45,1.0
train,fixed_500_overlap_100,SalesforcecomInc_20171122_10-Q_EX-10.1_10961535_EX-10.1_Reseller Agreement,435,1,6,6,1.0
train,fixed_500_overlap_100,SLINGERBAGINC_05_27_2020-EX-10.7-CONSULTING AGREEMENT,5346,14,15,15,1.0
train,fixed_500_overlap_100,IGENEBIOTECHNOLOGYINC_05_13_2003-EX-1-JOINT VENTURE AGREEMENT,11330,29,28,28,1.0
train,fixed_500_overlap_100,ENERGYXXILTD_05_08_2015-EX-10.13-Transportation AGREEMENT,9243,23,23,23,1.0
train,fixed_500_overlap_100,EtonPharmaceuticalsInc_20191114_10-Q_EX-10.1_11893941_EX-10.1_Development Agreement,10256,26,27,27,1.0
train,fixed_500_overlap_100,ScansourceInc_20190822_10-K_EX-10.38_11793958_EX-10.38_Distributor Agreement1,12904,33,42,41,0.9761904761904762
train,fixed_500_overlap_100,CardlyticsInc_20180112_S-1_EX-10.16_11002987_EX-10.16_Maintenance Agreement1,25087,63,93,90,0.967741935483871
train,fixed_500_overlap_100,"NETGEAR,INC_04_21_2003-EX-10.16-DISTRIBUTOR AGREEMENT",6029,15,45,45,1.0
train,fixed_500_overlap_100,EcoScienceSolutionsInc_20171117_8-K_EX-10.1_10956472_EX-10.1_Endorsement Agreement,2843,7,17,17,1.0
train,fixed_500_overlap_100,AMERICASSHOPPINGMALLINC_12_10_1999-EX-10.2-SITE DEVELOPMENT AND HOSTING AGREEMENT,2892,7,22,22,1.0
train,fixed_500_overlap_100,DataCallTechnologies_20060918_SB-2A_EX-10.9_944510_EX-10.9_Content License Agreement,1666,4,22,22,1.0
train,fixed_500_overlap_100,JINGWEIINTERNATIONALLTD_10_04_2007-EX-10.7-INTELLECTUAL PROPERTY AGREEMENT,2356,6,18,18,1.0
train,fixed_500_overlap_100,FEDERATEDGOVERNMENTINCOMESECURITIESINC_04_28_2020-EX-99.SERV AGREE-SERVICES AGREEMENT,1762,5,13,13,1.0
train,fixed_500_overlap_100,MRSFIELDSORIGINALCOOKIESINC_01_29_1998-EX-10-FRANCHISE AGREEMENT,33705,85,78,76,0.9743589743589743
train,fixed_500_overlap_100,PalmerSquareCapitalBdcInc_20200116_10-12GA_EX-10.6_11949289_EX-10.6_Trademark License Agreement,2306,6,19,19,1.0
train,fixed_500_overlap_100,LUCIDINC_04_15_2011-EX-10.9-DISTRIBUTOR AGREEMENT,2351,6,20,20,1.0
train,fixed_500_overlap_100,UsioInc_20040428_SB-2_EX-10.11_1723988_EX-10.11_Affiliate Agreement 2,3740,10,28,28,1.0
train,fixed_500_overlap_100,EmmisCommunicationsCorp_20191125_8-K_EX-10.6_11906433_EX-10.6_Marketing Agreement,2709,7,11,11,1.0
train,fixed_500_overlap_100,ENTERTAINMENTGAMINGASIAINC_02_15_2005-EX-10.5-DISTRIBUTOR AGREEMENT,6920,18,38,36,0.9473684210526315
train,fixed_500_overlap_100,"Magenta Therapeutics, Inc. - Master Development and Manufacturing Agreement",11308,29,33,33,1.0
train,fixed_500_overlap_100,"GRIDIRONBIONUTRIENTS,INC_02_05_2020-EX-10.3-SUPPLY AGREEMENT",903,3,10,10,1.0
train,fixed_500_overlap_100,PapaJohnsInternationalInc_20190617_8-K_EX-10.1_11707365_EX-10.1_Endorsement Agreement,10661,27,35,33,0.9428571428571428
train,fixed_500_overlap_100,SUMMAFOURINC_06_19_1998-EX-10.3-SOFTWARE LICENSE AND MAINTENANCE AGREEMENT,14158,36,34,34,1.0
train,fixed_500_overlap_100,MACROGENICSINC_08_02_2013-EX-10-COLLABORATION AGREEMENT,25333,64,51,51,1.0
train,fixed_500_overlap_100,GSVINC_05_15_1998-EX-10-SPONSORSHIP AGREEMENT,5880,15,22,22,1.0
train,fixed_500_overlap_100,MorganStanleyDirectLendingFund_20191119_10-12GA_EX-10.5_11898508_EX-10.5_Trademark License Agreement,2438,6,27,27,1.0
train,fixed_500_overlap_100,ELANDIAINTERNATIONALINC_04_25_2007-EX-10.21-Outsourcing Agreement,12396,31,25,25,1.0
train,fixed_500_overlap_100,PareteumCorp_20081001_8-K_EX-99.1_2654808_EX-99.1_Hosting Agreement,10213,26,23,23,1.0
train,fixed_500_overlap_100,PhasebioPharmaceuticalsInc_20200330_10-K_EX-10.21_12086810_EX-10.21_Development Agreement,45650,114,88,83,0.9431818181818182
train,fixed_500_overlap_100,"KUBIENT,INC_07_02_2020-EX-10.14-MASTER SERVICES AGREEMENT_Part2",1185,3,13,13,1.0
train,fixed_500_overlap_100,EdietsComInc_20001030_10QSB_EX-10.4_2606646_EX-10.4_Co-Branding Agreement,9075,23,48,48,1.0
train,fixed_500_overlap_100,LECLANCHÉ S.A. - JOINT DEVELOPMENT AND MARKETING AGREEMENT,3207,8,19,19,1.0
train,fixed_500_overlap_100,CardlyticsInc_20180112_S-1_EX-10.16_11002987_EX-10.16_Maintenance Agreement4,756,2,12,12,1.0
train,fixed_500_overlap_100,TomOnlineInc_20060501_20-F_EX-4.46_749700_EX-4.46_Co-Branding Agreement,17487,44,56,54,0.9642857142857143
train,fixed_500_overlap_100,"CERES,INC_01_25_2012-EX-10.20-Collaboration Agreement",45577,114,66,65,0.9848484848484849
train,fixed_500_overlap_100,"INTERSECTENT,INC_05_11_2020-EX-10.1-SUPPLY AGREEMENT",5973,15,18,18,1.0
train,fixed_500_overlap_100,"TRANSPHORM,INC_02_14_2020-EX-10.12(1)-JOINT VENTURE AGREEMENT",15468,39,35,33,0.9428571428571428
train,fixed_500_overlap_100,EuromediaHoldingsCorp_20070215_10SB12G_EX-10.B(01)_525118_EX-10.B(01)_Content License Agreement,4580,12,30,30,1.0
train,fixed_500_overlap_100,"Sonos, Inc. - Manufacturing Agreement ",17177,43,53,53,1.0
train,fixed_500_overlap_100,"ASHWORTHINC_01_29_1999-EX-10.(D)-PROMOTION AGREEMENT AND NANTZ COMMUNICATIONS, INC.",3589,9,27,27,1.0
train,fixed_500_overlap_100,LIGHTBRIDGECORP_11_23_2015-EX-10.26-STRATEGIC ALLIANCE AGREEMENT,3023,8,11,11,1.0
train,fixed_500_overlap_100,"XLITECHNOLOGIES,INC_12_02_2015-EX-10.02-STRATEGIC ALLIANCE AGREEMENT",875,2,9,9,1.0
train,fixed_500_overlap_100,HYPERIONSOFTWARECORP_09_28_1994-EX-10.47-EXCLUSIVE DISTRIBUTOR AGREEMENT,5290,13,30,30,1.0
train,fixed_500_overlap_100,BUFFALOWILDWINGSINC_06_05_1998-EX-10.3-FRANCHISE AGREEMENT,23663,59,86,83,0.9651162790697675
train,fixed_500_overlap_100,ReynoldsConsumerProductsInc_20200121_S-1A_EX-10.22_11948918_EX-10.22_Service Agreement,17207,43,26,26,1.0
train,fixed_500_overlap_100,"GWG HOLDINGS, INC. - ORDERLY MARKETING AGREEMENT",4177,11,12,12,1.0
train,fixed_500_overlap_100,BLACKROCKMUNIHOLDINGSINVESTMENTQUALITYFUND_04_07_2020-EX-99.01-JOINT FILING AGREEMENT,201,1,6,6,1.0
train,fixed_500_overlap_100,ALLISONTRANSMISSIONHOLDINGSINC_12_15_2014-EX-99.1-COOPERATION AGREEMENT,5202,13,18,18,1.0
train,fixed_500_overlap_100,WARNINGMANAGEMENTSERVICESINC_12_10_1999-EX-10-ENDORSEMENT AGREEMENT,4602,12,32,31,0.96875
train,fixed_500_overlap_100,LinkPlusCorp_20050802_8-K_EX-10_3240252_EX-10_Affiliate Agreement,2899,7,32,32,1.0
train,fixed_500_overlap_100,SMITHELECTRICVEHICLESCORP_04_04_2012-EX-10.26-FLEET MAINTENANCE AGREEMENT,13201,33,29,28,0.9655172413793104
train,fixed_500_overlap_100,CHINARECYCLINGENERGYCORP_11_14_2013-EX-10.6-Cooperation Agreement,2664,7,13,13,1.0
train,fixed_500_overlap_100,"KUBIENT,INC_07_02_2020-EX-10.14-MASTER SERVICES AGREEMENT_Part1",4014,10,20,20,1.0
train,fixed_500_overlap_100,NeoformaInc_19991202_S-1A_EX-10.26_5224521_EX-10.26_Co-Branding Agreement,13370,34,70,70,1.0
train,fixed_500_overlap_100,AULAMERICANUNITTRUST_04_24_2020-EX-99.8.77-SERVICING AGREEMENT,5607,14,16,16,1.0
train,fixed_500_overlap_100,VIOLINMEMORYINC_12_12_2012-EX-10.14-SPONSORSHIP AGREEMENT,8499,21,30,30,1.0
train,fixed_500_overlap_100,RaeSystemsInc_20001114_10-Q_EX-10.57_2631790_EX-10.57_Co-Branding Agreement,5582,14,29,29,1.0
train,fixed_500_overlap_100,QBIOMEDINC_04_08_2020-EX-99.1-JOINT FILING AGREEMENT,429,1,13,13,1.0
train,fixed_500_overlap_100,ZogenixInc_20190509_10-Q_EX-10.2_11663313_EX-10.2_Distributor Agreement,26626,67,70,70,1.0
train,fixed_500_overlap_100,LeadersonlineInc_20000427_S-1A_EX-10.8_4991089_EX-10.8_Co-Branding Agreement,8078,20,44,44,1.0
train,fixed_500_overlap_100,ArcaUsTreasuryFund_20200207_N-2_EX-99.K5_11971930_EX-99.K5_Development Agreement,2316,6,12,12,1.0
train,fixed_500_overlap_100,BIOAMBERINC_04_10_2013-EX-10.34-DEVELOPMENT AGREEMENT - First Amendment,940,3,7,7,1.0
train,fixed_500_overlap_100,"XACCT Technologies, Inc.SUPPORT AND MAINTENANCE AGREEMENT",1796,5,14,14,1.0
train,fixed_500_overlap_100,CHANGEPOINTCORP_03_08_2000-EX-10.6-LICENSE AND HOSTING AGREEMENT,18806,47,82,82,1.0
train,fixed_500_overlap_100,Apollo Endosurgery - Manufacturing and Supply Agreement,7248,18,24,24,1.0
train,fixed_500_overlap_100,"MJBIOTECH,INC_12_06_2018-EX-99.01-JOINT VENTURE AGREEMENT",3709,10,22,22,1.0
train,fixed_500_overlap_100,IDREAMSKYTECHNOLOGYLTD_07_03_2014-EX-10.39-Cooperation Agreement on Mobile Game Business,12072,30,26,26,1.0
train,fixed_500_overlap_100,"CANOPETROLEUM,INC_12_13_2007-EX-10.1-Sponsorship Agreement",1449,4,14,14,1.0
train,fixed_500_overlap_100,"HOSPITALITYINVESTORSTRUST,INC_04_07_2014-EX-10.26-FRANCHISE AGREEMENT",23061,58,49,47,0.9591836734693877
train,fixed_500_overlap_100,FulucaiProductionsLtd_20131223_10-Q_EX-10.9_8368347_EX-10.9_Content License Agreement,2804,7,28,28,1.0
train,fixed_500_overlap_100,MPLXLP_06_17_2015-EX-10.1-TRANSPORTATION SERVICES AGREEMENT,8966,23,30,30,1.0
train,fixed_500_overlap_100,LOGANSROADHOUSEINC_03_27_1998-EX-10.17-SPONSORSHIP AGREEMENT,2865,7,19,19,1.0
train,fixed_500_overlap_100,FuelcellEnergyInc_20191106_8-K_EX-10.1_11868007_EX-10.1_Development Agreement,15880,40,60,60,1.0
train,fixed_500_overlap_100,"THERAVANCEBIOPHARMA,INC_05_08_2020-EX-10.2-SERVICE AGREEMENT",5294,13,16,16,1.0
train,fixed_500_overlap_100,DYNAMEXINC_06_06_1996-EX-10.4-TRANSPORTATION SERVICES AGREEMENT,6760,17,33,33,1.0
train,fixed_500_overlap_100,ULTRAGENYXPHARMACEUTICALINC_12_23_2013-EX-10.9-SUPPLY AGREEMENT,2274,6,16,16,1.0
train,fixed_500_overlap_100,"NETGEAR,INC_04_21_2003-EX-10.16- AMENDMENT #2 TO THE DISTRIBUTION AGREEMENT",555,2,6,6,1.0
train,fixed_500_overlap_100,SFGFINANCIALCORP_05_12_2009-EX-10.1-SOFTWARE LICENSE AND MAINTENANCE AGREEMENT,7749,20,32,32,1.0
train,fixed_500_overlap_100,"VAXCYTE,INC_05_22_2020-EX-10.19-SUPPLY AGREEMENT",15227,38,29,29,1.0
train,fixed_500_overlap_100,"OTISWORLDWIDECORP_04_03_2020-EX-10.4-INTELLECTUAL PROPERTY AGREEMENT by and among UNITED TECHNOLOGIES CORPORATION, OTIS WORLDWIDE CORPORATION and CARRIER ~1",9672,24,32,26,0.8125
train,fixed_500_overlap_100,"GIGGLESN_HUGS,INC_06_23_2016-EX-10.2-STRATEGIC ALLIANCE AGREEMENT",3430,9,19,19,1.0
train,fixed_500_overlap_100,ExactSciencesCorp_20180822_8-K_EX-10.1_11331629_EX-10.1_Promotion Agreement,24685,62,43,43,1.0
train,fixed_500_overlap_100,GlobalTechnologiesGroupInc_20050928_10KSB_EX-10.9_4148808_EX-10.9_Content License Agreement,5899,15,18,18,1.0
train,fixed_500_overlap_100,HertzGroupRealtyTrustInc_20190920_S-11A_EX-10.8_11816941_EX-10.8_Trademark License Agreement,2236,6,15,15,1.0
train,fixed_500_overlap_100,QuantumGroupIncFl_20090120_8-K_EX-99.2_3672910_EX-99.2_Hosting Agreement,17414,44,32,32,1.0
train,fixed_500_overlap_100,"PHREESIA,INC_05_28_2019-EX-10.18-STRATEGIC ALLIANCE AGREEMENT",17703,45,51,49,0.9607843137254902
train,fixed_500_overlap_100,"Array BioPharma Inc. - LICENSE, DEVELOPMENT AND COMMERCIALIZATION AGREEMENT",42742,107,65,64,0.9846153846153847
train,fixed_500_overlap_100,MERCATAINC_03_09_2000-EX-10.21-SPONSORSHIP AGREEMENT,3224,8,12,12,1.0
train,fixed_500_overlap_100,"MEDALISTDIVERSIFIEDREIT,INC_05_18_2020-EX-10.1-CONSULTING AGREEMENT",3724,10,34,34,1.0
train,fixed_500_overlap_100,"FOUNDATIONMEDICINE,INC_02_02_2015-EX-10.2-Collaboration Agreement",26407,66,75,75,1.0
train,fixed_500_overlap_100,RevolutionMedicinesInc_20200117_S-1_EX-10.1_11948417_EX-10.1_Development Agreement,40936,103,90,89,0.9888888888888889
train,fixed_500_overlap_100,"ETELOS,INC_03_09_2004-EX-10.8-DISTRIBUTOR AGREEMENT",3863,10,25,25,1.0
train,fixed_500_overlap_100,LifewayFoodsInc_20160316_10-K_EX-10.24_9489766_EX-10.24_Endorsement Agreement,1656,4,16,16,1.0
train,fixed_500_overlap_100,"LEGACYTECHNOLOGYHOLDINGS,INC_12_09_2005-EX-10.2-DISTRIBUTOR AGREEMENT",1937,5,23,23,1.0
train,fixed_500_overlap_100,DeltathreeInc_19991102_S-1A_EX-10.19_6227850_EX-10.19_Co-Branding Agreement_ Service Agreement,4070,10,17,17,1.0
train,fixed_500_overlap_100,"SPRINGBANKPHARMACEUTICALS,INC_04_08_2020-EX-99.A-JOINT FILING AGREEMENT",246,1,6,6,1.0
train,fixed_500_overlap_100,ImineCorp_20180725_S-1_EX-10.5_11275970_EX-10.5_Distributor Agreement,5369,14,23,23,1.0
train,fixed_500_overlap_100,CCAINDUSTRIESINC_04_14_2014-EX-10.1-OUTSOURCING AGREEMENT,4889,12,27,27,1.0
train,fixed_500_overlap_100,Microgenics Corporation - Collaborative Development and Commercialization Agreement,28415,71,54,54,1.0
train,fixed_500_overlap_100,VgrabCommunicationsInc_20200129_10-K_EX-10.33_11958828_EX-10.33_Development Agreement,2297,6,13,13,1.0
train,fixed_500_overlap_100,AIRTECHINTERNATIONALGROUPINC_05_08_2000-EX-10.4-FRANCHISE AGREEMENT,11368,29,42,42,1.0
train,fixed_500_overlap_100,IMMUNOMEDICSINC_08_07_2019-EX-10.1-PROMOTION AGREEMENT,24022,60,36,33,0.9166666666666666
train,fixed_500_overlap_100,BravatekSolutionsInc_20170418_8-K_EX-10.1_10205739_EX-10.1_Reseller Agreement,2384,6,17,17,1.0
train,fixed_500_overlap_100,SPORTHALEYINC_09_29_1997-EX-10.2-10-ENDORSEMENT AGREEMENT,1537,4,21,21,1.0
train,fixed_500_overlap_100,XENCORINC_10_25_2013-EX-10.24-COLLABORATION AGREEMENT (3),20117,51,66,64,0.9696969696969697
train,fixed_500_overlap_100,NETGROCERINC_07_31_1998-EX-10.15-SPONSORSHIP AGREEMENT,5206,13,26,26,1.0
train,fixed_500_overlap_100,CoherusBiosciencesInc_20200227_10-K_EX-10.29_12021376_EX-10.29_Development Agreement,21991,55,56,54,0.9642857142857143
train,fixed_500_overlap_100,DIVERSINETCORP_03_01_2012-EX-4-RESELLER AGREEMENT,11296,28,43,43,1.0
train,fixed_500_overlap_100,NmfSlfIInc_20200115_10-12GA_EX-10.5_11946987_EX-10.5_Trademark License Agreement,2694,7,25,25,1.0
train,fixed_500_overlap_100,KALLOINC_11_03_2011-EX-10.1-STRATEGIC ALLIANCE AGREEMENT,11172,28,34,34,1.0
train,fixed_500_overlap_100,MOSSIMOINC_04_14_2000-EX-10.14-ENDORSEMENT AGREEMENT,3480,9,28,28,1.0
train,fixed_500_overlap_100,FEDERATEDGOVERNMENTINCOMESECURITIESINC_04_28_2020-EX-99.SERV AGREE-SERVICES AGREEMENT_AMENDMENT,564,2,8,8,1.0
train,fixed_500_overlap_100,RandWorldwideInc_20010402_8-KA_EX-10.2_2102464_EX-10.2_Co-Branding Agreement,6718,17,34,34,1.0
train,fixed_500_overlap_100,GOLDRESOURCECORP_12_11_2008-EX-10.1-STRATEGIC ALLIANCE AGREEMENT,8786,22,36,35,0.9722222222222222
train,fixed_500_overlap_100,"Loop Industries, Inc. - Marketing Agreement",5244,13,19,19,1.0
train,fixed_500_overlap_100,BloomEnergyCorp_20180321_DRSA (on S-1)_EX-10_11240356_EX-10_Maintenance Agreement,16116,41,36,34,0.9444444444444444
train,fixed_500_overlap_100,AudibleInc_20001113_10-Q_EX-10.32_2599586_EX-10.32_Co-Branding Agreement_ Marketing Agreement_ Investment Distribution Agreement,11211,28,47,47,1.0
train,fixed_500_overlap_100,HOLIDAYRVSUPERSTORESINC_04_15_2002-EX-10.13-ENDORSEMENT AGREEMENT,2189,6,17,17,1.0
train,fixed_500_overlap_100,NeuroboPharmaceuticalsInc_20190903_S-4_EX-10.36_11802165_EX-10.36_Manufacturing Agreement_ Supply Agreement,3094,8,11,11,1.0
train,fixed_500_overlap_100,SONUSCORP_03_12_1997-EX-10.11-SPONSORSHIP AGREEMENT,3891,10,10,10,1.0
train,fixed_500_overlap_100,RangeResourcesLouisianaInc_20150417_8-K_EX-10.5_9045501_EX-10.5_Transportation Agreement,15659,39,21,21,1.0
train,fixed_500_overlap_100,CHAPARRALRESOURCESINC_03_30_2000-EX-10.66-TRANSPORTATION CONTRACT,3865,10,17,17,1.0
train,fixed_500_overlap_100,AURASYSTEMSINC_06_16_2010-EX-10.25-STRATEGIC ALLIANCE AGREEMENT,6938,18,44,44,1.0
train,fixed_500_overlap_100,IpassInc_20181203_8-K_EX-99.1_11445874_EX-99.1_Reseller Agreement,11394,29,30,30,1.0
train,fixed_500_overlap_100,VERSOTECHNOLOGIESINC_12_28_2007-EX-99.3-INTELLECTUAL PROPERTY AGREEMENT,739,2,8,8,1.0
train,fixed_500_overlap_100,EhaveInc_20190515_20-F_EX-4.44_11678816_EX-4.44_License Agreement_ Reseller Agreement,13634,34,62,61,0.9838709677419355
train,fixed_500_overlap_100,"UNITEDNATIONALBANCORP_03_03_1999-EX-99-Outsourcing Agreement with the BISYS Group, Inc.",279,1,7,7,1.0
train,fixed_500_overlap_100,VirtuosoSurgicalInc_20191227_1-A_EX1A-6 MAT CTRCT_11933379_EX1A-6 MAT CTRCT_License Agreement,5675,14,37,37,1.0
train,fixed_500_overlap_100,"ROCKYMOUNTAINCHOCOLATEFACTORY,INC_12_23_2019-EX-10.2-STRATEGIC ALLIANCE AGREEMENT",19420,49,34,32,0.9411764705882353
train,fixed_500_overlap_100,VITAMINSHOPPECOMINC_09_13_1999-EX-10.26-SPONSORSHIP AGREEMENT,8223,21,16,16,1.0
train,fixed_500_overlap_100,"SOLUTIONSVENDINGINTERNATIONAL,INC_03_31_2020-EX1A-1 UNDR AGMT-SERVICES AGREEMENT",1122,3,9,9,1.0
train,fixed_500_overlap_100,InnerscopeHearingTechnologiesInc_20181109_8-K_EX-10.6_11419704_EX-10.6_Distributor Agreement,3360,9,27,27,1.0
train,fixed_500_overlap_100,SmartRxSystemsInc_20180914_1-A_EX1A-6 MAT CTRCT_11351705_EX1A-6 MAT CTRCT_Distributor Agreement,6123,16,25,25,1.0
train,fixed_500_overlap_100,BIOFRONTERAAG_04_29_2019-EX-4.17-SUPPLY AGREEMENT,9771,25,27,27,1.0
train,fixed_500_overlap_100,"CORALGOLDRESOURCES,LTD_05_28_2020-EX-4.1-CONSULTING AGREEMENT",4730,12,20,20,1.0
train,fixed_500_overlap_100,Cerus Corporation - FIRST AMEND TO SUPPLY AND MANUFACTURING AGREEMENT,1796,5,7,7,1.0
train,fixed_500_overlap_100,OLDAPIWIND-DOWNLTD_01_08_2016-EX-1.3-AGENCY AGREEMENT2,630,2,8,8,1.0
train,fixed_500_overlap_100,ATENTOSA_07_06_2020-EX-99.1-JOINT FILING AGREEMENT,357,1,12,12,1.0
train,fixed_500_overlap_100,HealthcentralCom_19991108_S-1A_EX-10.27_6623292_EX-10.27_Co-Branding Agreement,6492,16,34,34,1.0
train,fixed_500_overlap_100,GAINSCOINC_01_21_2010-EX-10.41-SPONSORSHIP AGREEMENT,2452,6,26,26,1.0
train,fixed_500_overlap_100,"TURNKEYCAPITAL,INC_07_20_2017-EX-1.1-Strategic Alliance Agreement",1988,5,12,12,1.0
train,fixed_500_overlap_100,IVILLAGEINC_03_17_1999-EX-10.16-SPONSORSHIP AGREEMENT,3407,9,26,26,1.0
train,fixed_500_overlap_100,"IPAYMENT,INC_05_14_2007-EX-10.1-SPONSORSHIP AGREEMENT",14652,37,34,34,1.0
train,fixed_500_overlap_100,RISEEDUCATIONCAYMANLTD_04_17_2020-EX-4.23-SERVICE AGREEMENT,2394,6,13,13,1.0
train,fixed_500_overlap_100,STARTECGLOBALCOMMUNICATIONSCORP_11_16_1998-EX-10.30-CONSTRUCTION AND MAINTENANCE AGREEMENT,14551,37,74,74,1.0
train,fixed_500_overlap_100,LejuHoldingsLtd_20140121_DRS (on F-1)_EX-10.26_8473102_EX-10.26_Content License Agreement2,327,1,7,7,1.0
train,fixed_500_overlap_100,FIBROGENINC_10_01_2014-EX-10.11-COLLABORATION AGREEMENT,24526,62,51,51,1.0
train,fixed_500_overlap_100,"KNOWLABS,INC_08_15_2005-EX-10-INTELLECTUAL PROPERTY AGREEMENT",1970,5,16,16,1.0
train,fixed_500_overlap_100,UAGHINC_04_14_2004-EX-10.18-MAINTENANCE AGREEMENT,2676,7,19,19,1.0
train,fixed_500_overlap_100,"ARMSTRONGFLOORING,INC_01_07_2019-EX-10.2-INTELLECTUAL PROPERTY AGREEMENT",10349,26,49,48,0.9795918367346939
train,fixed_500_overlap_100,VitalibisInc_20180316_8-K_EX-10.2_11100168_EX-10.2_Hosting Agreement,7045,18,29,29,1.0
train,fixed_500_overlap_100,HEALTHGATEDATACORP_11_24_1999-EX-10.1-HOSTING AND MANAGEMENT AGREEMENT - Escrow Agreement,4201,11,15,14,0.9333333333333333
train,fixed_500_overlap_100,BNLFINANCIALCORP_03_30_2007-EX-10.8-OUTSOURCING AGREEMENT,6470,16,27,27,1.0
train,fixed_500_overlap_100,"IOVANCEBIOTHERAPEUTICS,INC_08_03_2017-EX-10.1-STRATEGIC ALLIANCE AGREEMENT",10693,27,27,27,1.0
train,fixed_500_overlap_100,NEONSYSTEMSINC_03_01_1999-EX-10.5-DISTRIBUTOR AGREEMENT_New,8888,22,40,39,0.975
train,fixed_500_overlap_100,TELKOMSALTD_01_30_2003-EX-10-LICENCE AND MAINTENANCE AGREEMENT,16176,41,49,48,0.9795918367346939
train,fixed_500_overlap_100,"FIDELITYNATIONALINFORMATIONSERVICES,INC_08_05_2009-EX-10.3-INTELLECTUAL PROPERTY AGREEMENT",19341,49,70,66,0.9428571428571428
train,fixed_500_overlap_100,TRUENORTHENERGYCORP_02_08_2007-EX-10.1-DEVELOPMENT AGREEMENT,6961,18,19,18,0.9473684210526315
train,fixed_500_overlap_100,GentechHoldingsInc_20190808_1-A_EX1A-6 MAT CTRCT_11776814_EX1A-6 MAT CTRCT_Distributor Agreement,4097,10,24,24,1.0
train,fixed_500_overlap_100,TICKETSCOMINC_06_22_1999-EX-10.22-SPONSORSHIP AGREEMENT,1155,3,16,16,1.0
train,fixed_500_overlap_100,"ADMA BioManufacturing, LLC -  Amendment #3 to Manufacturing Agreement ",2478,6,16,16,1.0
train,fixed_500_overlap_100,OFGBANCORP_03_28_2007-EX-10.23-OUTSOURCING AGREEMENT,24004,60,44,44,1.0
train,fixed_500_overlap_100,"DUOSTECHNOLOGIESGROUP,INC_04_21_2009-EX-10.1-STRATEGIC ALLIANCE AGREEMENT",7148,18,38,38,1.0
train,fixed_500_overlap_100,OLDAPIWIND-DOWNLTD_01_08_2016-EX-1.3-AGENCY AGREEMENT1,15521,39,16,16,1.0
train,fixed_500_overlap_100,"ADIANUTRITION,INC_04_01_2005-EX-10.D2-RESELLER AGREEMENT",4051,10,22,22,1.0
train,fixed_500_overlap_100,"ATHENSBANCSHARESCORP_11_02_2009-EX-1.2-AGENCY AGREEMENT , 2009",23419,59,16,16,1.0
train,fixed_500_overlap_100,SoupmanInc_20150814_8-K_EX-10.1_9230148_EX-10.1_Franchise Agreement3,438,1,2,2,1.0
train,fixed_500_overlap_100,MOVADOGROUPINC_04_30_2003-EX-10.28-ENDORSEMENT AGREEMENT,2710,7,9,9,1.0
train,fixed_500_overlap_100,StaarSurgicalCompany_20180801_10-Q_EX-10.37_11289449_EX-10.37_Distributor Agreement,7649,19,38,38,1.0
train,fixed_500_overlap_100,EmeraldHealthBioceuticalsInc_20200218_1-A_EX1A-6 MAT CTRCT_11987205_EX1A-6 MAT CTRCT_Development Agreement,2606,7,20,20,1.0
train,fixed_500_overlap_100,STAMPSCOMINC_06_24_1999-EX-10.18-SPONSORSHIP AGREEMENT,5496,14,32,32,1.0
train,fixed_500_overlap_100,BEYONDCOMCORP_08_03_2000-EX-10.2-CO-HOSTING AGREEMENT,7991,20,33,32,0.9696969696969697
train,fixed_500_overlap_100,CHEETAHMOBILEINC_04_22_2014-EX-10.43-Cooperation Agreement,6230,16,23,22,0.9565217391304348
train,fixed_500_overlap_100,ClickstreamCorp_20200330_1-A_EX1A-6 MAT CTRCT_12089935_EX1A-6 MAT CTRCT_Development Agreement,5445,14,24,24,1.0
train,fixed_500_overlap_100,NEOMEDIATECHNOLOGIESINC_12_15_2005-EX-16.1-DISTRIBUTOR AGREEMENT,4973,13,29,29,1.0
train,fixed_500_overlap_100,"ADUROBIOTECH,INC_06_02_2020-EX-10.7-CONSULTING AGREEMENT(1)",1850,5,16,16,1.0
train,fixed_500_overlap_100,LejuHoldingsLtd_20140121_DRS (on F-1)_EX-10.26_8473102_EX-10.26_Content License Agreement1,7198,18,22,22,1.0
train,fixed_500_overlap_100,"VISIUMTECHNOLOGIES,INC_10_20_2004-EX-10.20-DISTRIBUTOR AGREEMENT",7706,20,42,42,1.0
train,fixed_500_overlap_100,"INNOVIVA,INC_08_07_2014-EX-10.1-COLLABORATION AGREEMENT",28937,73,52,51,0.9807692307692307
train,fixed_500_overlap_100,SoupmanInc_20150814_8-K_EX-10.1_9230148_EX-10.1_Franchise Agreement2,844,2,5,5,1.0
train,fixed_500_overlap_100,"ADUROBIOTECH,INC_06_02_2020-EX-10.7-CONSULTING AGREEMENT",1850,5,14,14,1.0
train,fixed_500_overlap_100,CybergyHoldingsInc_20140520_10-Q_EX-10.27_8605784_EX-10.27_Affiliate Agreement,5326,14,26,26,1.0
train,fixed_500_overlap_100,MANAKOASERVICESCORP_11_21_2007-EX-7.5-STRATEGIC ALLIANCE AGREEMENT,2355,6,14,14,1.0
train,fixed_500_overlap_100,FLOTEKINDUSTRIESINCCN_05_09_2019-EX-10.1-SUPPLY AGREEMENT,3037,8,19,19,1.0
train,fixed_500_overlap_100,EUROPEANMICROHOLDINGSINC_03_06_1998-EX-10.6-DISTRIBUTOR AGREEMENT,7939,20,38,38,1.0
train,fixed_500_overlap_100,KitovPharmaLtd_20190326_20-F_EX-4.15_11584449_EX-4.15_Manufacturing Agreement,8964,23,36,36,1.0
train,fixed_500_overlap_100,BellringBrandsInc_20190920_S-1_EX-10.12_11817081_EX-10.12_Manufacturing Agreement3,1240,3,10,10,1.0
train,fixed_500_overlap_100,GOCALLINC_03_30_2000-EX-10.7-Promotion Agreement,2983,8,18,18,1.0
train,fixed_500_overlap_100,LEJUHOLDINGSLTD_03_12_2014-EX-10.34-INTERNET CHANNEL COOPERATION AGREEMENT,5930,15,20,20,1.0
train,fixed_500_overlap_100,BLACKSTONEGSOLONG-SHORTCREDITINCOMEFUND_05_11_2020-EX-99.(K)(1)-SERVICE AGREEMENT,8073,20,17,17,1.0
train,fixed_500_overlap_100,"MEETGROUP,INC_06_29_2017-EX-10.1-COOPERATION AGREEMENT",9394,24,15,14,0.9333333333333333
train,fixed_500_overlap_100,GluMobileInc_20070319_S-1A_EX-10.09_436630_EX-10.09_Content License Agreement3,545,2,10,10,1.0
train,fixed_500_overlap_100,ADAPTIMMUNETHERAPEUTICSPLC_04_06_2017-EX-10.11-STRATEGIC ALLIANCE AGREEMENT,15471,39,56,56,1.0
train,fixed_500_overlap_100,ENTRUSTINC_07_24_1998-EX-10.5-STRATEGIC ALLIANCE AGREEMENT,5893,15,39,39,1.0
train,fixed_500_overlap_100,SYKESHEALTHPLANSERVICESINC_04_24_1998-EX-10.14-OUTSOURCING AGREEMENT,1876,5,18,18,1.0
train,fixed_500_overlap_100,NATIONALPROCESSINGINC_07_18_1996-EX-10.4-SPONSORSHIP AGREEMENT,4359,11,14,14,1.0
train,fixed_500_overlap_100,SimplicityEsportsGamingCompany_20181130_8-K_EX-10.1_11444071_EX-10.1_Franchise Agreement,4347,11,27,27,1.0
train,fixed_500_overlap_100,QIWI_06_16_2017-EX-99.(D)(2)-COOPERATION AGREEMENT,4170,11,16,16,1.0
train,fixed_500_overlap_100,RemarkHoldingsInc_20081114_10-Q_EX-10.24_2895649_EX-10.24_Content License Agreement,9178,23,54,54,1.0
train,fixed_500_overlap_100,CnsPharmaceuticalsInc_20200326_8-K_EX-10.1_12079626_EX-10.1_Development Agreement,3260,8,14,14,1.0
train,fixed_500_overlap_100,GluMobileInc_20070319_S-1A_EX-10.09_436630_EX-10.09_Content License Agreement2,1853,5,25,25,1.0
train,fixed_500_overlap_100,"BLUEHILLSBANCORP,INC_05_20_2014-EX-1.1-AGENCY AGREEMENT",21046,53,22,22,1.0
train,fixed_500_overlap_100,GarrettMotionInc_20181001_8-K_EX-2.4_11364532_EX-2.4_Intellectual Property Agreement,8757,22,33,33,1.0
train,fixed_500_overlap_100,TheglobeComInc_19990503_S-1A_EX-10.20_5416126_EX-10.20_Co-Branding Agreement,6614,17,35,35,1.0
train,fixed_500_overlap_100,EmbarkComInc_19991008_S-1A_EX-10.10_6487661_EX-10.10_Co-Branding Agreement,5039,13,22,22,1.0
train,fixed_500_overlap_100,TRANSMONTAIGNEPARTNERSLLC_03_13_2020-EX-10.9-SERVICES AGREEMENT,880,2,12,12,1.0
train,fixed_500_overlap_100,"COOLTECHNOLOGIES,INC_10_25_2017-EX-10.71-Strategic Alliance Agreement",2154,6,14,14,1.0
train,fixed_500_overlap_100,ALLIANCEBANCORPINCOFPENNSYLVANIA_10_18_2006-EX-1.2-AGENCY AGREEMENT,20957,53,24,24,1.0
train,fixed_500_overlap_100,XpresspaGroupInc_20190401_10-K_EX-10.28_11599457_EX-10.28_Marketing Agreement,8460,21,49,49,1.0
train,fixed_500_overlap_100,BellringBrandsInc_20190920_S-1_EX-10.12_11817081_EX-10.12_Manufacturing Agreement2,344,1,9,9,1.0
train,fixed_500_overlap_100,IdeanomicsInc_20160330_10-K_EX-10.26_9512211_EX-10.26_Content License Agreement,6321,16,28,28,1.0
train,fixed_500_overlap_100,BIOAMBERINC_04_10_2013-EX-10.34-DEVELOPMENT AGREEMENT (1),5818,15,30,30,1.0
train,fixed_500_overlap_100,PrudentialBancorpInc_20170606_8-K_EX-10.4_10474434_EX-10.4_Endorsement Agreement,2264,6,12,12,1.0
train,fixed_500_overlap_100,"BERKELEYLIGHTS,INC_06_26_2020-EX-10.12-COLLABORATION AGREEMENT",32708,82,89,89,1.0
train,fixed_500_overlap_100,UnionDentalHoldingsInc_20050204_8-KA_EX-10_3345577_EX-10_Affiliate Agreement,1850,5,11,11,1.0
train,fixed_500_overlap_100,WOMENSGOLFUNLIMITEDINC_03_29_2000-EX-10.13-ENDORSEMENT AGREEMENT - Intellectual Property Rights                 Confidentiality and Non-Use Obligations Agreement,940,3,7,7,1.0
train,fixed_500_overlap_100,SPHERE3DCORP_06_24_2020-EX-10.12-CONSULTING AGREEMENT,1897,5,12,12,1.0
train,fixed_500_overlap_100,ENTERPRISEPRODUCTSPARTNERSLP_07_08_1998-EX-10.3-TRANSPORTATION CONTRACT,11141,28,36,36,1.0
train,fixed_500_overlap_100,HerImports_20161018_8-KA_EX-10.14_9765707_EX-10.14_Maintenance Agreement,1595,4,8,8,1.0
train,fixed_500_overlap_100,PROLONGINTERNATIONALCORP_03_23_1998-EX-10.16-SPONSORSHIP AGREEMENT,2180,6,11,11,1.0
train,fixed_500_overlap_100,DYNTEKINC_07_30_1999-EX-10-ONLINE HOSTING AGREEMENT,4009,10,20,20,1.0
train,fixed_500_overlap_100,ALAMOGORDOFINANCIALCORP_12_16_1999-EX-1-AGENCY AGREEMENT,18815,47,22,22,1.0
train,fixed_500_overlap_100,StampscomInc_20001114_10-Q_EX-10.47_2631630_EX-10.47_Co-Branding Agreement,11730,30,46,43,0.9347826086956522
train,fixed_500_overlap_100,InvendaCorp_20000828_S-1A_EX-10.2_2588206_EX-10.2_Co-Branding Agreement,14682,37,63,63,1.0
train,fixed_500_overlap_100,WebmdHealthCorp_20050908_S-1A_EX-10.7_1027007_EX-10.7_Content License Agreement,2356,6,20,20,1.0
train,fixed_500_overlap_100,SANDRIDGEENERGYINC_08_06_2009-EX-10.6-OPERATIONS AND MAINTENANCE AGREEMENT,10964,28,34,34,1.0
train,fixed_500_overlap_100,ON4COMMUNICATIONSINC_07_02_2009-EX-10.1-PROMOTION AGREEMENT,2349,6,13,13,1.0
train,fixed_500_overlap_100,GluMobileInc_20070319_S-1A_EX-10.09_436630_EX-10.09_Content License Agreement1,17147,43,68,66,0.9705882352941176
train,fixed_500_overlap_100,BANUESTRAFINANCIALCORP_09_08_2006-EX-10.16-AGENCY AGREEMENT,7308,19,12,12,1.0
train,fixed_500_overlap_100,ArtaraTherapeuticsInc_20200110_8-K_EX-10.5_11943350_EX-10.5_License Agreement,5818,15,28,28,1.0
train,fixed_500_overlap_100,NlsPharmaceuticsLtd_20200228_F-1_EX-10.14_12029046_EX-10.14_Development Agreement,10546,27,29,29,1.0
train,fixed_500_overlap_100,"VIRTUALSCOPICS,INC_11_12_2010-EX-10.1-STRATEGIC ALLIANCE AGREEMENT",7273,18,31,31,1.0
train,fixed_500_overlap_100,BellringBrandsInc_20190920_S-1_EX-10.12_11817081_EX-10.12_Manufacturing Agreement1,6565,17,23,23,1.0
train,fixed_500_overlap_100,BLUEFLYINC_03_27_2002-EX-10.27-e-business Hosting Agreement,5136,13,31,31,1.0
train,fixed_500_overlap_100,ASIANDRAGONGROUPINC_08_11_2005-EX-10.5-Reseller Agreement,7018,18,20,20,1.0
train,fixed_500_overlap_100,MANUFACTURERSSERVICESLTD_06_05_2000-EX-10.14-OUTSOURCING AGREEMENT,41962,105,65,65,1.0
train,fixed_500_overlap_100,LiquidmetalTechnologiesInc_20200205_8-K_EX-10.1_11968198_EX-10.1_Development Agreement,12529,32,56,53,0.9464285714285714
train,fixed_500_overlap_100,PlayboyEnterprisesInc_20090220_10-QA_EX-10.2_4091580_EX-10.2_Content License Agreement_ Marketing Agreement_ Sales-Purchase Agreement2,526,2,6,6,1.0
train,fixed_500_overlap_100,ZtoExpressCaymanInc_20160930_F-1_EX-10.10_9752871_EX-10.10_Transportation Agreement,1468,4,12,12,1.0
train,fixed_500_overlap_100,2ThemartComInc_19990826_10-12G_EX-10.10_6700288_EX-10.10_Co-Branding Agreement_ Agency Agreement,4467,11,30,30,1.0
train,fixed_500_overlap_100,MOELIS_CO_03_24_2014-EX-10.19-STRATEGIC ALLIANCE AGREEMENT,18625,47,51,50,0.9803921568627451
train,fixed_500_overlap_100,XYBERNAUTCORP_07_12_2002-EX-4-SPONSORSHIP AGREEMENT,6661,17,17,17,1.0
train,fixed_500_overlap_100,"CARDAX,INC_08_19_2014-EX-10.1-COLLABORATION AGREEMENT",8586,22,23,23,1.0
train,fixed_500_overlap_100,"MACY_S,INC_05_11_2020-EX-99.4-JOINT FILING AGREEMENT",216,1,5,5,1.0
train,fixed_500_overlap_100,TALCOTTRESOLUTIONLIFEINSURANCECO-SEPARATEACCOUNTTWELVE_04_30_2020-EX-99.8(L)-SERVICE AGREEMENT,4724,12,12,12,1.0
train,fixed_500_overlap_100,ArmstrongFlooringInc_20190107_8-K_EX-10.2_11471795_EX-10.2_Intellectual Property Agreement,8284,21,51,51,1.0
train,fixed_500_overlap_100,PFSFUNDS_06_26_2020-EX-99.H OTH MAT CONT-SERVICES AGREEMENT,2435,6,14,14,1.0
train,fixed_500_overlap_100,WaterNowInc_20191120_10-Q_EX-10.12_11900227_EX-10.12_Distributor Agreement,7396,19,41,41,1.0
train,fixed_500_overlap_100,MTITECHNOLOGYCORP_11_16_2004-EX-10.102-Reseller Agreement Premier Addendum,4685,12,18,18,1.0
train,fixed_500_overlap_100,SCOUTCAMINC_05_12_2020-EX-10.22-SERVICES AGREEMENT,1305,4,18,18,1.0
train,fixed_500_overlap_100,PharmagenInc_20120803_8-KA_EX-10.1_7693204_EX-10.1_Endorsement Agreement,2778,7,19,19,1.0
train,fixed_500_overlap_100,DRKOOPCOMINC_04_21_1999-EX-10.28-SPONSORSHIP AGREEMENT,5546,14,18,18,1.0
train,fixed_500_overlap_100,"VNUE,INC_07_10_2015-EX-10.1-SPONSORSHIP AGREEMENT",3207,8,18,18,1.0
train,fixed_500_overlap_100,LegacyEducationAllianceInc_20141110_8-K_EX-10.9_8828866_EX-10.9_Endorsement Agreement,3149,8,19,19,1.0
train,fixed_500_overlap_100,PcquoteComInc_19990721_S-1A_EX-10.11_6377149_EX-10.11_Co-Branding Agreement3,395,1,7,7,1.0
train,fixed_500_overlap_100,GluMobileInc_20070319_S-1A_EX-10.09_436630_EX-10.09_Content License Agreement4,291,1,8,8,1.0
train,fixed_500_overlap_100,"OPTIMIZEDTRANSPORTATIONMANAGEMENT,INC_07_26_2000-EX-6.6-DISTRIBUTOR AGREEMENT",1367,4,18,18,1.0
train,fixed_500_overlap_100,IMAGEWARESYSTEMSINC_12_20_1999-EX-10.22-MAINTENANCE AGREEMENT,2925,8,16,16,1.0
train,fixed_500_overlap_100,NakedBrandGroupInc_20150731_POS AM (on S-1)_EX-10.75_9196027_EX-10.75_Endorsement Agreement,7601,19,35,35,1.0
train,fixed_500_overlap_100,ZONDWINDSYSTEMPARTNERSLTDSERIES85-B_04_03_2006-EX-10-MANAGEMENT AND MAINTENANCE AGREEMENT,1368,4,8,8,1.0
train,fixed_500_overlap_100,IbioInc_20200313_8-K_EX-10.1_12052678_EX-10.1_Development Agreement,4657,12,18,18,1.0
train,fixed_500_overlap_100,BellringBrandsInc_20190920_S-1_EX-10.12_11817081_EX-10.12_Manufacturing Agreement4,258,1,8,8,1.0
train,fixed_500_overlap_100,ParatekPharmaceuticalsInc_20170505_10-KA_EX-10.29_10323872_EX-10.29_Outsourcing Agreement,17726,45,46,46,1.0
train,fixed_500_overlap_100,JOINTCORP_09_19_2014-EX-10.15-FRANCHISE AGREEMENT,26623,67,86,84,0.9767441860465116
train,fixed_500_overlap_100,VnueInc_20150914_8-K_EX-10.1_9259571_EX-10.1_Promotion Agreement,1634,4,12,12,1.0
train,fixed_500_overlap_100,NEXSTARFINANCEHOLDINGSINC_03_27_2002-EX-10.26-OUTSOURCING AGREEMENT,18265,46,25,22,0.88
train,fixed_500_overlap_100,SUNTRONCORP_05_17_2006-EX-10.22-MAINTENANCE AGREEMENT,4818,12,27,27,1.0
train,fixed_500_overlap_100,"SPIENERGYCO,LTD_03_09_2011-EX-99.5-OPERATIONS AND MAINTENANCE AGREEMENT",8153,21,21,21,1.0
train,fixed_500_overlap_100,SteelVaultCorp_20081224_10-K_EX-10.16_3074935_EX-10.16_Affiliate Agreement,2709,7,16,16,1.0
train,fixed_500_overlap_100,"KIROMICBIOPHARMA,INC_04_08_2020-EX-10.28-JOINT VENTURE AGREEMENT",5749,15,25,25,1.0
train,fixed_500_overlap_100,PlayboyEnterprisesInc_20090220_10-QA_EX-10.2_4091580_EX-10.2_Content License Agreement_ Marketing Agreement_ Sales-Purchase Agreement1,17994,45,70,70,1.0
train,fixed_500_overlap_100,TubeMediaCorp_20060310_8-K_EX-10.1_513921_EX-10.1_Affiliate Agreement,10728,27,49,49,1.0
train,fixed_500_overlap_100,"MARSHALLHOLDINGSINTERNATIONAL,INC_04_14_2004-EX-10.15-ENDORSEMENT AGREEMENT",1716,5,16,16,1.0
train,fixed_500_overlap_100,BLACKBOXSTOCKSINC_08_05_2014-EX-10.1-DISTRIBUTOR AGREEMENT,2706,7,21,21,1.0
train,fixed_500_overlap_100,WARNERCHILCOTTPLC_12_31_2003-EX-4.36-DEVELOPMENT AGREEMENT,4152,11,13,13,1.0
train,fixed_500_overlap_100,VertexEnergyInc_20200113_8-K_EX-10.1_11943624_EX-10.1_Marketing Agreement,7280,18,26,26,1.0
train,fixed_500_overlap_100,NETZEEINC_11_14_2002-EX-10.3-MAINTENANCE AGREEMENT,464,1,9,9,1.0
train,fixed_500_overlap_100,REGANHOLDINGCORP_03_31_2008-EX-10-LICENSE AND HOSTING AGREEMENT,8824,22,22,21,0.9545454545454546
train,fixed_500_overlap_100,MidwestEnergyEmissionsCorp_20080604_8-K_EX-10.2_3093976_EX-10.2_Content License Agreement,5199,13,31,30,0.967741935483871
train,fixed_500_overlap_100,HYDRONTECHNOLOGIESINC_03_31_1997-EX-10.47-SPONSORSHIP AGREEMENT,4114,11,14,14,1.0
train,fixed_500_overlap_100,CcRealEstateIncomeFundadv_20181205_POS 8C_EX-99.(H)(3)_11447739_EX-99.(H)(3)_Marketing Agreement,4695,12,14,14,1.0
train,fixed_500_overlap_100,"BLUEROCKRESIDENTIALGROWTHREIT,INC_06_01_2016-EX-1.1-AGENCY AGREEMENT",20909,53,17,16,0.9411764705882353
train,fixed_500_overlap_100,"TALLGRASSENERGY,LP_02_20_2020-EX-99.26-JOINT FILING AGREEMENT",621,2,12,12,1.0
train,fixed_500_overlap_100,KINGPHARMACEUTICALSINC_08_09_2006-EX-10.1-PROMOTION AGREEMENT,26840,67,64,64,1.0
train,fixed_500_overlap_100,PerformanceSportsBrandsInc_20110909_S-1_EX-10.10_7220214_EX-10.10_Endorsement Agreement,4118,11,24,24,1.0
train,paragraph_500_no_overlap,LIMEENERGYCO_09_09_1999-EX-10-DISTRIBUTOR AGREEMENT,5998,15,46,45,0.9782608695652174
train,paragraph_500_no_overlap,"WHITESMOKE,INC_11_08_2011-EX-10.26-PROMOTION AND DISTRIBUTION AGREEMENT",11313,27,27,27,1.0
train,paragraph_500_no_overlap,NELNETINC_04_08_2020-EX-1-JOINT FILING AGREEMENT,170,1,4,4,1.0
train,paragraph_500_no_overlap,ADAMSGOLFINC_03_21_2005-EX-10.17-ENDORSEMENT AGREEMENT,3770,9,23,23,1.0
train,paragraph_500_no_overlap,"KIROMICBIOPHARMA,INC_05_11_2020-EX-10.23-CONSULTING AGREEMENT",2766,7,24,24,1.0
train,paragraph_500_no_overlap,"VEONEER,INC_02_21_2020-EX-10.11-JOINT VENTURE AGREEMENT",1334,3,16,16,1.0
train,paragraph_500_no_overlap,"MetLife, Inc. - Remarketing Agreement",17518,42,16,16,1.0
train,paragraph_500_no_overlap,"FTENETWORKS,INC_02_18_2016-EX-99.4-STRATEGIC ALLIANCE AGREEMENT",5761,15,33,33,1.0
train,paragraph_500_no_overlap,DOMINIADVISORTRUST_02_18_2005-EX-99.(H)(2)-SPONSORSHIP AGREEMENT,1847,4,13,13,1.0
train,paragraph_500_no_overlap,PfHospitalityGroupInc_20150923_10-12G_EX-10.1_9266710_EX-10.1_Franchise Agreement3,1014,3,12,12,1.0
train,paragraph_500_no_overlap,CerenceInc_20191002_8-K_EX-10.4_11827494_EX-10.4_Intellectual Property Agreement,9608,22,40,40,1.0
train,paragraph_500_no_overlap,ReynoldsConsumerProductsInc_20191115_S-1_EX-10.18_11896469_EX-10.18_Supply Agreement,9599,27,26,26,1.0
train,paragraph_500_no_overlap,IntegrityFunds_20200121_485BPOS_EX-99.E UNDR CONTR_11948727_EX-99.E UNDR CONTR_Service Agreement,3784,10,12,12,1.0
train,paragraph_500_no_overlap,PREMIERBIOMEDICALINC_05_14_2020-EX-10.2-INTELLECTUAL PROPERTY AGREEMENT,3596,10,22,22,1.0
train,paragraph_500_no_overlap,"SIBANNAC,INC_12_04_2017-EX-2.1-Strategic Alliance Agreement",1236,4,14,14,1.0
train,paragraph_500_no_overlap,INTRICONCORP_03_10_2009-EX-10.22-Strategic Alliance Agreement,7774,18,35,35,1.0
train,paragraph_500_no_overlap,BONTONSTORESINC_04_20_2018-EX-99.3-AGENCY AGREEMENT,26842,63,43,43,1.0
train,paragraph_500_no_overlap,"ON2TECHNOLOGIES,INC_11_17_2006-EX-10.3-SUPPORT AND MAINTENANCE AGREEMENT",8844,20,17,17,1.0
train,paragraph_500_no_overlap,Freecook_20180605_S-1_EX-10.3_11233807_EX-10.3_Hosting Agreement,997,3,10,10,1.0
train,paragraph_500_no_overlap,OPERALTD_04_30_2020-EX-4.14-SERVICE AGREEMENT,3326,11,21,20,0.9523809523809523
train,paragraph_500_no_overlap,"BORROWMONEYCOM,INC_06_11_2020-EX-10.1-JOINT VENTURE AGREEMENT",3507,10,11,11,1.0
train,paragraph_500_no_overlap,ZEBRATECHNOLOGIESCORP_04_16_2014-EX-10.1-INTELLECTUAL PROPERTY AGREEMENT,19581,47,45,39,0.8666666666666667
train,paragraph_500_no_overlap,ChinaRealEstateInformationCorp_20090929_F-1_EX-10.32_4771615_EX-10.32_Content License Agreement,7522,18,24,24,1.0
train,paragraph_500_no_overlap,GLOBALTECHNOLOGIESLTD_06_08_2020-EX-10.16-CONSULTING AGREEMENT,3199,9,12,12,1.0
train,paragraph_500_no_overlap,PfHospitalityGroupInc_20150923_10-12G_EX-10.1_9266710_EX-10.1_Franchise Agreement1,24389,73,84,81,0.9642857142857143
train,paragraph_500_no_overlap,CORIOINC_07_20_2000-EX-10.5-LICENSE AND HOSTING AGREEMENT,8396,19,53,53,1.0
train,paragraph_500_no_overlap,SENMIAOTECHNOLOGYLTD_02_19_2019-EX-10.5-Collaboration Agreement,11876,32,33,33,1.0
train,paragraph_500_no_overlap,HealthcareIntegratedTechnologiesInc_20190812_8-K_EX-10.1_11776966_EX-10.1_Reseller Agreement,3519,8,22,22,1.0
train,paragraph_500_no_overlap,LOYALTYPOINTINC_11_16_2004-EX-10.2-RESELLER AGREEMENT,12890,30,30,29,0.9666666666666667
train,paragraph_500_no_overlap,BNCMORTGAGEINC_05_17_1999-EX-10.4-LICENSING AND WEB SITE HOSTING AGREEMENT,4739,11,17,16,0.9411764705882353
train,paragraph_500_no_overlap,ENERGOUSCORP_03_16_2017-EX-10.24-STRATEGIC ALLIANCE AGREEMENT,12422,32,67,66,0.9850746268656716
train,paragraph_500_no_overlap,CytodynInc_20200109_10-Q_EX-10.5_11941634_EX-10.5_License Agreement,24801,64,52,51,0.9807692307692307
train,paragraph_500_no_overlap,NICELTD_06_26_2003-EX-4.5-OUTSOURCING AGREEMENT,18608,42,29,29,1.0
train,paragraph_500_no_overlap,ImpresseCorp_20000322_S-1A_EX-10.11_5199234_EX-10.11_Co-Branding Agreement,7249,16,32,32,1.0
train,paragraph_500_no_overlap,AlliedEsportsEntertainmentInc_20190815_8-K_EX-10.19_11788293_EX-10.19_Content License Agreement,5471,13,30,30,1.0
train,paragraph_500_no_overlap,CreditcardscomInc_20070810_S-1_EX-10.33_362297_EX-10.33_Affiliate Agreement,4045,11,13,13,1.0
train,paragraph_500_no_overlap,GALACTICOMMTECHNOLOGIESINC_11_07_1997-EX-10.46-WEB HOSTING AGREEMENT,223,1,5,5,1.0
train,paragraph_500_no_overlap,"Zounds Hearing, Inc. - MANUFACTURING DESIGN MARKETING AGREEMENT",6897,19,31,30,0.967741935483871
train,paragraph_500_no_overlap,CUROGROUPHOLDINGSCORP_05_04_2020-EX-10.3-SERVICING AGREEMENT,5793,14,12,12,1.0
train,paragraph_500_no_overlap,SouthernStarEnergyInc_20051202_SB-2A_EX-9_801890_EX-9_Affiliate Agreement,3607,8,17,17,1.0
train,paragraph_500_no_overlap,ConformisInc_20191101_10-Q_EX-10.6_11861402_EX-10.6_Development Agreement,9583,28,33,33,1.0
train,paragraph_500_no_overlap,Principal Life Insurance Company - Broker Dealer Marketing and Servicing Agreement,4366,13,15,15,1.0
train,paragraph_500_no_overlap,LegacyEducationAllianceInc_20200330_10-K_EX-10.18_12090678_EX-10.18_Development Agreement,7337,21,49,49,1.0
train,paragraph_500_no_overlap,VerizonAbsLlc_20200123_8-K_EX-10.4_11952335_EX-10.4_Service Agreement,45143,102,26,26,1.0
train,paragraph_500_no_overlap,VERICELCORP_08_06_2019-EX-10.10-SUPPLY AGREEMENT,15862,37,39,39,1.0
train,paragraph_500_no_overlap,WPPPLC_04_30_2020-EX-4.28-SERVICE AGREEMENT,10958,30,26,26,1.0
train,paragraph_500_no_overlap,WORLDWIDESTRATEGIESINC_11_02_2005-EX-10-RESELLER AGREEMENT,10830,26,43,43,1.0
train,paragraph_500_no_overlap,FEDERATEDGOVERNMENTINCOMESECURITIESINC_04_28_2020-EX-99.SERV AGREE-SERVICES AGREEMENT_SECONDAMENDMENT,820,2,8,8,1.0
train,paragraph_500_no_overlap,AzulSa_20170303_F-1A_EX-10.3_9943903_EX-10.3_Maintenance Agreement2,2549,6,13,13,1.0
train,paragraph_500_no_overlap,PelicanDeliversInc_20200211_S-1_EX-10.3_11975895_EX-10.3_Development Agreement1,2820,8,6,6,1.0
train,paragraph_500_no_overlap,ORBSATCORP_08_17_2007-EX-7.3-STRATEGIC ALLIANCE AGREEMENT,2909,7,19,19,1.0
train,paragraph_500_no_overlap,DRAGONSYSTEMSINC_01_08_1999-EX-10.17-OUTSOURCING AGREEMENT,1088,3,13,13,1.0
train,paragraph_500_no_overlap,SEPARATEACCOUNTIIOFAGL_05_02_2011-EX-99.(J)(4)-UNCONDITIONAL CAPITAL MAINTENANCE AGREEMENT,2845,7,13,13,1.0
train,paragraph_500_no_overlap,ImperialGardenResortInc_20161028_DRS (on F-1)_EX-10.13_9963189_EX-10.13_Outsourcing Agreement,1849,5,7,7,1.0
train,paragraph_500_no_overlap,"VIRGINGALACTICHOLDINGS,INC_04_08_2020-EX-99.1-JOINT FILING STATEMENT",188,1,6,6,1.0
train,paragraph_500_no_overlap,FuseMedicalInc_20190321_10-K_EX-10.43_11575454_EX-10.43_Distributor Agreement,5339,11,21,21,1.0
train,paragraph_500_no_overlap,ASPIRITYHOLDINGSLLC_05_07_2012-EX-10.6-OUTSOURCING AGREEMENT,10095,28,28,28,1.0
train,paragraph_500_no_overlap,"OASYSMOBILE,INC_07_05_2001-EX-10.17-OUTSOURCING AGREEMENT",8147,18,47,46,0.9787234042553191
train,paragraph_500_no_overlap,MEDIWOUNDLTD_01_15_2014-EX-10.6-SUPPLY AGREEMENT,7708,18,27,27,1.0
train,paragraph_500_no_overlap,UpjohnInc_20200121_10-12G_EX-2.6_11948692_EX-2.6_Manufacturing Agreement_ Supply Agreement,33948,83,95,93,0.9789473684210527
train,paragraph_500_no_overlap,"Antares Pharma, Inc. - Manufacturing Agreement",16365,37,20,20,1.0
train,paragraph_500_no_overlap,RareElementResourcesLtd_20171019_SC 13D_EX-99.4_10897534_EX-99.4_Intellectual Property Agreement,5415,15,33,33,1.0
train,paragraph_500_no_overlap,VARIABLESEPARATEACCOUNT_04_30_2014-EX-13.C-UNCONDITIONAL CAPITAL MAINTENANCE AGREEMENT,2381,6,14,14,1.0
train,paragraph_500_no_overlap,ABILITYINC_06_15_2020-EX-4.25-SERVICES AGREEMENT,4115,11,16,16,1.0
train,paragraph_500_no_overlap,ELECTRAMECCANICA VEHICLES CORP. - Manufacturing Agreement,7251,19,30,30,1.0
train,paragraph_500_no_overlap,GopageCorp_20140221_10-K_EX-10.1_8432966_EX-10.1_Content License Agreement,6030,17,25,25,1.0
train,paragraph_500_no_overlap,BICYCLETHERAPEUTICSPLC_03_10_2020-EX-10.11-SERVICE AGREEMENT,9252,21,27,27,1.0
train,paragraph_500_no_overlap,TELEGLOBEINTERNATIONALHOLDINGSLTD_03_29_2004-EX-10.10-CONSTRUCTION AND MAINTENANCE AGREEMENT,15095,41,62,62,1.0
train,paragraph_500_no_overlap,INTERNATIONALFASTFOODCORP_04_04_1997-EX-99-FRANCHISE AGREEMENT,16157,37,65,65,1.0
train,paragraph_500_no_overlap,BIOCEPTINC_08_19_2013-EX-10-COLLABORATION AGREEMENT,12142,29,40,40,1.0
train,paragraph_500_no_overlap,PACIFICSYSTEMSCONTROLTECHNOLOGYINC_08_24_2000-EX-10.53-SPONSORSHIP AGREEMENT,682,2,9,9,1.0
train,paragraph_500_no_overlap,NANOPHASETECHNOLOGIESCORP_11_01_2005-EX-99.1-DISTRIBUTOR AGREEMENT,7663,22,37,37,1.0
train,paragraph_500_no_overlap,AzulSa_20170303_F-1A_EX-10.3_9943903_EX-10.3_Maintenance Agreement1,34155,77,41,40,0.975609756097561
train,paragraph_500_no_overlap,PelicanDeliversInc_20200211_S-1_EX-10.3_11975895_EX-10.3_Development Agreement2,4870,12,21,21,1.0
train,paragraph_500_no_overlap,"NETGEAR,INC_04_21_2003-EX-10.16-AMENDMENT TO THE DISTRIBUTOR AGREEMENT BETWEEN INGRAM MICRO AND NETGEAR",973,2,8,8,1.0
train,paragraph_500_no_overlap,NEONSYSTEMSINC_03_01_1999-EX-10.5-DISTRIBUTOR AGREEMENT_Amendment,2848,7,32,32,1.0
train,paragraph_500_no_overlap,SPARKLINGSPRINGWATERHOLDINGSLTD_07_03_2002-EX-10.13-SOFTWARE LICENSE AND MAINTENANCE AGREEMENT,3885,9,28,28,1.0
train,paragraph_500_no_overlap,NUVEEN - REMARKETING AGREEMENT,11298,27,17,17,1.0
train,paragraph_500_no_overlap,SECURIANFUNDSTRUST_05_01_2012-EX-99.28.H.9-NET INVESTMENT INCOME MAINTENANCE AGREEMENT,1538,4,13,13,1.0
train,paragraph_500_no_overlap,WELLSFARGOMORTGAGEBACKEDSECURITIES2006-6TRUST_05_11_2006-EX-10.3-Yield Maintenance Agreement,5299,12,12,12,1.0
train,paragraph_500_no_overlap,REWALKROBOTICSLTD_07_10_2014-EX-10.2-STRATEGIC ALLIANCE AGREEMENT,2320,6,15,15,1.0
train,paragraph_500_no_overlap,PenntexMidstreamPartnersLp_20150416_S-1A_EX-10.4_9042833_EX-10.4_Transportation Agreement,7965,18,20,20,1.0
train,paragraph_500_no_overlap,FerroglobePlc_20150624_F-4A_EX-10.20_9154746_EX-10.20_Outsourcing Agreement,4627,10,13,13,1.0
train,paragraph_500_no_overlap,TodosMedicalLtd_20190328_20-F_EX-4.10_11587157_EX-4.10_Marketing Agreement_ Reseller Agreement,5066,13,31,31,1.0
train,paragraph_500_no_overlap,PrecheckHealthServicesInc_20200320_8-K_EX-99.2_12070169_EX-99.2_Distributor Agreement,970,3,13,13,1.0
train,paragraph_500_no_overlap,INKTOMICORP_06_08_1998-EX-10.14-SOFTWARE HOSTING AGREEMENT,9916,22,29,29,1.0
train,paragraph_500_no_overlap,"OAKTREECAPITALGROUP,LLC_03_02_2020-EX-10.8-Services Agreement",3194,8,14,14,1.0
train,paragraph_500_no_overlap,BANGIINC_05_25_2005-EX-10-Premium Managed Hosting Agreement,302,1,6,6,1.0
train,paragraph_500_no_overlap,AMERICANPHYSICIANSCAPITALINC_03_31_2003-EX-10.26-AGENCY AGREEMENT,2901,7,25,25,1.0
train,paragraph_500_no_overlap,GULFSOUTHMEDICALSUPPLYINC_12_24_1997-EX-4-AFFILIATE AGREEMENT,2765,6,9,9,1.0
train,paragraph_500_no_overlap,"BELLRINGBRANDS,INC_02_07_2020-EX-10.18-MASTER SUPPLY AGREEMENT",5813,14,28,28,1.0
train,paragraph_500_no_overlap,AimmuneTherapeuticsInc_20200205_8-K_EX-10.3_11967170_EX-10.3_Development Agreement,25298,57,56,53,0.9464285714285714
train,paragraph_500_no_overlap,HEALTHGATEDATACORP_11_24_1999-EX-10.1-HOSTING AND MANAGEMENT AGREEMENT (1),17975,38,51,49,0.9607843137254902
train,paragraph_500_no_overlap,"INTELLIGENTHIGHWAYSOLUTIONS,INC_01_18_2018-EX-10.1-Strategic Alliance Agreement",1217,3,14,14,1.0
train,paragraph_500_no_overlap,ATMOSENERGYCORP_11_22_2002-EX-10.17-TRANSPORTATION SERVICE AGREEMENT,2588,6,18,18,1.0
train,paragraph_500_no_overlap,PacificapEntertainmentHoldingsInc_20051115_8-KA_EX-1.01_4300894_EX-1.01_Content License Agreement,2500,6,15,15,1.0
train,paragraph_500_no_overlap,ReedsInc_20191113_10-Q_EX-10.4_11888303_EX-10.4_Development Agreement,4301,10,19,18,0.9473684210526315
train,paragraph_500_no_overlap,RgcResourcesInc_20151216_8-K_EX-10.3_9372751_EX-10.3_Franchise Agreement,805,2,10,10,1.0
train,paragraph_500_no_overlap,"BELLICUMPHARMACEUTICALS,INC_05_07_2019-EX-10.1-Supply Agreement",28275,65,69,68,0.9855072463768116
train,paragraph_500_no_overlap,MARTINMIDSTREAMPARTNERSLP_01_23_2004-EX-10.3-TRANSPORTATION SERVICES AGREEMENT,2175,5,17,17,1.0
train,paragraph_500_no_overlap,RUBIOSRESTAURANTSINC_03_31_2008-EX-10.75-SPONSORSHIP AGREEMENT,5760,15,20,20,1.0
train,paragraph_500_no_overlap,CardlyticsInc_20180112_S-1_EX-10.16_11002987_EX-10.16_Maintenance Agreement2,387,1,6,6,1.0
train,paragraph_500_no_overlap,"XLITECHNOLOGIES,INC_12_11_2015-EX-10.1-Sponsorship Agreement",2851,6,16,16,1.0
train,paragraph_500_no_overlap,ScansourceInc_20190822_10-K_EX-10.38_11793958_EX-10.38_Distributor Agreement2,2044,5,18,16,0.8888888888888888
train,paragraph_500_no_overlap,VERTEXENERGYINC_08_14_2014-EX-10.24-OPERATION AND MAINTENANCE AGREEMENT,8601,20,29,28,0.9655172413793104
train,paragraph_500_no_overlap,NYLIACVARIABLEANNUITYSEPARATEACCOUNTIII_04_10_2020-EX-99.8.KK-SERVICE AGREEMENT,1072,3,12,12,1.0
train,paragraph_500_no_overlap,AlliedEsportsEntertainmentInc_20190815_8-K_EX-10.34_11788308_EX-10.34_Sponsorship Agreement,5852,18,25,25,1.0
train,paragraph_500_no_overlap,SLOVAKWIRELESSFINANCECOBV_03_28_2001-EX-4.(B)(II).3-Maintenance and support contract for SICAP(R) modules,3435,8,9,9,1.0
train,paragraph_500_no_overlap,ANIXABIOSCIENCESINC_06_09_2020-EX-10.1-COLLABORATION AGREEMENT,6178,14,31,31,1.0
train,paragraph_500_no_overlap,"ELFBEAUTY,INC_07_02_2020-EX-10.1-COOPERATION AGREEMENT",7265,18,17,17,1.0
train,paragraph_500_no_overlap,DigitalCinemaDestinationsCorp_20111220_S-1_EX-10.10_7346719_EX-10.10_Affiliate Agreement,16673,51,63,63,1.0
train,paragraph_500_no_overlap,VERTICALNETINC_04_01_2002-EX-10.19-MAINTENANCE AND SUPPORT AGREEMENT,10705,25,31,31,1.0
train,paragraph_500_no_overlap,TcPipelinesLp_20160226_10-K_EX-99.12_9454048_EX-99.12_Transportation Agreement,916,2,11,11,1.0
train,paragraph_500_no_overlap,HUBEIMINKANGPHARMACEUTICALLTD_09_19_2006-EX-10.1-OUTSOURCING AGREEMENT,1836,5,13,13,1.0
train,paragraph_500_no_overlap,ACCURAYINC_09_01_2010-EX-10.31-DISTRIBUTOR AGREEMENT,13349,37,30,30,1.0
train,paragraph_500_no_overlap,"MIDDLEBROOKPHARMACEUTICALS,INC_03_18_2010-EX-10.1-PROMOTION AGREEMENT",8879,20,23,23,1.0
train,paragraph_500_no_overlap,ArcGroupInc_20171211_8-K_EX-10.1_10976103_EX-10.1_Sponsorship Agreement,2622,7,9,9,1.0
train,paragraph_500_no_overlap,AtnInternationalInc_20191108_10-Q_EX-10.1_11878541_EX-10.1_Maintenance Agreement,34973,82,70,67,0.9571428571428572
train,paragraph_500_no_overlap,"SightLife Surgical, Inc. - STRATEGIC SALES _ MARKETING AGREEMENT",3604,10,23,23,1.0
train,paragraph_500_no_overlap,InmodeLtd_20190729_F-1A_EX-10.9_11743243_EX-10.9_Manufacturing Agreement,6122,15,23,23,1.0
train,paragraph_500_no_overlap,FUSIONPHARMACEUTICALSINC_06_05_2020-EX-10.17-Supply Agreement - FUSION,6318,19,29,29,1.0
train,paragraph_500_no_overlap,URSCORPNEW_03_17_2014-EX-99-COOPERATION AGREEMENT,6004,13,9,9,1.0
train,paragraph_500_no_overlap,GpaqAcquisitionHoldingsInc_20200123_S-4A_EX-10.6_11951677_EX-10.6_License Agreement,7187,19,45,45,1.0
train,paragraph_500_no_overlap,SalesforcecomInc_20171122_10-Q_EX-10.1_10961535_EX-10.1_Reseller Agreement,435,1,6,6,1.0
train,paragraph_500_no_overlap,SLINGERBAGINC_05_27_2020-EX-10.7-CONSULTING AGREEMENT,5346,16,15,15,1.0
train,paragraph_500_no_overlap,IGENEBIOTECHNOLOGYINC_05_13_2003-EX-1-JOINT VENTURE AGREEMENT,11330,26,28,28,1.0
train,paragraph_500_no_overlap,ENERGYXXILTD_05_08_2015-EX-10.13-Transportation AGREEMENT,9243,24,23,23,1.0
train,paragraph_500_no_overlap,EtonPharmaceuticalsInc_20191114_10-Q_EX-10.1_11893941_EX-10.1_Development Agreement,10256,29,27,27,1.0
train,paragraph_500_no_overlap,ScansourceInc_20190822_10-K_EX-10.38_11793958_EX-10.38_Distributor Agreement1,12904,28,42,41,0.9761904761904762
train,paragraph_500_no_overlap,CardlyticsInc_20180112_S-1_EX-10.16_11002987_EX-10.16_Maintenance Agreement1,25087,58,93,93,1.0
train,paragraph_500_no_overlap,"NETGEAR,INC_04_21_2003-EX-10.16-DISTRIBUTOR AGREEMENT",6029,14,45,45,1.0
train,paragraph_500_no_overlap,EcoScienceSolutionsInc_20171117_8-K_EX-10.1_10956472_EX-10.1_Endorsement Agreement,2843,7,17,17,1.0
train,paragraph_500_no_overlap,AMERICASSHOPPINGMALLINC_12_10_1999-EX-10.2-SITE DEVELOPMENT AND HOSTING AGREEMENT,2892,7,22,22,1.0
train,paragraph_500_no_overlap,DataCallTechnologies_20060918_SB-2A_EX-10.9_944510_EX-10.9_Content License Agreement,1666,4,22,22,1.0
train,paragraph_500_no_overlap,JINGWEIINTERNATIONALLTD_10_04_2007-EX-10.7-INTELLECTUAL PROPERTY AGREEMENT,2356,5,18,18,1.0
train,paragraph_500_no_overlap,FEDERATEDGOVERNMENTINCOMESECURITIESINC_04_28_2020-EX-99.SERV AGREE-SERVICES AGREEMENT,1762,4,13,13,1.0
train,paragraph_500_no_overlap,MRSFIELDSORIGINALCOOKIESINC_01_29_1998-EX-10-FRANCHISE AGREEMENT,33705,77,78,78,1.0
train,paragraph_500_no_overlap,PalmerSquareCapitalBdcInc_20200116_10-12GA_EX-10.6_11949289_EX-10.6_Trademark License Agreement,2306,6,19,19,1.0
train,paragraph_500_no_overlap,LUCIDINC_04_15_2011-EX-10.9-DISTRIBUTOR AGREEMENT,2351,7,20,19,0.95
train,paragraph_500_no_overlap,UsioInc_20040428_SB-2_EX-10.11_1723988_EX-10.11_Affiliate Agreement 2,3740,9,28,28,1.0
train,paragraph_500_no_overlap,EmmisCommunicationsCorp_20191125_8-K_EX-10.6_11906433_EX-10.6_Marketing Agreement,2709,6,11,11,1.0
train,paragraph_500_no_overlap,ENTERTAINMENTGAMINGASIAINC_02_15_2005-EX-10.5-DISTRIBUTOR AGREEMENT,6920,16,38,38,1.0
train,paragraph_500_no_overlap,"Magenta Therapeutics, Inc. - Master Development and Manufacturing Agreement",11308,26,33,33,1.0
train,paragraph_500_no_overlap,"GRIDIRONBIONUTRIENTS,INC_02_05_2020-EX-10.3-SUPPLY AGREEMENT",903,2,10,10,1.0
train,paragraph_500_no_overlap,PapaJohnsInternationalInc_20190617_8-K_EX-10.1_11707365_EX-10.1_Endorsement Agreement,10661,25,35,35,1.0
train,paragraph_500_no_overlap,SUMMAFOURINC_06_19_1998-EX-10.3-SOFTWARE LICENSE AND MAINTENANCE AGREEMENT,14158,31,34,34,1.0
train,paragraph_500_no_overlap,MACROGENICSINC_08_02_2013-EX-10-COLLABORATION AGREEMENT,25333,55,51,51,1.0
train,paragraph_500_no_overlap,GSVINC_05_15_1998-EX-10-SPONSORSHIP AGREEMENT,5880,13,22,22,1.0
train,paragraph_500_no_overlap,MorganStanleyDirectLendingFund_20191119_10-12GA_EX-10.5_11898508_EX-10.5_Trademark License Agreement,2438,6,27,27,1.0
train,paragraph_500_no_overlap,ELANDIAINTERNATIONALINC_04_25_2007-EX-10.21-Outsourcing Agreement,12396,26,25,23,0.92
train,paragraph_500_no_overlap,PareteumCorp_20081001_8-K_EX-99.1_2654808_EX-99.1_Hosting Agreement,10213,24,23,23,1.0
train,paragraph_500_no_overlap,PhasebioPharmaceuticalsInc_20200330_10-K_EX-10.21_12086810_EX-10.21_Development Agreement,45650,107,88,87,0.9886363636363636
train,paragraph_500_no_overlap,"KUBIENT,INC_07_02_2020-EX-10.14-MASTER SERVICES AGREEMENT_Part2",1185,3,13,13,1.0
train,paragraph_500_no_overlap,EdietsComInc_20001030_10QSB_EX-10.4_2606646_EX-10.4_Co-Branding Agreement,9075,20,48,48,1.0
train,paragraph_500_no_overlap,LECLANCHÉ S.A. - JOINT DEVELOPMENT AND MARKETING AGREEMENT,3207,7,19,18,0.9473684210526315
train,paragraph_500_no_overlap,CardlyticsInc_20180112_S-1_EX-10.16_11002987_EX-10.16_Maintenance Agreement4,756,2,12,12,1.0
train,paragraph_500_no_overlap,TomOnlineInc_20060501_20-F_EX-4.46_749700_EX-4.46_Co-Branding Agreement,17487,42,56,55,0.9821428571428571
train,paragraph_500_no_overlap,"CERES,INC_01_25_2012-EX-10.20-Collaboration Agreement",45577,98,66,65,0.9848484848484849
train,paragraph_500_no_overlap,"INTERSECTENT,INC_05_11_2020-EX-10.1-SUPPLY AGREEMENT",5973,18,18,18,1.0
train,paragraph_500_no_overlap,"TRANSPHORM,INC_02_14_2020-EX-10.12(1)-JOINT VENTURE AGREEMENT",15468,35,35,33,0.9428571428571428
train,paragraph_500_no_overlap,EuromediaHoldingsCorp_20070215_10SB12G_EX-10.B(01)_525118_EX-10.B(01)_Content License Agreement,4580,12,30,29,0.9666666666666667
train,paragraph_500_no_overlap,"Sonos, Inc. - Manufacturing Agreement ",17177,40,53,53,1.0
train,paragraph_500_no_overlap,"ASHWORTHINC_01_29_1999-EX-10.(D)-PROMOTION AGREEMENT AND NANTZ COMMUNICATIONS, INC.",3589,8,27,27,1.0
train,paragraph_500_no_overlap,LIGHTBRIDGECORP_11_23_2015-EX-10.26-STRATEGIC ALLIANCE AGREEMENT,3023,7,11,11,1.0
train,paragraph_500_no_overlap,"XLITECHNOLOGIES,INC_12_02_2015-EX-10.02-STRATEGIC ALLIANCE AGREEMENT",875,2,9,9,1.0
train,paragraph_500_no_overlap,HYPERIONSOFTWARECORP_09_28_1994-EX-10.47-EXCLUSIVE DISTRIBUTOR AGREEMENT,5290,12,30,30,1.0
train,paragraph_500_no_overlap,BUFFALOWILDWINGSINC_06_05_1998-EX-10.3-FRANCHISE AGREEMENT,23663,54,86,82,0.9534883720930233
train,paragraph_500_no_overlap,ReynoldsConsumerProductsInc_20200121_S-1A_EX-10.22_11948918_EX-10.22_Service Agreement,17207,39,26,26,1.0
train,paragraph_500_no_overlap,"GWG HOLDINGS, INC. - ORDERLY MARKETING AGREEMENT",4177,11,12,12,1.0
train,paragraph_500_no_overlap,BLACKROCKMUNIHOLDINGSINVESTMENTQUALITYFUND_04_07_2020-EX-99.01-JOINT FILING AGREEMENT,201,1,6,6,1.0
train,paragraph_500_no_overlap,ALLISONTRANSMISSIONHOLDINGSINC_12_15_2014-EX-99.1-COOPERATION AGREEMENT,5202,13,18,18,1.0
train,paragraph_500_no_overlap,WARNINGMANAGEMENTSERVICESINC_12_10_1999-EX-10-ENDORSEMENT AGREEMENT,4602,11,32,32,1.0
train,paragraph_500_no_overlap,LinkPlusCorp_20050802_8-K_EX-10_3240252_EX-10_Affiliate Agreement,2899,7,32,32,1.0
train,paragraph_500_no_overlap,SMITHELECTRICVEHICLESCORP_04_04_2012-EX-10.26-FLEET MAINTENANCE AGREEMENT,13201,33,29,29,1.0
train,paragraph_500_no_overlap,CHINARECYCLINGENERGYCORP_11_14_2013-EX-10.6-Cooperation Agreement,2664,7,13,13,1.0
train,paragraph_500_no_overlap,"KUBIENT,INC_07_02_2020-EX-10.14-MASTER SERVICES AGREEMENT_Part1",4014,10,20,20,1.0
train,paragraph_500_no_overlap,NeoformaInc_19991202_S-1A_EX-10.26_5224521_EX-10.26_Co-Branding Agreement,13370,31,70,70,1.0
train,paragraph_500_no_overlap,AULAMERICANUNITTRUST_04_24_2020-EX-99.8.77-SERVICING AGREEMENT,5607,17,16,16,1.0
train,paragraph_500_no_overlap,VIOLINMEMORYINC_12_12_2012-EX-10.14-SPONSORSHIP AGREEMENT,8499,19,30,30,1.0
train,paragraph_500_no_overlap,RaeSystemsInc_20001114_10-Q_EX-10.57_2631790_EX-10.57_Co-Branding Agreement,5582,12,29,29,1.0
train,paragraph_500_no_overlap,QBIOMEDINC_04_08_2020-EX-99.1-JOINT FILING AGREEMENT,429,1,13,13,1.0
train,paragraph_500_no_overlap,ZogenixInc_20190509_10-Q_EX-10.2_11663313_EX-10.2_Distributor Agreement,26626,63,70,69,0.9857142857142858
train,paragraph_500_no_overlap,LeadersonlineInc_20000427_S-1A_EX-10.8_4991089_EX-10.8_Co-Branding Agreement,8078,18,44,44,1.0
train,paragraph_500_no_overlap,ArcaUsTreasuryFund_20200207_N-2_EX-99.K5_11971930_EX-99.K5_Development Agreement,2316,6,12,12,1.0
train,paragraph_500_no_overlap,BIOAMBERINC_04_10_2013-EX-10.34-DEVELOPMENT AGREEMENT - First Amendment,940,2,7,7,1.0
train,paragraph_500_no_overlap,"XACCT Technologies, Inc.SUPPORT AND MAINTENANCE AGREEMENT",1796,4,14,14,1.0
train,paragraph_500_no_overlap,CHANGEPOINTCORP_03_08_2000-EX-10.6-LICENSE AND HOSTING AGREEMENT,18806,43,82,79,0.9634146341463414
train,paragraph_500_no_overlap,Apollo Endosurgery - Manufacturing and Supply Agreement,7248,17,24,24,1.0
train,paragraph_500_no_overlap,"MJBIOTECH,INC_12_06_2018-EX-99.01-JOINT VENTURE AGREEMENT",3709,8,22,22,1.0
train,paragraph_500_no_overlap,IDREAMSKYTECHNOLOGYLTD_07_03_2014-EX-10.39-Cooperation Agreement on Mobile Game Business,12072,26,26,26,1.0
train,paragraph_500_no_overlap,"CANOPETROLEUM,INC_12_13_2007-EX-10.1-Sponsorship Agreement",1449,3,14,14,1.0
train,paragraph_500_no_overlap,"HOSPITALITYINVESTORSTRUST,INC_04_07_2014-EX-10.26-FRANCHISE AGREEMENT",23061,68,49,49,1.0
train,paragraph_500_no_overlap,FulucaiProductionsLtd_20131223_10-Q_EX-10.9_8368347_EX-10.9_Content License Agreement,2804,8,28,28,1.0
train,paragraph_500_no_overlap,MPLXLP_06_17_2015-EX-10.1-TRANSPORTATION SERVICES AGREEMENT,8966,20,30,29,0.9666666666666667
train,paragraph_500_no_overlap,LOGANSROADHOUSEINC_03_27_1998-EX-10.17-SPONSORSHIP AGREEMENT,2865,6,19,19,1.0
train,paragraph_500_no_overlap,FuelcellEnergyInc_20191106_8-K_EX-10.1_11868007_EX-10.1_Development Agreement,15880,37,60,60,1.0
train,paragraph_500_no_overlap,"THERAVANCEBIOPHARMA,INC_05_08_2020-EX-10.2-SERVICE AGREEMENT",5294,14,16,16,1.0
train,paragraph_500_no_overlap,DYNAMEXINC_06_06_1996-EX-10.4-TRANSPORTATION SERVICES AGREEMENT,6760,15,33,33,1.0
train,paragraph_500_no_overlap,ULTRAGENYXPHARMACEUTICALINC_12_23_2013-EX-10.9-SUPPLY AGREEMENT,2274,5,16,16,1.0
train,paragraph_500_no_overlap,"NETGEAR,INC_04_21_2003-EX-10.16- AMENDMENT #2 TO THE DISTRIBUTION AGREEMENT",555,2,6,6,1.0
train,paragraph_500_no_overlap,SFGFINANCIALCORP_05_12_2009-EX-10.1-SOFTWARE LICENSE AND MAINTENANCE AGREEMENT,7749,19,32,32,1.0
train,paragraph_500_no_overlap,"VAXCYTE,INC_05_22_2020-EX-10.19-SUPPLY AGREEMENT",15227,37,29,28,0.9655172413793104
train,paragraph_500_no_overlap,"OTISWORLDWIDECORP_04_03_2020-EX-10.4-INTELLECTUAL PROPERTY AGREEMENT by and among UNITED TECHNOLOGIES CORPORATION, OTIS WORLDWIDE CORPORATION and CARRIER ~1",9672,26,32,32,1.0
train,paragraph_500_no_overlap,"GIGGLESN_HUGS,INC_06_23_2016-EX-10.2-STRATEGIC ALLIANCE AGREEMENT",3430,10,19,19,1.0
train,paragraph_500_no_overlap,ExactSciencesCorp_20180822_8-K_EX-10.1_11331629_EX-10.1_Promotion Agreement,24685,58,43,42,0.9767441860465116
train,paragraph_500_no_overlap,GlobalTechnologiesGroupInc_20050928_10KSB_EX-10.9_4148808_EX-10.9_Content License Agreement,5899,13,18,18,1.0
train,paragraph_500_no_overlap,HertzGroupRealtyTrustInc_20190920_S-11A_EX-10.8_11816941_EX-10.8_Trademark License Agreement,2236,5,15,15,1.0
train,paragraph_500_no_overlap,QuantumGroupIncFl_20090120_8-K_EX-99.2_3672910_EX-99.2_Hosting Agreement,17414,52,32,32,1.0
train,paragraph_500_no_overlap,"PHREESIA,INC_05_28_2019-EX-10.18-STRATEGIC ALLIANCE AGREEMENT",17703,39,51,50,0.9803921568627451
train,paragraph_500_no_overlap,"Array BioPharma Inc. - LICENSE, DEVELOPMENT AND COMMERCIALIZATION AGREEMENT",42742,98,65,65,1.0
train,paragraph_500_no_overlap,MERCATAINC_03_09_2000-EX-10.21-SPONSORSHIP AGREEMENT,3224,8,12,12,1.0
train,paragraph_500_no_overlap,"MEDALISTDIVERSIFIEDREIT,INC_05_18_2020-EX-10.1-CONSULTING AGREEMENT",3724,10,34,34,1.0
train,paragraph_500_no_overlap,"FOUNDATIONMEDICINE,INC_02_02_2015-EX-10.2-Collaboration Agreement",26407,58,75,75,1.0
train,paragraph_500_no_overlap,RevolutionMedicinesInc_20200117_S-1_EX-10.1_11948417_EX-10.1_Development Agreement,40936,95,90,90,1.0
train,paragraph_500_no_overlap,"ETELOS,INC_03_09_2004-EX-10.8-DISTRIBUTOR AGREEMENT",3863,9,25,25,1.0
train,paragraph_500_no_overlap,LifewayFoodsInc_20160316_10-K_EX-10.24_9489766_EX-10.24_Endorsement Agreement,1656,5,16,16,1.0
train,paragraph_500_no_overlap,"LEGACYTECHNOLOGYHOLDINGS,INC_12_09_2005-EX-10.2-DISTRIBUTOR AGREEMENT",1937,5,23,23,1.0
train,paragraph_500_no_overlap,DeltathreeInc_19991102_S-1A_EX-10.19_6227850_EX-10.19_Co-Branding Agreement_ Service Agreement,4070,9,17,17,1.0
train,paragraph_500_no_overlap,"SPRINGBANKPHARMACEUTICALS,INC_04_08_2020-EX-99.A-JOINT FILING AGREEMENT",246,1,6,6,1.0
train,paragraph_500_no_overlap,ImineCorp_20180725_S-1_EX-10.5_11275970_EX-10.5_Distributor Agreement,5369,15,23,23,1.0
train,paragraph_500_no_overlap,CCAINDUSTRIESINC_04_14_2014-EX-10.1-OUTSOURCING AGREEMENT,4889,11,27,27,1.0
train,paragraph_500_no_overlap,Microgenics Corporation - Collaborative Development and Commercialization Agreement,28415,77,54,54,1.0
train,paragraph_500_no_overlap,VgrabCommunicationsInc_20200129_10-K_EX-10.33_11958828_EX-10.33_Development Agreement,2297,5,13,13,1.0
train,paragraph_500_no_overlap,AIRTECHINTERNATIONALGROUPINC_05_08_2000-EX-10.4-FRANCHISE AGREEMENT,11368,25,42,42,1.0
train,paragraph_500_no_overlap,IMMUNOMEDICSINC_08_07_2019-EX-10.1-PROMOTION AGREEMENT,24022,54,36,35,0.9722222222222222
train,paragraph_500_no_overlap,BravatekSolutionsInc_20170418_8-K_EX-10.1_10205739_EX-10.1_Reseller Agreement,2384,6,17,17,1.0
train,paragraph_500_no_overlap,SPORTHALEYINC_09_29_1997-EX-10.2-10-ENDORSEMENT AGREEMENT,1537,4,21,21,1.0
train,paragraph_500_no_overlap,XENCORINC_10_25_2013-EX-10.24-COLLABORATION AGREEMENT (3),20117,56,66,66,1.0
train,paragraph_500_no_overlap,NETGROCERINC_07_31_1998-EX-10.15-SPONSORSHIP AGREEMENT,5206,12,26,25,0.9615384615384616
train,paragraph_500_no_overlap,CoherusBiosciencesInc_20200227_10-K_EX-10.29_12021376_EX-10.29_Development Agreement,21991,49,56,56,1.0
train,paragraph_500_no_overlap,DIVERSINETCORP_03_01_2012-EX-4-RESELLER AGREEMENT,11296,29,43,43,1.0
train,paragraph_500_no_overlap,NmfSlfIInc_20200115_10-12GA_EX-10.5_11946987_EX-10.5_Trademark License Agreement,2694,8,25,25,1.0
train,paragraph_500_no_overlap,KALLOINC_11_03_2011-EX-10.1-STRATEGIC ALLIANCE AGREEMENT,11172,25,34,34,1.0
train,paragraph_500_no_overlap,MOSSIMOINC_04_14_2000-EX-10.14-ENDORSEMENT AGREEMENT,3480,8,28,28,1.0
train,paragraph_500_no_overlap,FEDERATEDGOVERNMENTINCOMESECURITIESINC_04_28_2020-EX-99.SERV AGREE-SERVICES AGREEMENT_AMENDMENT,564,2,8,8,1.0
train,paragraph_500_no_overlap,RandWorldwideInc_20010402_8-KA_EX-10.2_2102464_EX-10.2_Co-Branding Agreement,6718,15,34,34,1.0
train,paragraph_500_no_overlap,GOLDRESOURCECORP_12_11_2008-EX-10.1-STRATEGIC ALLIANCE AGREEMENT,8786,21,36,36,1.0
train,paragraph_500_no_overlap,"Loop Industries, Inc. - Marketing Agreement",5244,14,19,19,1.0
train,paragraph_500_no_overlap,BloomEnergyCorp_20180321_DRSA (on S-1)_EX-10_11240356_EX-10_Maintenance Agreement,16116,36,36,36,1.0
train,paragraph_500_no_overlap,AudibleInc_20001113_10-Q_EX-10.32_2599586_EX-10.32_Co-Branding Agreement_ Marketing Agreement_ Investment Distribution Agreement,11211,26,47,47,1.0
train,paragraph_500_no_overlap,HOLIDAYRVSUPERSTORESINC_04_15_2002-EX-10.13-ENDORSEMENT AGREEMENT,2189,5,17,17,1.0
train,paragraph_500_no_overlap,NeuroboPharmaceuticalsInc_20190903_S-4_EX-10.36_11802165_EX-10.36_Manufacturing Agreement_ Supply Agreement,3094,9,11,11,1.0
train,paragraph_500_no_overlap,SONUSCORP_03_12_1997-EX-10.11-SPONSORSHIP AGREEMENT,3891,9,10,10,1.0
train,paragraph_500_no_overlap,RangeResourcesLouisianaInc_20150417_8-K_EX-10.5_9045501_EX-10.5_Transportation Agreement,15659,34,21,21,1.0
train,paragraph_500_no_overlap,CHAPARRALRESOURCESINC_03_30_2000-EX-10.66-TRANSPORTATION CONTRACT,3865,9,17,17,1.0
train,paragraph_500_no_overlap,AURASYSTEMSINC_06_16_2010-EX-10.25-STRATEGIC ALLIANCE AGREEMENT,6938,17,44,40,0.9090909090909091
train,paragraph_500_no_overlap,IpassInc_20181203_8-K_EX-99.1_11445874_EX-99.1_Reseller Agreement,11394,32,30,29,0.9666666666666667
train,paragraph_500_no_overlap,VERSOTECHNOLOGIESINC_12_28_2007-EX-99.3-INTELLECTUAL PROPERTY AGREEMENT,739,2,8,8,1.0
train,paragraph_500_no_overlap,EhaveInc_20190515_20-F_EX-4.44_11678816_EX-4.44_License Agreement_ Reseller Agreement,13634,37,62,62,1.0
train,paragraph_500_no_overlap,"UNITEDNATIONALBANCORP_03_03_1999-EX-99-Outsourcing Agreement with the BISYS Group, Inc.",279,1,7,7,1.0
train,paragraph_500_no_overlap,VirtuosoSurgicalInc_20191227_1-A_EX1A-6 MAT CTRCT_11933379_EX1A-6 MAT CTRCT_License Agreement,5675,14,37,37,1.0
train,paragraph_500_no_overlap,"ROCKYMOUNTAINCHOCOLATEFACTORY,INC_12_23_2019-EX-10.2-STRATEGIC ALLIANCE AGREEMENT",19420,55,34,33,0.9705882352941176
train,paragraph_500_no_overlap,VITAMINSHOPPECOMINC_09_13_1999-EX-10.26-SPONSORSHIP AGREEMENT,8223,18,16,16,1.0
train,paragraph_500_no_overlap,"SOLUTIONSVENDINGINTERNATIONAL,INC_03_31_2020-EX1A-1 UNDR AGMT-SERVICES AGREEMENT",1122,3,9,9,1.0
train,paragraph_500_no_overlap,InnerscopeHearingTechnologiesInc_20181109_8-K_EX-10.6_11419704_EX-10.6_Distributor Agreement,3360,8,27,27,1.0
train,paragraph_500_no_overlap,SmartRxSystemsInc_20180914_1-A_EX1A-6 MAT CTRCT_11351705_EX1A-6 MAT CTRCT_Distributor Agreement,6123,15,25,25,1.0
train,paragraph_500_no_overlap,BIOFRONTERAAG_04_29_2019-EX-4.17-SUPPLY AGREEMENT,9771,26,27,27,1.0
train,paragraph_500_no_overlap,"CORALGOLDRESOURCES,LTD_05_28_2020-EX-4.1-CONSULTING AGREEMENT",4730,10,20,20,1.0
train,paragraph_500_no_overlap,Cerus Corporation - FIRST AMEND TO SUPPLY AND MANUFACTURING AGREEMENT,1796,5,7,7,1.0
train,paragraph_500_no_overlap,OLDAPIWIND-DOWNLTD_01_08_2016-EX-1.3-AGENCY AGREEMENT2,630,2,8,8,1.0
train,paragraph_500_no_overlap,ATENTOSA_07_06_2020-EX-99.1-JOINT FILING AGREEMENT,357,1,12,12,1.0
train,paragraph_500_no_overlap,HealthcentralCom_19991108_S-1A_EX-10.27_6623292_EX-10.27_Co-Branding Agreement,6492,15,34,32,0.9411764705882353
train,paragraph_500_no_overlap,GAINSCOINC_01_21_2010-EX-10.41-SPONSORSHIP AGREEMENT,2452,6,26,26,1.0
train,paragraph_500_no_overlap,"TURNKEYCAPITAL,INC_07_20_2017-EX-1.1-Strategic Alliance Agreement",1988,5,12,12,1.0
train,paragraph_500_no_overlap,IVILLAGEINC_03_17_1999-EX-10.16-SPONSORSHIP AGREEMENT,3407,8,26,25,0.9615384615384616
train,paragraph_500_no_overlap,"IPAYMENT,INC_05_14_2007-EX-10.1-SPONSORSHIP AGREEMENT",14652,33,34,34,1.0
train,paragraph_500_no_overlap,RISEEDUCATIONCAYMANLTD_04_17_2020-EX-4.23-SERVICE AGREEMENT,2394,6,13,13,1.0
train,paragraph_500_no_overlap,STARTECGLOBALCOMMUNICATIONSCORP_11_16_1998-EX-10.30-CONSTRUCTION AND MAINTENANCE AGREEMENT,14551,32,74,74,1.0
train,paragraph_500_no_overlap,LejuHoldingsLtd_20140121_DRS (on F-1)_EX-10.26_8473102_EX-10.26_Content License Agreement2,327,1,7,7,1.0
train,paragraph_500_no_overlap,FIBROGENINC_10_01_2014-EX-10.11-COLLABORATION AGREEMENT,24526,57,51,51,1.0
train,paragraph_500_no_overlap,"KNOWLABS,INC_08_15_2005-EX-10-INTELLECTUAL PROPERTY AGREEMENT",1970,5,16,16,1.0
train,paragraph_500_no_overlap,UAGHINC_04_14_2004-EX-10.18-MAINTENANCE AGREEMENT,2676,7,19,19,1.0
train,paragraph_500_no_overlap,"ARMSTRONGFLOORING,INC_01_07_2019-EX-10.2-INTELLECTUAL PROPERTY AGREEMENT",10349,25,49,48,0.9795918367346939
train,paragraph_500_no_overlap,VitalibisInc_20180316_8-K_EX-10.2_11100168_EX-10.2_Hosting Agreement,7045,19,29,29,1.0
train,paragraph_500_no_overlap,HEALTHGATEDATACORP_11_24_1999-EX-10.1-HOSTING AND MANAGEMENT AGREEMENT - Escrow Agreement,4201,9,15,13,0.8666666666666667
train,paragraph_500_no_overlap,BNLFINANCIALCORP_03_30_2007-EX-10.8-OUTSOURCING AGREEMENT,6470,17,27,27,1.0
train,paragraph_500_no_overlap,"IOVANCEBIOTHERAPEUTICS,INC_08_03_2017-EX-10.1-STRATEGIC ALLIANCE AGREEMENT",10693,31,27,27,1.0
train,paragraph_500_no_overlap,NEONSYSTEMSINC_03_01_1999-EX-10.5-DISTRIBUTOR AGREEMENT_New,8888,20,40,39,0.975
train,paragraph_500_no_overlap,TELKOMSALTD_01_30_2003-EX-10-LICENCE AND MAINTENANCE AGREEMENT,16176,48,49,49,1.0
train,paragraph_500_no_overlap,"FIDELITYNATIONALINFORMATIONSERVICES,INC_08_05_2009-EX-10.3-INTELLECTUAL PROPERTY AGREEMENT",19341,44,70,65,0.9285714285714286
train,paragraph_500_no_overlap,TRUENORTHENERGYCORP_02_08_2007-EX-10.1-DEVELOPMENT AGREEMENT,6961,17,19,19,1.0
train,paragraph_500_no_overlap,GentechHoldingsInc_20190808_1-A_EX1A-6 MAT CTRCT_11776814_EX1A-6 MAT CTRCT_Distributor Agreement,4097,12,24,24,1.0
train,paragraph_500_no_overlap,TICKETSCOMINC_06_22_1999-EX-10.22-SPONSORSHIP AGREEMENT,1155,3,16,16,1.0
train,paragraph_500_no_overlap,"ADMA BioManufacturing, LLC -  Amendment #3 to Manufacturing Agreement ",2478,6,16,16,1.0
train,paragraph_500_no_overlap,OFGBANCORP_03_28_2007-EX-10.23-OUTSOURCING AGREEMENT,24004,55,44,44,1.0
train,paragraph_500_no_overlap,"DUOSTECHNOLOGIESGROUP,INC_04_21_2009-EX-10.1-STRATEGIC ALLIANCE AGREEMENT",7148,17,38,37,0.9736842105263158
train,paragraph_500_no_overlap,OLDAPIWIND-DOWNLTD_01_08_2016-EX-1.3-AGENCY AGREEMENT1,15521,42,16,16,1.0
train,paragraph_500_no_overlap,"ADIANUTRITION,INC_04_01_2005-EX-10.D2-RESELLER AGREEMENT",4051,10,22,22,1.0
train,paragraph_500_no_overlap,"ATHENSBANCSHARESCORP_11_02_2009-EX-1.2-AGENCY AGREEMENT , 2009",23419,58,16,16,1.0
train,paragraph_500_no_overlap,SoupmanInc_20150814_8-K_EX-10.1_9230148_EX-10.1_Franchise Agreement3,438,1,2,2,1.0
train,paragraph_500_no_overlap,MOVADOGROUPINC_04_30_2003-EX-10.28-ENDORSEMENT AGREEMENT,2710,6,9,9,1.0
train,paragraph_500_no_overlap,StaarSurgicalCompany_20180801_10-Q_EX-10.37_11289449_EX-10.37_Distributor Agreement,7649,19,38,38,1.0
train,paragraph_500_no_overlap,EmeraldHealthBioceuticalsInc_20200218_1-A_EX1A-6 MAT CTRCT_11987205_EX1A-6 MAT CTRCT_Development Agreement,2606,7,20,20,1.0
train,paragraph_500_no_overlap,STAMPSCOMINC_06_24_1999-EX-10.18-SPONSORSHIP AGREEMENT,5496,13,32,32,1.0
train,paragraph_500_no_overlap,BEYONDCOMCORP_08_03_2000-EX-10.2-CO-HOSTING AGREEMENT,7991,19,33,33,1.0
train,paragraph_500_no_overlap,CHEETAHMOBILEINC_04_22_2014-EX-10.43-Cooperation Agreement,6230,14,23,22,0.9565217391304348
train,paragraph_500_no_overlap,ClickstreamCorp_20200330_1-A_EX1A-6 MAT CTRCT_12089935_EX1A-6 MAT CTRCT_Development Agreement,5445,15,24,24,1.0
train,paragraph_500_no_overlap,NEOMEDIATECHNOLOGIESINC_12_15_2005-EX-16.1-DISTRIBUTOR AGREEMENT,4973,11,29,29,1.0
train,paragraph_500_no_overlap,"ADUROBIOTECH,INC_06_02_2020-EX-10.7-CONSULTING AGREEMENT(1)",1850,4,16,16,1.0
train,paragraph_500_no_overlap,LejuHoldingsLtd_20140121_DRS (on F-1)_EX-10.26_8473102_EX-10.26_Content License Agreement1,7198,20,22,22,1.0
train,paragraph_500_no_overlap,"VISIUMTECHNOLOGIES,INC_10_20_2004-EX-10.20-DISTRIBUTOR AGREEMENT",7706,18,42,41,0.9761904761904762
train,paragraph_500_no_overlap,"INNOVIVA,INC_08_07_2014-EX-10.1-COLLABORATION AGREEMENT",28937,81,52,50,0.9615384615384616
train,paragraph_500_no_overlap,SoupmanInc_20150814_8-K_EX-10.1_9230148_EX-10.1_Franchise Agreement2,844,2,5,5,1.0
train,paragraph_500_no_overlap,"ADUROBIOTECH,INC_06_02_2020-EX-10.7-CONSULTING AGREEMENT",1850,4,14,14,1.0
train,paragraph_500_no_overlap,CybergyHoldingsInc_20140520_10-Q_EX-10.27_8605784_EX-10.27_Affiliate Agreement,5326,12,26,26,1.0
train,paragraph_500_no_overlap,MANAKOASERVICESCORP_11_21_2007-EX-7.5-STRATEGIC ALLIANCE AGREEMENT,2355,5,14,14,1.0
train,paragraph_500_no_overlap,FLOTEKINDUSTRIESINCCN_05_09_2019-EX-10.1-SUPPLY AGREEMENT,3037,7,19,19,1.0
train,paragraph_500_no_overlap,EUROPEANMICROHOLDINGSINC_03_06_1998-EX-10.6-DISTRIBUTOR AGREEMENT,7939,18,38,37,0.9736842105263158
train,paragraph_500_no_overlap,KitovPharmaLtd_20190326_20-F_EX-4.15_11584449_EX-4.15_Manufacturing Agreement,8964,24,36,36,1.0
train,paragraph_500_no_overlap,BellringBrandsInc_20190920_S-1_EX-10.12_11817081_EX-10.12_Manufacturing Agreement3,1240,3,10,10,1.0
train,paragraph_500_no_overlap,GOCALLINC_03_30_2000-EX-10.7-Promotion Agreement,2983,8,18,18,1.0
train,paragraph_500_no_overlap,LEJUHOLDINGSLTD_03_12_2014-EX-10.34-INTERNET CHANNEL COOPERATION AGREEMENT,5930,15,20,20,1.0
train,paragraph_500_no_overlap,BLACKSTONEGSOLONG-SHORTCREDITINCOMEFUND_05_11_2020-EX-99.(K)(1)-SERVICE AGREEMENT,8073,18,17,16,0.9411764705882353
train,paragraph_500_no_overlap,"MEETGROUP,INC_06_29_2017-EX-10.1-COOPERATION AGREEMENT",9394,27,15,15,1.0
train,paragraph_500_no_overlap,GluMobileInc_20070319_S-1A_EX-10.09_436630_EX-10.09_Content License Agreement3,545,2,10,10,1.0
train,paragraph_500_no_overlap,ADAPTIMMUNETHERAPEUTICSPLC_04_06_2017-EX-10.11-STRATEGIC ALLIANCE AGREEMENT,15471,43,56,56,1.0
train,paragraph_500_no_overlap,ENTRUSTINC_07_24_1998-EX-10.5-STRATEGIC ALLIANCE AGREEMENT,5893,13,39,39,1.0
train,paragraph_500_no_overlap,SYKESHEALTHPLANSERVICESINC_04_24_1998-EX-10.14-OUTSOURCING AGREEMENT,1876,5,18,18,1.0
train,paragraph_500_no_overlap,NATIONALPROCESSINGINC_07_18_1996-EX-10.4-SPONSORSHIP AGREEMENT,4359,10,14,14,1.0
train,paragraph_500_no_overlap,SimplicityEsportsGamingCompany_20181130_8-K_EX-10.1_11444071_EX-10.1_Franchise Agreement,4347,12,27,27,1.0
train,paragraph_500_no_overlap,QIWI_06_16_2017-EX-99.(D)(2)-COOPERATION AGREEMENT,4170,9,16,16,1.0
train,paragraph_500_no_overlap,RemarkHoldingsInc_20081114_10-Q_EX-10.24_2895649_EX-10.24_Content License Agreement,9178,24,54,54,1.0
train,paragraph_500_no_overlap,CnsPharmaceuticalsInc_20200326_8-K_EX-10.1_12079626_EX-10.1_Development Agreement,3260,10,14,14,1.0
train,paragraph_500_no_overlap,GluMobileInc_20070319_S-1A_EX-10.09_436630_EX-10.09_Content License Agreement2,1853,4,25,24,0.96
train,paragraph_500_no_overlap,"BLUEHILLSBANCORP,INC_05_20_2014-EX-1.1-AGENCY AGREEMENT",21046,55,22,22,1.0
train,paragraph_500_no_overlap,GarrettMotionInc_20181001_8-K_EX-2.4_11364532_EX-2.4_Intellectual Property Agreement,8757,21,33,33,1.0
train,paragraph_500_no_overlap,TheglobeComInc_19990503_S-1A_EX-10.20_5416126_EX-10.20_Co-Branding Agreement,6614,15,35,35,1.0
train,paragraph_500_no_overlap,EmbarkComInc_19991008_S-1A_EX-10.10_6487661_EX-10.10_Co-Branding Agreement,5039,12,22,22,1.0
train,paragraph_500_no_overlap,TRANSMONTAIGNEPARTNERSLLC_03_13_2020-EX-10.9-SERVICES AGREEMENT,880,2,12,12,1.0
train,paragraph_500_no_overlap,"COOLTECHNOLOGIES,INC_10_25_2017-EX-10.71-Strategic Alliance Agreement",2154,5,14,14,1.0
train,paragraph_500_no_overlap,ALLIANCEBANCORPINCOFPENNSYLVANIA_10_18_2006-EX-1.2-AGENCY AGREEMENT,20957,51,24,24,1.0
train,paragraph_500_no_overlap,XpresspaGroupInc_20190401_10-K_EX-10.28_11599457_EX-10.28_Marketing Agreement,8460,24,49,49,1.0
train,paragraph_500_no_overlap,BellringBrandsInc_20190920_S-1_EX-10.12_11817081_EX-10.12_Manufacturing Agreement2,344,1,9,9,1.0
train,paragraph_500_no_overlap,IdeanomicsInc_20160330_10-K_EX-10.26_9512211_EX-10.26_Content License Agreement,6321,15,28,28,1.0
train,paragraph_500_no_overlap,BIOAMBERINC_04_10_2013-EX-10.34-DEVELOPMENT AGREEMENT (1),5818,14,30,30,1.0
train,paragraph_500_no_overlap,PrudentialBancorpInc_20170606_8-K_EX-10.4_10474434_EX-10.4_Endorsement Agreement,2264,5,12,12,1.0
train,paragraph_500_no_overlap,"BERKELEYLIGHTS,INC_06_26_2020-EX-10.12-COLLABORATION AGREEMENT",32708,76,89,89,1.0
train,paragraph_500_no_overlap,UnionDentalHoldingsInc_20050204_8-KA_EX-10_3345577_EX-10_Affiliate Agreement,1850,5,11,11,1.0
train,paragraph_500_no_overlap,WOMENSGOLFUNLIMITEDINC_03_29_2000-EX-10.13-ENDORSEMENT AGREEMENT - Intellectual Property Rights                 Confidentiality and Non-Use Obligations Agreement,940,2,7,7,1.0
train,paragraph_500_no_overlap,SPHERE3DCORP_06_24_2020-EX-10.12-CONSULTING AGREEMENT,1897,5,12,12,1.0
train,paragraph_500_no_overlap,ENTERPRISEPRODUCTSPARTNERSLP_07_08_1998-EX-10.3-TRANSPORTATION CONTRACT,11141,25,36,36,1.0
train,paragraph_500_no_overlap,HerImports_20161018_8-KA_EX-10.14_9765707_EX-10.14_Maintenance Agreement,1595,5,8,8,1.0
train,paragraph_500_no_overlap,PROLONGINTERNATIONALCORP_03_23_1998-EX-10.16-SPONSORSHIP AGREEMENT,2180,5,11,11,1.0
train,paragraph_500_no_overlap,DYNTEKINC_07_30_1999-EX-10-ONLINE HOSTING AGREEMENT,4009,10,20,20,1.0
train,paragraph_500_no_overlap,ALAMOGORDOFINANCIALCORP_12_16_1999-EX-1-AGENCY AGREEMENT,18815,44,22,22,1.0
train,paragraph_500_no_overlap,StampscomInc_20001114_10-Q_EX-10.47_2631630_EX-10.47_Co-Branding Agreement,11730,26,46,46,1.0
train,paragraph_500_no_overlap,InvendaCorp_20000828_S-1A_EX-10.2_2588206_EX-10.2_Co-Branding Agreement,14682,31,63,62,0.9841269841269841
train,paragraph_500_no_overlap,WebmdHealthCorp_20050908_S-1A_EX-10.7_1027007_EX-10.7_Content License Agreement,2356,5,20,20,1.0
train,paragraph_500_no_overlap,SANDRIDGEENERGYINC_08_06_2009-EX-10.6-OPERATIONS AND MAINTENANCE AGREEMENT,10964,24,34,34,1.0
train,paragraph_500_no_overlap,ON4COMMUNICATIONSINC_07_02_2009-EX-10.1-PROMOTION AGREEMENT,2349,6,13,13,1.0
train,paragraph_500_no_overlap,GluMobileInc_20070319_S-1A_EX-10.09_436630_EX-10.09_Content License Agreement1,17147,39,68,67,0.9852941176470589
train,paragraph_500_no_overlap,BANUESTRAFINANCIALCORP_09_08_2006-EX-10.16-AGENCY AGREEMENT,7308,18,12,12,1.0
train,paragraph_500_no_overlap,ArtaraTherapeuticsInc_20200110_8-K_EX-10.5_11943350_EX-10.5_License Agreement,5818,14,28,28,1.0
train,paragraph_500_no_overlap,NlsPharmaceuticsLtd_20200228_F-1_EX-10.14_12029046_EX-10.14_Development Agreement,10546,28,29,28,0.9655172413793104
train,paragraph_500_no_overlap,"VIRTUALSCOPICS,INC_11_12_2010-EX-10.1-STRATEGIC ALLIANCE AGREEMENT",7273,22,31,31,1.0
train,paragraph_500_no_overlap,BellringBrandsInc_20190920_S-1_EX-10.12_11817081_EX-10.12_Manufacturing Agreement1,6565,16,23,23,1.0
train,paragraph_500_no_overlap,BLUEFLYINC_03_27_2002-EX-10.27-e-business Hosting Agreement,5136,12,31,28,0.9032258064516129
train,paragraph_500_no_overlap,ASIANDRAGONGROUPINC_08_11_2005-EX-10.5-Reseller Agreement,7018,20,20,20,1.0
train,paragraph_500_no_overlap,MANUFACTURERSSERVICESLTD_06_05_2000-EX-10.14-OUTSOURCING AGREEMENT,41962,90,65,65,1.0
train,paragraph_500_no_overlap,LiquidmetalTechnologiesInc_20200205_8-K_EX-10.1_11968198_EX-10.1_Development Agreement,12529,33,56,55,0.9821428571428571
train,paragraph_500_no_overlap,PlayboyEnterprisesInc_20090220_10-QA_EX-10.2_4091580_EX-10.2_Content License Agreement_ Marketing Agreement_ Sales-Purchase Agreement2,526,2,6,6,1.0
train,paragraph_500_no_overlap,ZtoExpressCaymanInc_20160930_F-1_EX-10.10_9752871_EX-10.10_Transportation Agreement,1468,5,12,12,1.0
train,paragraph_500_no_overlap,2ThemartComInc_19990826_10-12G_EX-10.10_6700288_EX-10.10_Co-Branding Agreement_ Agency Agreement,4467,10,30,30,1.0
train,paragraph_500_no_overlap,MOELIS_CO_03_24_2014-EX-10.19-STRATEGIC ALLIANCE AGREEMENT,18625,54,51,51,1.0
train,paragraph_500_no_overlap,XYBERNAUTCORP_07_12_2002-EX-4-SPONSORSHIP AGREEMENT,6661,15,17,17,1.0
train,paragraph_500_no_overlap,"CARDAX,INC_08_19_2014-EX-10.1-COLLABORATION AGREEMENT",8586,22,23,23,1.0
train,paragraph_500_no_overlap,"MACY_S,INC_05_11_2020-EX-99.4-JOINT FILING AGREEMENT",216,1,5,5,1.0
train,paragraph_500_no_overlap,TALCOTTRESOLUTIONLIFEINSURANCECO-SEPARATEACCOUNTTWELVE_04_30_2020-EX-99.8(L)-SERVICE AGREEMENT,4724,14,12,12,1.0
train,paragraph_500_no_overlap,ArmstrongFlooringInc_20190107_8-K_EX-10.2_11471795_EX-10.2_Intellectual Property Agreement,8284,20,51,51,1.0
train,paragraph_500_no_overlap,PFSFUNDS_06_26_2020-EX-99.H OTH MAT CONT-SERVICES AGREEMENT,2435,6,14,14,1.0
train,paragraph_500_no_overlap,WaterNowInc_20191120_10-Q_EX-10.12_11900227_EX-10.12_Distributor Agreement,7396,22,41,40,0.975609756097561
train,paragraph_500_no_overlap,MTITECHNOLOGYCORP_11_16_2004-EX-10.102-Reseller Agreement Premier Addendum,4685,10,18,18,1.0
train,paragraph_500_no_overlap,SCOUTCAMINC_05_12_2020-EX-10.22-SERVICES AGREEMENT,1305,3,18,18,1.0
train,paragraph_500_no_overlap,PharmagenInc_20120803_8-KA_EX-10.1_7693204_EX-10.1_Endorsement Agreement,2778,8,19,19,1.0
train,paragraph_500_no_overlap,DRKOOPCOMINC_04_21_1999-EX-10.28-SPONSORSHIP AGREEMENT,5546,12,18,18,1.0
train,paragraph_500_no_overlap,"VNUE,INC_07_10_2015-EX-10.1-SPONSORSHIP AGREEMENT",3207,8,18,18,1.0
train,paragraph_500_no_overlap,LegacyEducationAllianceInc_20141110_8-K_EX-10.9_8828866_EX-10.9_Endorsement Agreement,3149,8,19,19,1.0
train,paragraph_500_no_overlap,PcquoteComInc_19990721_S-1A_EX-10.11_6377149_EX-10.11_Co-Branding Agreement3,395,1,7,7,1.0
train,paragraph_500_no_overlap,GluMobileInc_20070319_S-1A_EX-10.09_436630_EX-10.09_Content License Agreement4,291,1,8,8,1.0
train,paragraph_500_no_overlap,"OPTIMIZEDTRANSPORTATIONMANAGEMENT,INC_07_26_2000-EX-6.6-DISTRIBUTOR AGREEMENT",1367,3,18,18,1.0
train,paragraph_500_no_overlap,IMAGEWARESYSTEMSINC_12_20_1999-EX-10.22-MAINTENANCE AGREEMENT,2925,7,16,16,1.0
train,paragraph_500_no_overlap,NakedBrandGroupInc_20150731_POS AM (on S-1)_EX-10.75_9196027_EX-10.75_Endorsement Agreement,7601,17,35,34,0.9714285714285714
train,paragraph_500_no_overlap,ZONDWINDSYSTEMPARTNERSLTDSERIES85-B_04_03_2006-EX-10-MANAGEMENT AND MAINTENANCE AGREEMENT,1368,4,8,8,1.0
train,paragraph_500_no_overlap,IbioInc_20200313_8-K_EX-10.1_12052678_EX-10.1_Development Agreement,4657,11,18,18,1.0
train,paragraph_500_no_overlap,BellringBrandsInc_20190920_S-1_EX-10.12_11817081_EX-10.12_Manufacturing Agreement4,258,1,8,8,1.0
train,paragraph_500_no_overlap,ParatekPharmaceuticalsInc_20170505_10-KA_EX-10.29_10323872_EX-10.29_Outsourcing Agreement,17726,39,46,45,0.9782608695652174
train,paragraph_500_no_overlap,JOINTCORP_09_19_2014-EX-10.15-FRANCHISE AGREEMENT,26623,70,86,86,1.0
train,paragraph_500_no_overlap,VnueInc_20150914_8-K_EX-10.1_9259571_EX-10.1_Promotion Agreement,1634,5,12,12,1.0
train,paragraph_500_no_overlap,NEXSTARFINANCEHOLDINGSINC_03_27_2002-EX-10.26-OUTSOURCING AGREEMENT,18265,42,25,23,0.92
train,paragraph_500_no_overlap,SUNTRONCORP_05_17_2006-EX-10.22-MAINTENANCE AGREEMENT,4818,12,27,26,0.9629629629629629
train,paragraph_500_no_overlap,"SPIENERGYCO,LTD_03_09_2011-EX-99.5-OPERATIONS AND MAINTENANCE AGREEMENT",8153,18,21,21,1.0
train,paragraph_500_no_overlap,SteelVaultCorp_20081224_10-K_EX-10.16_3074935_EX-10.16_Affiliate Agreement,2709,7,16,16,1.0
train,paragraph_500_no_overlap,"KIROMICBIOPHARMA,INC_04_08_2020-EX-10.28-JOINT VENTURE AGREEMENT",5749,13,25,25,1.0
train,paragraph_500_no_overlap,PlayboyEnterprisesInc_20090220_10-QA_EX-10.2_4091580_EX-10.2_Content License Agreement_ Marketing Agreement_ Sales-Purchase Agreement1,17994,56,70,70,1.0
train,paragraph_500_no_overlap,TubeMediaCorp_20060310_8-K_EX-10.1_513921_EX-10.1_Affiliate Agreement,10728,31,49,49,1.0
train,paragraph_500_no_overlap,"MARSHALLHOLDINGSINTERNATIONAL,INC_04_14_2004-EX-10.15-ENDORSEMENT AGREEMENT",1716,4,16,16,1.0
train,paragraph_500_no_overlap,BLACKBOXSTOCKSINC_08_05_2014-EX-10.1-DISTRIBUTOR AGREEMENT,2706,6,21,21,1.0
train,paragraph_500_no_overlap,WARNERCHILCOTTPLC_12_31_2003-EX-4.36-DEVELOPMENT AGREEMENT,4152,10,13,12,0.9230769230769231
train,paragraph_500_no_overlap,VertexEnergyInc_20200113_8-K_EX-10.1_11943624_EX-10.1_Marketing Agreement,7280,21,26,26,1.0
train,paragraph_500_no_overlap,NETZEEINC_11_14_2002-EX-10.3-MAINTENANCE AGREEMENT,464,1,9,9,1.0
train,paragraph_500_no_overlap,REGANHOLDINGCORP_03_31_2008-EX-10-LICENSE AND HOSTING AGREEMENT,8824,20,22,21,0.9545454545454546
train,paragraph_500_no_overlap,MidwestEnergyEmissionsCorp_20080604_8-K_EX-10.2_3093976_EX-10.2_Content License Agreement,5199,12,31,31,1.0
train,paragraph_500_no_overlap,HYDRONTECHNOLOGIESINC_03_31_1997-EX-10.47-SPONSORSHIP AGREEMENT,4114,9,14,13,0.9285714285714286
train,paragraph_500_no_overlap,CcRealEstateIncomeFundadv_20181205_POS 8C_EX-99.(H)(3)_11447739_EX-99.(H)(3)_Marketing Agreement,4695,12,14,14,1.0
train,paragraph_500_no_overlap,"BLUEROCKRESIDENTIALGROWTHREIT,INC_06_01_2016-EX-1.1-AGENCY AGREEMENT",20909,54,17,16,0.9411764705882353
train,paragraph_500_no_overlap,"TALLGRASSENERGY,LP_02_20_2020-EX-99.26-JOINT FILING AGREEMENT",621,2,12,12,1.0
train,paragraph_500_no_overlap,KINGPHARMACEUTICALSINC_08_09_2006-EX-10.1-PROMOTION AGREEMENT,26840,62,64,64,1.0
train,paragraph_500_no_overlap,PerformanceSportsBrandsInc_20110909_S-1_EX-10.10_7220214_EX-10.10_Endorsement Agreement,4118,9,24,24,1.0
train,paragraph_500_overlap_75,LIMEENERGYCO_09_09_1999-EX-10-DISTRIBUTOR AGREEMENT,5998,15,46,46,1.0
train,paragraph_500_overlap_75,"WHITESMOKE,INC_11_08_2011-EX-10.26-PROMOTION AND DISTRIBUTION AGREEMENT",11313,27,27,27,1.0
train,paragraph_500_overlap_75,NELNETINC_04_08_2020-EX-1-JOINT FILING AGREEMENT,170,1,4,4,1.0
train,paragraph_500_overlap_75,ADAMSGOLFINC_03_21_2005-EX-10.17-ENDORSEMENT AGREEMENT,3770,9,23,23,1.0
train,paragraph_500_overlap_75,"KIROMICBIOPHARMA,INC_05_11_2020-EX-10.23-CONSULTING AGREEMENT",2766,7,24,24,1.0
train,paragraph_500_overlap_75,"VEONEER,INC_02_21_2020-EX-10.11-JOINT VENTURE AGREEMENT",1334,3,16,16,1.0
train,paragraph_500_overlap_75,"MetLife, Inc. - Remarketing Agreement",17518,42,16,16,1.0
train,paragraph_500_overlap_75,"FTENETWORKS,INC_02_18_2016-EX-99.4-STRATEGIC ALLIANCE AGREEMENT",5761,15,33,33,1.0
train,paragraph_500_overlap_75,DOMINIADVISORTRUST_02_18_2005-EX-99.(H)(2)-SPONSORSHIP AGREEMENT,1847,4,13,13,1.0
train,paragraph_500_overlap_75,PfHospitalityGroupInc_20150923_10-12G_EX-10.1_9266710_EX-10.1_Franchise Agreement3,1014,3,12,12,1.0
train,paragraph_500_overlap_75,CerenceInc_20191002_8-K_EX-10.4_11827494_EX-10.4_Intellectual Property Agreement,9608,22,40,40,1.0
train,paragraph_500_overlap_75,ReynoldsConsumerProductsInc_20191115_S-1_EX-10.18_11896469_EX-10.18_Supply Agreement,9599,27,26,26,1.0
train,paragraph_500_overlap_75,IntegrityFunds_20200121_485BPOS_EX-99.E UNDR CONTR_11948727_EX-99.E UNDR CONTR_Service Agreement,3784,10,12,12,1.0
train,paragraph_500_overlap_75,PREMIERBIOMEDICALINC_05_14_2020-EX-10.2-INTELLECTUAL PROPERTY AGREEMENT,3596,10,22,22,1.0
train,paragraph_500_overlap_75,"SIBANNAC,INC_12_04_2017-EX-2.1-Strategic Alliance Agreement",1236,4,14,14,1.0
train,paragraph_500_overlap_75,INTRICONCORP_03_10_2009-EX-10.22-Strategic Alliance Agreement,7774,18,35,35,1.0
train,paragraph_500_overlap_75,BONTONSTORESINC_04_20_2018-EX-99.3-AGENCY AGREEMENT,26842,63,43,43,1.0
train,paragraph_500_overlap_75,"ON2TECHNOLOGIES,INC_11_17_2006-EX-10.3-SUPPORT AND MAINTENANCE AGREEMENT",8844,20,17,17,1.0
train,paragraph_500_overlap_75,Freecook_20180605_S-1_EX-10.3_11233807_EX-10.3_Hosting Agreement,997,3,10,10,1.0
train,paragraph_500_overlap_75,OPERALTD_04_30_2020-EX-4.14-SERVICE AGREEMENT,3326,11,21,21,1.0
train,paragraph_500_overlap_75,"BORROWMONEYCOM,INC_06_11_2020-EX-10.1-JOINT VENTURE AGREEMENT",3507,10,11,11,1.0
train,paragraph_500_overlap_75,ZEBRATECHNOLOGIESCORP_04_16_2014-EX-10.1-INTELLECTUAL PROPERTY AGREEMENT,19581,47,45,42,0.9333333333333333
train,paragraph_500_overlap_75,ChinaRealEstateInformationCorp_20090929_F-1_EX-10.32_4771615_EX-10.32_Content License Agreement,7522,18,24,24,1.0
train,paragraph_500_overlap_75,GLOBALTECHNOLOGIESLTD_06_08_2020-EX-10.16-CONSULTING AGREEMENT,3199,9,12,12,1.0
train,paragraph_500_overlap_75,PfHospitalityGroupInc_20150923_10-12G_EX-10.1_9266710_EX-10.1_Franchise Agreement1,24389,73,84,82,0.9761904761904762
train,paragraph_500_overlap_75,CORIOINC_07_20_2000-EX-10.5-LICENSE AND HOSTING AGREEMENT,8396,19,53,53,1.0
train,paragraph_500_overlap_75,SENMIAOTECHNOLOGYLTD_02_19_2019-EX-10.5-Collaboration Agreement,11876,32,33,33,1.0
train,paragraph_500_overlap_75,HealthcareIntegratedTechnologiesInc_20190812_8-K_EX-10.1_11776966_EX-10.1_Reseller Agreement,3519,8,22,22,1.0
train,paragraph_500_overlap_75,LOYALTYPOINTINC_11_16_2004-EX-10.2-RESELLER AGREEMENT,12890,30,30,29,0.9666666666666667
train,paragraph_500_overlap_75,BNCMORTGAGEINC_05_17_1999-EX-10.4-LICENSING AND WEB SITE HOSTING AGREEMENT,4739,11,17,17,1.0
train,paragraph_500_overlap_75,ENERGOUSCORP_03_16_2017-EX-10.24-STRATEGIC ALLIANCE AGREEMENT,12422,32,67,67,1.0
train,paragraph_500_overlap_75,CytodynInc_20200109_10-Q_EX-10.5_11941634_EX-10.5_License Agreement,24801,64,52,51,0.9807692307692307
train,paragraph_500_overlap_75,NICELTD_06_26_2003-EX-4.5-OUTSOURCING AGREEMENT,18608,42,29,29,1.0
train,paragraph_500_overlap_75,ImpresseCorp_20000322_S-1A_EX-10.11_5199234_EX-10.11_Co-Branding Agreement,7249,16,32,32,1.0
train,paragraph_500_overlap_75,AlliedEsportsEntertainmentInc_20190815_8-K_EX-10.19_11788293_EX-10.19_Content License Agreement,5471,13,30,30,1.0
train,paragraph_500_overlap_75,CreditcardscomInc_20070810_S-1_EX-10.33_362297_EX-10.33_Affiliate Agreement,4045,11,13,13,1.0
train,paragraph_500_overlap_75,GALACTICOMMTECHNOLOGIESINC_11_07_1997-EX-10.46-WEB HOSTING AGREEMENT,223,1,5,5,1.0
train,paragraph_500_overlap_75,"Zounds Hearing, Inc. - MANUFACTURING DESIGN MARKETING AGREEMENT",6897,19,31,30,0.967741935483871
train,paragraph_500_overlap_75,CUROGROUPHOLDINGSCORP_05_04_2020-EX-10.3-SERVICING AGREEMENT,5793,14,12,12,1.0
train,paragraph_500_overlap_75,SouthernStarEnergyInc_20051202_SB-2A_EX-9_801890_EX-9_Affiliate Agreement,3607,8,17,17,1.0
train,paragraph_500_overlap_75,ConformisInc_20191101_10-Q_EX-10.6_11861402_EX-10.6_Development Agreement,9583,28,33,33,1.0
train,paragraph_500_overlap_75,Principal Life Insurance Company - Broker Dealer Marketing and Servicing Agreement,4366,13,15,15,1.0
train,paragraph_500_overlap_75,LegacyEducationAllianceInc_20200330_10-K_EX-10.18_12090678_EX-10.18_Development Agreement,7337,21,49,49,1.0
train,paragraph_500_overlap_75,VerizonAbsLlc_20200123_8-K_EX-10.4_11952335_EX-10.4_Service Agreement,45143,102,26,26,1.0
train,paragraph_500_overlap_75,VERICELCORP_08_06_2019-EX-10.10-SUPPLY AGREEMENT,15862,37,39,39,1.0
train,paragraph_500_overlap_75,WPPPLC_04_30_2020-EX-4.28-SERVICE AGREEMENT,10958,30,26,26,1.0
train,paragraph_500_overlap_75,WORLDWIDESTRATEGIESINC_11_02_2005-EX-10-RESELLER AGREEMENT,10830,26,43,43,1.0
train,paragraph_500_overlap_75,FEDERATEDGOVERNMENTINCOMESECURITIESINC_04_28_2020-EX-99.SERV AGREE-SERVICES AGREEMENT_SECONDAMENDMENT,820,2,8,8,1.0
train,paragraph_500_overlap_75,AzulSa_20170303_F-1A_EX-10.3_9943903_EX-10.3_Maintenance Agreement2,2549,6,13,13,1.0
train,paragraph_500_overlap_75,PelicanDeliversInc_20200211_S-1_EX-10.3_11975895_EX-10.3_Development Agreement1,2820,8,6,6,1.0
train,paragraph_500_overlap_75,ORBSATCORP_08_17_2007-EX-7.3-STRATEGIC ALLIANCE AGREEMENT,2909,7,19,19,1.0
train,paragraph_500_overlap_75,DRAGONSYSTEMSINC_01_08_1999-EX-10.17-OUTSOURCING AGREEMENT,1088,3,13,13,1.0
train,paragraph_500_overlap_75,SEPARATEACCOUNTIIOFAGL_05_02_2011-EX-99.(J)(4)-UNCONDITIONAL CAPITAL MAINTENANCE AGREEMENT,2845,7,13,13,1.0
train,paragraph_500_overlap_75,ImperialGardenResortInc_20161028_DRS (on F-1)_EX-10.13_9963189_EX-10.13_Outsourcing Agreement,1849,5,7,7,1.0
train,paragraph_500_overlap_75,"VIRGINGALACTICHOLDINGS,INC_04_08_2020-EX-99.1-JOINT FILING STATEMENT",188,1,6,6,1.0
train,paragraph_500_overlap_75,FuseMedicalInc_20190321_10-K_EX-10.43_11575454_EX-10.43_Distributor Agreement,5339,11,21,21,1.0
train,paragraph_500_overlap_75,ASPIRITYHOLDINGSLLC_05_07_2012-EX-10.6-OUTSOURCING AGREEMENT,10095,28,28,28,1.0
train,paragraph_500_overlap_75,"OASYSMOBILE,INC_07_05_2001-EX-10.17-OUTSOURCING AGREEMENT",8147,18,47,47,1.0
train,paragraph_500_overlap_75,MEDIWOUNDLTD_01_15_2014-EX-10.6-SUPPLY AGREEMENT,7708,18,27,27,1.0
train,paragraph_500_overlap_75,UpjohnInc_20200121_10-12G_EX-2.6_11948692_EX-2.6_Manufacturing Agreement_ Supply Agreement,33948,83,95,95,1.0
train,paragraph_500_overlap_75,"Antares Pharma, Inc. - Manufacturing Agreement",16365,37,20,20,1.0
train,paragraph_500_overlap_75,RareElementResourcesLtd_20171019_SC 13D_EX-99.4_10897534_EX-99.4_Intellectual Property Agreement,5415,15,33,33,1.0
train,paragraph_500_overlap_75,VARIABLESEPARATEACCOUNT_04_30_2014-EX-13.C-UNCONDITIONAL CAPITAL MAINTENANCE AGREEMENT,2381,6,14,14,1.0
train,paragraph_500_overlap_75,ABILITYINC_06_15_2020-EX-4.25-SERVICES AGREEMENT,4115,11,16,16,1.0
train,paragraph_500_overlap_75,ELECTRAMECCANICA VEHICLES CORP. - Manufacturing Agreement,7251,19,30,30,1.0
train,paragraph_500_overlap_75,GopageCorp_20140221_10-K_EX-10.1_8432966_EX-10.1_Content License Agreement,6030,17,25,25,1.0
train,paragraph_500_overlap_75,BICYCLETHERAPEUTICSPLC_03_10_2020-EX-10.11-SERVICE AGREEMENT,9252,21,27,27,1.0
train,paragraph_500_overlap_75,TELEGLOBEINTERNATIONALHOLDINGSLTD_03_29_2004-EX-10.10-CONSTRUCTION AND MAINTENANCE AGREEMENT,15095,41,62,62,1.0
train,paragraph_500_overlap_75,INTERNATIONALFASTFOODCORP_04_04_1997-EX-99-FRANCHISE AGREEMENT,16157,37,65,65,1.0
train,paragraph_500_overlap_75,BIOCEPTINC_08_19_2013-EX-10-COLLABORATION AGREEMENT,12142,29,40,40,1.0
train,paragraph_500_overlap_75,PACIFICSYSTEMSCONTROLTECHNOLOGYINC_08_24_2000-EX-10.53-SPONSORSHIP AGREEMENT,682,2,9,9,1.0
train,paragraph_500_overlap_75,NANOPHASETECHNOLOGIESCORP_11_01_2005-EX-99.1-DISTRIBUTOR AGREEMENT,7663,22,37,37,1.0
train,paragraph_500_overlap_75,AzulSa_20170303_F-1A_EX-10.3_9943903_EX-10.3_Maintenance Agreement1,34155,77,41,41,1.0
train,paragraph_500_overlap_75,PelicanDeliversInc_20200211_S-1_EX-10.3_11975895_EX-10.3_Development Agreement2,4870,12,21,21,1.0
train,paragraph_500_overlap_75,"NETGEAR,INC_04_21_2003-EX-10.16-AMENDMENT TO THE DISTRIBUTOR AGREEMENT BETWEEN INGRAM MICRO AND NETGEAR",973,2,8,8,1.0
train,paragraph_500_overlap_75,NEONSYSTEMSINC_03_01_1999-EX-10.5-DISTRIBUTOR AGREEMENT_Amendment,2848,7,32,32,1.0
train,paragraph_500_overlap_75,SPARKLINGSPRINGWATERHOLDINGSLTD_07_03_2002-EX-10.13-SOFTWARE LICENSE AND MAINTENANCE AGREEMENT,3885,9,28,28,1.0
train,paragraph_500_overlap_75,NUVEEN - REMARKETING AGREEMENT,11298,27,17,17,1.0
train,paragraph_500_overlap_75,SECURIANFUNDSTRUST_05_01_2012-EX-99.28.H.9-NET INVESTMENT INCOME MAINTENANCE AGREEMENT,1538,4,13,13,1.0
train,paragraph_500_overlap_75,WELLSFARGOMORTGAGEBACKEDSECURITIES2006-6TRUST_05_11_2006-EX-10.3-Yield Maintenance Agreement,5299,12,12,12,1.0
train,paragraph_500_overlap_75,REWALKROBOTICSLTD_07_10_2014-EX-10.2-STRATEGIC ALLIANCE AGREEMENT,2320,6,15,15,1.0
train,paragraph_500_overlap_75,PenntexMidstreamPartnersLp_20150416_S-1A_EX-10.4_9042833_EX-10.4_Transportation Agreement,7965,18,20,20,1.0
train,paragraph_500_overlap_75,FerroglobePlc_20150624_F-4A_EX-10.20_9154746_EX-10.20_Outsourcing Agreement,4627,10,13,13,1.0
train,paragraph_500_overlap_75,TodosMedicalLtd_20190328_20-F_EX-4.10_11587157_EX-4.10_Marketing Agreement_ Reseller Agreement,5066,13,31,31,1.0
train,paragraph_500_overlap_75,PrecheckHealthServicesInc_20200320_8-K_EX-99.2_12070169_EX-99.2_Distributor Agreement,970,3,13,13,1.0
train,paragraph_500_overlap_75,INKTOMICORP_06_08_1998-EX-10.14-SOFTWARE HOSTING AGREEMENT,9916,22,29,29,1.0
train,paragraph_500_overlap_75,"OAKTREECAPITALGROUP,LLC_03_02_2020-EX-10.8-Services Agreement",3194,8,14,14,1.0
train,paragraph_500_overlap_75,BANGIINC_05_25_2005-EX-10-Premium Managed Hosting Agreement,302,1,6,6,1.0
train,paragraph_500_overlap_75,AMERICANPHYSICIANSCAPITALINC_03_31_2003-EX-10.26-AGENCY AGREEMENT,2901,7,25,25,1.0
train,paragraph_500_overlap_75,GULFSOUTHMEDICALSUPPLYINC_12_24_1997-EX-4-AFFILIATE AGREEMENT,2765,6,9,9,1.0
train,paragraph_500_overlap_75,"BELLRINGBRANDS,INC_02_07_2020-EX-10.18-MASTER SUPPLY AGREEMENT",5813,14,28,28,1.0
train,paragraph_500_overlap_75,AimmuneTherapeuticsInc_20200205_8-K_EX-10.3_11967170_EX-10.3_Development Agreement,25298,57,56,54,0.9642857142857143
train,paragraph_500_overlap_75,HEALTHGATEDATACORP_11_24_1999-EX-10.1-HOSTING AND MANAGEMENT AGREEMENT (1),17975,38,51,51,1.0
train,paragraph_500_overlap_75,"INTELLIGENTHIGHWAYSOLUTIONS,INC_01_18_2018-EX-10.1-Strategic Alliance Agreement",1217,3,14,14,1.0
train,paragraph_500_overlap_75,ATMOSENERGYCORP_11_22_2002-EX-10.17-TRANSPORTATION SERVICE AGREEMENT,2588,6,18,18,1.0
train,paragraph_500_overlap_75,PacificapEntertainmentHoldingsInc_20051115_8-KA_EX-1.01_4300894_EX-1.01_Content License Agreement,2500,6,15,15,1.0
train,paragraph_500_overlap_75,ReedsInc_20191113_10-Q_EX-10.4_11888303_EX-10.4_Development Agreement,4301,10,19,19,1.0
train,paragraph_500_overlap_75,RgcResourcesInc_20151216_8-K_EX-10.3_9372751_EX-10.3_Franchise Agreement,805,2,10,10,1.0
train,paragraph_500_overlap_75,"BELLICUMPHARMACEUTICALS,INC_05_07_2019-EX-10.1-Supply Agreement",28275,65,69,68,0.9855072463768116
train,paragraph_500_overlap_75,MARTINMIDSTREAMPARTNERSLP_01_23_2004-EX-10.3-TRANSPORTATION SERVICES AGREEMENT,2175,5,17,17,1.0
train,paragraph_500_overlap_75,RUBIOSRESTAURANTSINC_03_31_2008-EX-10.75-SPONSORSHIP AGREEMENT,5760,15,20,20,1.0
train,paragraph_500_overlap_75,CardlyticsInc_20180112_S-1_EX-10.16_11002987_EX-10.16_Maintenance Agreement2,387,1,6,6,1.0
train,paragraph_500_overlap_75,"XLITECHNOLOGIES,INC_12_11_2015-EX-10.1-Sponsorship Agreement",2851,6,16,16,1.0
train,paragraph_500_overlap_75,ScansourceInc_20190822_10-K_EX-10.38_11793958_EX-10.38_Distributor Agreement2,2044,5,18,18,1.0
train,paragraph_500_overlap_75,VERTEXENERGYINC_08_14_2014-EX-10.24-OPERATION AND MAINTENANCE AGREEMENT,8601,20,29,29,1.0
train,paragraph_500_overlap_75,NYLIACVARIABLEANNUITYSEPARATEACCOUNTIII_04_10_2020-EX-99.8.KK-SERVICE AGREEMENT,1072,3,12,12,1.0
train,paragraph_500_overlap_75,AlliedEsportsEntertainmentInc_20190815_8-K_EX-10.34_11788308_EX-10.34_Sponsorship Agreement,5852,18,25,25,1.0
train,paragraph_500_overlap_75,SLOVAKWIRELESSFINANCECOBV_03_28_2001-EX-4.(B)(II).3-Maintenance and support contract for SICAP(R) modules,3435,8,9,9,1.0
train,paragraph_500_overlap_75,ANIXABIOSCIENCESINC_06_09_2020-EX-10.1-COLLABORATION AGREEMENT,6178,14,31,31,1.0
train,paragraph_500_overlap_75,"ELFBEAUTY,INC_07_02_2020-EX-10.1-COOPERATION AGREEMENT",7265,18,17,17,1.0
train,paragraph_500_overlap_75,DigitalCinemaDestinationsCorp_20111220_S-1_EX-10.10_7346719_EX-10.10_Affiliate Agreement,16673,51,63,63,1.0
train,paragraph_500_overlap_75,VERTICALNETINC_04_01_2002-EX-10.19-MAINTENANCE AND SUPPORT AGREEMENT,10705,25,31,31,1.0
train,paragraph_500_overlap_75,TcPipelinesLp_20160226_10-K_EX-99.12_9454048_EX-99.12_Transportation Agreement,916,2,11,11,1.0
train,paragraph_500_overlap_75,HUBEIMINKANGPHARMACEUTICALLTD_09_19_2006-EX-10.1-OUTSOURCING AGREEMENT,1836,5,13,13,1.0
train,paragraph_500_overlap_75,ACCURAYINC_09_01_2010-EX-10.31-DISTRIBUTOR AGREEMENT,13349,37,30,30,1.0
train,paragraph_500_overlap_75,"MIDDLEBROOKPHARMACEUTICALS,INC_03_18_2010-EX-10.1-PROMOTION AGREEMENT",8879,20,23,23,1.0
train,paragraph_500_overlap_75,ArcGroupInc_20171211_8-K_EX-10.1_10976103_EX-10.1_Sponsorship Agreement,2622,7,9,9,1.0
train,paragraph_500_overlap_75,AtnInternationalInc_20191108_10-Q_EX-10.1_11878541_EX-10.1_Maintenance Agreement,34973,82,70,67,0.9571428571428572
train,paragraph_500_overlap_75,"SightLife Surgical, Inc. - STRATEGIC SALES _ MARKETING AGREEMENT",3604,10,23,23,1.0
train,paragraph_500_overlap_75,InmodeLtd_20190729_F-1A_EX-10.9_11743243_EX-10.9_Manufacturing Agreement,6122,15,23,23,1.0
train,paragraph_500_overlap_75,FUSIONPHARMACEUTICALSINC_06_05_2020-EX-10.17-Supply Agreement - FUSION,6318,19,29,29,1.0
train,paragraph_500_overlap_75,URSCORPNEW_03_17_2014-EX-99-COOPERATION AGREEMENT,6004,13,9,9,1.0
train,paragraph_500_overlap_75,GpaqAcquisitionHoldingsInc_20200123_S-4A_EX-10.6_11951677_EX-10.6_License Agreement,7187,19,45,45,1.0
train,paragraph_500_overlap_75,SalesforcecomInc_20171122_10-Q_EX-10.1_10961535_EX-10.1_Reseller Agreement,435,1,6,6,1.0
train,paragraph_500_overlap_75,SLINGERBAGINC_05_27_2020-EX-10.7-CONSULTING AGREEMENT,5346,16,15,15,1.0
train,paragraph_500_overlap_75,IGENEBIOTECHNOLOGYINC_05_13_2003-EX-1-JOINT VENTURE AGREEMENT,11330,26,28,28,1.0
train,paragraph_500_overlap_75,ENERGYXXILTD_05_08_2015-EX-10.13-Transportation AGREEMENT,9243,24,23,23,1.0
train,paragraph_500_overlap_75,EtonPharmaceuticalsInc_20191114_10-Q_EX-10.1_11893941_EX-10.1_Development Agreement,10256,29,27,27,1.0
train,paragraph_500_overlap_75,ScansourceInc_20190822_10-K_EX-10.38_11793958_EX-10.38_Distributor Agreement1,12904,28,42,41,0.9761904761904762
train,paragraph_500_overlap_75,CardlyticsInc_20180112_S-1_EX-10.16_11002987_EX-10.16_Maintenance Agreement1,25087,58,93,93,1.0
train,paragraph_500_overlap_75,"NETGEAR,INC_04_21_2003-EX-10.16-DISTRIBUTOR AGREEMENT",6029,14,45,45,1.0
train,paragraph_500_overlap_75,EcoScienceSolutionsInc_20171117_8-K_EX-10.1_10956472_EX-10.1_Endorsement Agreement,2843,7,17,17,1.0
train,paragraph_500_overlap_75,AMERICASSHOPPINGMALLINC_12_10_1999-EX-10.2-SITE DEVELOPMENT AND HOSTING AGREEMENT,2892,7,22,22,1.0
train,paragraph_500_overlap_75,DataCallTechnologies_20060918_SB-2A_EX-10.9_944510_EX-10.9_Content License Agreement,1666,4,22,22,1.0
train,paragraph_500_overlap_75,JINGWEIINTERNATIONALLTD_10_04_2007-EX-10.7-INTELLECTUAL PROPERTY AGREEMENT,2356,5,18,18,1.0
train,paragraph_500_overlap_75,FEDERATEDGOVERNMENTINCOMESECURITIESINC_04_28_2020-EX-99.SERV AGREE-SERVICES AGREEMENT,1762,4,13,13,1.0
train,paragraph_500_overlap_75,MRSFIELDSORIGINALCOOKIESINC_01_29_1998-EX-10-FRANCHISE AGREEMENT,33705,77,78,78,1.0
train,paragraph_500_overlap_75,PalmerSquareCapitalBdcInc_20200116_10-12GA_EX-10.6_11949289_EX-10.6_Trademark License Agreement,2306,6,19,19,1.0
train,paragraph_500_overlap_75,LUCIDINC_04_15_2011-EX-10.9-DISTRIBUTOR AGREEMENT,2351,7,20,20,1.0
train,paragraph_500_overlap_75,UsioInc_20040428_SB-2_EX-10.11_1723988_EX-10.11_Affiliate Agreement 2,3740,9,28,28,1.0
train,paragraph_500_overlap_75,EmmisCommunicationsCorp_20191125_8-K_EX-10.6_11906433_EX-10.6_Marketing Agreement,2709,6,11,11,1.0
train,paragraph_500_overlap_75,ENTERTAINMENTGAMINGASIAINC_02_15_2005-EX-10.5-DISTRIBUTOR AGREEMENT,6920,16,38,38,1.0
train,paragraph_500_overlap_75,"Magenta Therapeutics, Inc. - Master Development and Manufacturing Agreement",11308,26,33,33,1.0
train,paragraph_500_overlap_75,"GRIDIRONBIONUTRIENTS,INC_02_05_2020-EX-10.3-SUPPLY AGREEMENT",903,2,10,10,1.0
train,paragraph_500_overlap_75,PapaJohnsInternationalInc_20190617_8-K_EX-10.1_11707365_EX-10.1_Endorsement Agreement,10661,25,35,35,1.0
train,paragraph_500_overlap_75,SUMMAFOURINC_06_19_1998-EX-10.3-SOFTWARE LICENSE AND MAINTENANCE AGREEMENT,14158,31,34,34,1.0
train,paragraph_500_overlap_75,MACROGENICSINC_08_02_2013-EX-10-COLLABORATION AGREEMENT,25333,55,51,51,1.0
train,paragraph_500_overlap_75,GSVINC_05_15_1998-EX-10-SPONSORSHIP AGREEMENT,5880,13,22,22,1.0
train,paragraph_500_overlap_75,MorganStanleyDirectLendingFund_20191119_10-12GA_EX-10.5_11898508_EX-10.5_Trademark License Agreement,2438,6,27,27,1.0
train,paragraph_500_overlap_75,ELANDIAINTERNATIONALINC_04_25_2007-EX-10.21-Outsourcing Agreement,12396,26,25,24,0.96
train,paragraph_500_overlap_75,PareteumCorp_20081001_8-K_EX-99.1_2654808_EX-99.1_Hosting Agreement,10213,24,23,23,1.0
train,paragraph_500_overlap_75,PhasebioPharmaceuticalsInc_20200330_10-K_EX-10.21_12086810_EX-10.21_Development Agreement,45650,107,88,88,1.0
train,paragraph_500_overlap_75,"KUBIENT,INC_07_02_2020-EX-10.14-MASTER SERVICES AGREEMENT_Part2",1185,3,13,13,1.0
train,paragraph_500_overlap_75,EdietsComInc_20001030_10QSB_EX-10.4_2606646_EX-10.4_Co-Branding Agreement,9075,20,48,48,1.0
train,paragraph_500_overlap_75,LECLANCHÉ S.A. - JOINT DEVELOPMENT AND MARKETING AGREEMENT,3207,7,19,19,1.0
train,paragraph_500_overlap_75,CardlyticsInc_20180112_S-1_EX-10.16_11002987_EX-10.16_Maintenance Agreement4,756,2,12,12,1.0
train,paragraph_500_overlap_75,TomOnlineInc_20060501_20-F_EX-4.46_749700_EX-4.46_Co-Branding Agreement,17487,42,56,56,1.0
train,paragraph_500_overlap_75,"CERES,INC_01_25_2012-EX-10.20-Collaboration Agreement",45577,98,66,66,1.0
train,paragraph_500_overlap_75,"INTERSECTENT,INC_05_11_2020-EX-10.1-SUPPLY AGREEMENT",5973,18,18,18,1.0
train,paragraph_500_overlap_75,"TRANSPHORM,INC_02_14_2020-EX-10.12(1)-JOINT VENTURE AGREEMENT",15468,35,35,35,1.0
train,paragraph_500_overlap_75,EuromediaHoldingsCorp_20070215_10SB12G_EX-10.B(01)_525118_EX-10.B(01)_Content License Agreement,4580,12,30,30,1.0
train,paragraph_500_overlap_75,"Sonos, Inc. - Manufacturing Agreement ",17177,40,53,53,1.0
train,paragraph_500_overlap_75,"ASHWORTHINC_01_29_1999-EX-10.(D)-PROMOTION AGREEMENT AND NANTZ COMMUNICATIONS, INC.",3589,8,27,27,1.0
train,paragraph_500_overlap_75,LIGHTBRIDGECORP_11_23_2015-EX-10.26-STRATEGIC ALLIANCE AGREEMENT,3023,7,11,11,1.0
train,paragraph_500_overlap_75,"XLITECHNOLOGIES,INC_12_02_2015-EX-10.02-STRATEGIC ALLIANCE AGREEMENT",875,2,9,9,1.0
train,paragraph_500_overlap_75,HYPERIONSOFTWARECORP_09_28_1994-EX-10.47-EXCLUSIVE DISTRIBUTOR AGREEMENT,5290,12,30,30,1.0
train,paragraph_500_overlap_75,BUFFALOWILDWINGSINC_06_05_1998-EX-10.3-FRANCHISE AGREEMENT,23663,54,86,84,0.9767441860465116
train,paragraph_500_overlap_75,ReynoldsConsumerProductsInc_20200121_S-1A_EX-10.22_11948918_EX-10.22_Service Agreement,17207,39,26,26,1.0
train,paragraph_500_overlap_75,"GWG HOLDINGS, INC. - ORDERLY MARKETING AGREEMENT",4177,11,12,12,1.0
train,paragraph_500_overlap_75,BLACKROCKMUNIHOLDINGSINVESTMENTQUALITYFUND_04_07_2020-EX-99.01-JOINT FILING AGREEMENT,201,1,6,6,1.0
train,paragraph_500_overlap_75,ALLISONTRANSMISSIONHOLDINGSINC_12_15_2014-EX-99.1-COOPERATION AGREEMENT,5202,13,18,18,1.0
train,paragraph_500_overlap_75,WARNINGMANAGEMENTSERVICESINC_12_10_1999-EX-10-ENDORSEMENT AGREEMENT,4602,11,32,32,1.0
train,paragraph_500_overlap_75,LinkPlusCorp_20050802_8-K_EX-10_3240252_EX-10_Affiliate Agreement,2899,7,32,32,1.0
train,paragraph_500_overlap_75,SMITHELECTRICVEHICLESCORP_04_04_2012-EX-10.26-FLEET MAINTENANCE AGREEMENT,13201,33,29,29,1.0
train,paragraph_500_overlap_75,CHINARECYCLINGENERGYCORP_11_14_2013-EX-10.6-Cooperation Agreement,2664,7,13,13,1.0
train,paragraph_500_overlap_75,"KUBIENT,INC_07_02_2020-EX-10.14-MASTER SERVICES AGREEMENT_Part1",4014,10,20,20,1.0
train,paragraph_500_overlap_75,NeoformaInc_19991202_S-1A_EX-10.26_5224521_EX-10.26_Co-Branding Agreement,13370,31,70,70,1.0
train,paragraph_500_overlap_75,AULAMERICANUNITTRUST_04_24_2020-EX-99.8.77-SERVICING AGREEMENT,5607,17,16,16,1.0
train,paragraph_500_overlap_75,VIOLINMEMORYINC_12_12_2012-EX-10.14-SPONSORSHIP AGREEMENT,8499,19,30,30,1.0
train,paragraph_500_overlap_75,RaeSystemsInc_20001114_10-Q_EX-10.57_2631790_EX-10.57_Co-Branding Agreement,5582,12,29,29,1.0
train,paragraph_500_overlap_75,QBIOMEDINC_04_08_2020-EX-99.1-JOINT FILING AGREEMENT,429,1,13,13,1.0
train,paragraph_500_overlap_75,ZogenixInc_20190509_10-Q_EX-10.2_11663313_EX-10.2_Distributor Agreement,26626,63,70,70,1.0
train,paragraph_500_overlap_75,LeadersonlineInc_20000427_S-1A_EX-10.8_4991089_EX-10.8_Co-Branding Agreement,8078,18,44,44,1.0
train,paragraph_500_overlap_75,ArcaUsTreasuryFund_20200207_N-2_EX-99.K5_11971930_EX-99.K5_Development Agreement,2316,6,12,12,1.0
train,paragraph_500_overlap_75,BIOAMBERINC_04_10_2013-EX-10.34-DEVELOPMENT AGREEMENT - First Amendment,940,2,7,7,1.0
train,paragraph_500_overlap_75,"XACCT Technologies, Inc.SUPPORT AND MAINTENANCE AGREEMENT",1796,4,14,14,1.0
train,paragraph_500_overlap_75,CHANGEPOINTCORP_03_08_2000-EX-10.6-LICENSE AND HOSTING AGREEMENT,18806,43,82,82,1.0
train,paragraph_500_overlap_75,Apollo Endosurgery - Manufacturing and Supply Agreement,7248,17,24,24,1.0
train,paragraph_500_overlap_75,"MJBIOTECH,INC_12_06_2018-EX-99.01-JOINT VENTURE AGREEMENT",3709,8,22,22,1.0
train,paragraph_500_overlap_75,IDREAMSKYTECHNOLOGYLTD_07_03_2014-EX-10.39-Cooperation Agreement on Mobile Game Business,12072,26,26,26,1.0
train,paragraph_500_overlap_75,"CANOPETROLEUM,INC_12_13_2007-EX-10.1-Sponsorship Agreement",1449,3,14,14,1.0
train,paragraph_500_overlap_75,"HOSPITALITYINVESTORSTRUST,INC_04_07_2014-EX-10.26-FRANCHISE AGREEMENT",23061,68,49,49,1.0
train,paragraph_500_overlap_75,FulucaiProductionsLtd_20131223_10-Q_EX-10.9_8368347_EX-10.9_Content License Agreement,2804,8,28,28,1.0
train,paragraph_500_overlap_75,MPLXLP_06_17_2015-EX-10.1-TRANSPORTATION SERVICES AGREEMENT,8966,20,30,30,1.0
train,paragraph_500_overlap_75,LOGANSROADHOUSEINC_03_27_1998-EX-10.17-SPONSORSHIP AGREEMENT,2865,6,19,19,1.0
train,paragraph_500_overlap_75,FuelcellEnergyInc_20191106_8-K_EX-10.1_11868007_EX-10.1_Development Agreement,15880,37,60,60,1.0
train,paragraph_500_overlap_75,"THERAVANCEBIOPHARMA,INC_05_08_2020-EX-10.2-SERVICE AGREEMENT",5294,14,16,16,1.0
train,paragraph_500_overlap_75,DYNAMEXINC_06_06_1996-EX-10.4-TRANSPORTATION SERVICES AGREEMENT,6760,15,33,33,1.0
train,paragraph_500_overlap_75,ULTRAGENYXPHARMACEUTICALINC_12_23_2013-EX-10.9-SUPPLY AGREEMENT,2274,5,16,16,1.0
train,paragraph_500_overlap_75,"NETGEAR,INC_04_21_2003-EX-10.16- AMENDMENT #2 TO THE DISTRIBUTION AGREEMENT",555,2,6,6,1.0
train,paragraph_500_overlap_75,SFGFINANCIALCORP_05_12_2009-EX-10.1-SOFTWARE LICENSE AND MAINTENANCE AGREEMENT,7749,19,32,32,1.0
train,paragraph_500_overlap_75,"VAXCYTE,INC_05_22_2020-EX-10.19-SUPPLY AGREEMENT",15227,37,29,29,1.0
train,paragraph_500_overlap_75,"OTISWORLDWIDECORP_04_03_2020-EX-10.4-INTELLECTUAL PROPERTY AGREEMENT by and among UNITED TECHNOLOGIES CORPORATION, OTIS WORLDWIDE CORPORATION and CARRIER ~1",9672,26,32,32,1.0
train,paragraph_500_overlap_75,"GIGGLESN_HUGS,INC_06_23_2016-EX-10.2-STRATEGIC ALLIANCE AGREEMENT",3430,10,19,19,1.0
train,paragraph_500_overlap_75,ExactSciencesCorp_20180822_8-K_EX-10.1_11331629_EX-10.1_Promotion Agreement,24685,58,43,42,0.9767441860465116
train,paragraph_500_overlap_75,GlobalTechnologiesGroupInc_20050928_10KSB_EX-10.9_4148808_EX-10.9_Content License Agreement,5899,13,18,18,1.0
train,paragraph_500_overlap_75,HertzGroupRealtyTrustInc_20190920_S-11A_EX-10.8_11816941_EX-10.8_Trademark License Agreement,2236,5,15,15,1.0
train,paragraph_500_overlap_75,QuantumGroupIncFl_20090120_8-K_EX-99.2_3672910_EX-99.2_Hosting Agreement,17414,52,32,32,1.0
train,paragraph_500_overlap_75,"PHREESIA,INC_05_28_2019-EX-10.18-STRATEGIC ALLIANCE AGREEMENT",17703,39,51,50,0.9803921568627451
train,paragraph_500_overlap_75,"Array BioPharma Inc. - LICENSE, DEVELOPMENT AND COMMERCIALIZATION AGREEMENT",42742,98,65,65,1.0
train,paragraph_500_overlap_75,MERCATAINC_03_09_2000-EX-10.21-SPONSORSHIP AGREEMENT,3224,8,12,12,1.0
train,paragraph_500_overlap_75,"MEDALISTDIVERSIFIEDREIT,INC_05_18_2020-EX-10.1-CONSULTING AGREEMENT",3724,10,34,34,1.0
train,paragraph_500_overlap_75,"FOUNDATIONMEDICINE,INC_02_02_2015-EX-10.2-Collaboration Agreement",26407,58,75,75,1.0
train,paragraph_500_overlap_75,RevolutionMedicinesInc_20200117_S-1_EX-10.1_11948417_EX-10.1_Development Agreement,40936,95,90,90,1.0
train,paragraph_500_overlap_75,"ETELOS,INC_03_09_2004-EX-10.8-DISTRIBUTOR AGREEMENT",3863,9,25,25,1.0
train,paragraph_500_overlap_75,LifewayFoodsInc_20160316_10-K_EX-10.24_9489766_EX-10.24_Endorsement Agreement,1656,5,16,16,1.0
train,paragraph_500_overlap_75,"LEGACYTECHNOLOGYHOLDINGS,INC_12_09_2005-EX-10.2-DISTRIBUTOR AGREEMENT",1937,5,23,23,1.0
train,paragraph_500_overlap_75,DeltathreeInc_19991102_S-1A_EX-10.19_6227850_EX-10.19_Co-Branding Agreement_ Service Agreement,4070,9,17,17,1.0
train,paragraph_500_overlap_75,"SPRINGBANKPHARMACEUTICALS,INC_04_08_2020-EX-99.A-JOINT FILING AGREEMENT",246,1,6,6,1.0
train,paragraph_500_overlap_75,ImineCorp_20180725_S-1_EX-10.5_11275970_EX-10.5_Distributor Agreement,5369,15,23,23,1.0
train,paragraph_500_overlap_75,CCAINDUSTRIESINC_04_14_2014-EX-10.1-OUTSOURCING AGREEMENT,4889,11,27,27,1.0
train,paragraph_500_overlap_75,Microgenics Corporation - Collaborative Development and Commercialization Agreement,28415,77,54,54,1.0
train,paragraph_500_overlap_75,VgrabCommunicationsInc_20200129_10-K_EX-10.33_11958828_EX-10.33_Development Agreement,2297,5,13,13,1.0
train,paragraph_500_overlap_75,AIRTECHINTERNATIONALGROUPINC_05_08_2000-EX-10.4-FRANCHISE AGREEMENT,11368,25,42,42,1.0
train,paragraph_500_overlap_75,IMMUNOMEDICSINC_08_07_2019-EX-10.1-PROMOTION AGREEMENT,24022,54,36,35,0.9722222222222222
train,paragraph_500_overlap_75,BravatekSolutionsInc_20170418_8-K_EX-10.1_10205739_EX-10.1_Reseller Agreement,2384,6,17,17,1.0
train,paragraph_500_overlap_75,SPORTHALEYINC_09_29_1997-EX-10.2-10-ENDORSEMENT AGREEMENT,1537,4,21,21,1.0
train,paragraph_500_overlap_75,XENCORINC_10_25_2013-EX-10.24-COLLABORATION AGREEMENT (3),20117,56,66,66,1.0
train,paragraph_500_overlap_75,NETGROCERINC_07_31_1998-EX-10.15-SPONSORSHIP AGREEMENT,5206,12,26,25,0.9615384615384616
train,paragraph_500_overlap_75,CoherusBiosciencesInc_20200227_10-K_EX-10.29_12021376_EX-10.29_Development Agreement,21991,49,56,56,1.0
train,paragraph_500_overlap_75,DIVERSINETCORP_03_01_2012-EX-4-RESELLER AGREEMENT,11296,29,43,43,1.0
train,paragraph_500_overlap_75,NmfSlfIInc_20200115_10-12GA_EX-10.5_11946987_EX-10.5_Trademark License Agreement,2694,8,25,25,1.0
train,paragraph_500_overlap_75,KALLOINC_11_03_2011-EX-10.1-STRATEGIC ALLIANCE AGREEMENT,11172,25,34,34,1.0
train,paragraph_500_overlap_75,MOSSIMOINC_04_14_2000-EX-10.14-ENDORSEMENT AGREEMENT,3480,8,28,28,1.0
train,paragraph_500_overlap_75,FEDERATEDGOVERNMENTINCOMESECURITIESINC_04_28_2020-EX-99.SERV AGREE-SERVICES AGREEMENT_AMENDMENT,564,2,8,8,1.0
train,paragraph_500_overlap_75,RandWorldwideInc_20010402_8-KA_EX-10.2_2102464_EX-10.2_Co-Branding Agreement,6718,15,34,34,1.0
train,paragraph_500_overlap_75,GOLDRESOURCECORP_12_11_2008-EX-10.1-STRATEGIC ALLIANCE AGREEMENT,8786,21,36,36,1.0
train,paragraph_500_overlap_75,"Loop Industries, Inc. - Marketing Agreement",5244,14,19,19,1.0
train,paragraph_500_overlap_75,BloomEnergyCorp_20180321_DRSA (on S-1)_EX-10_11240356_EX-10_Maintenance Agreement,16116,36,36,36,1.0
train,paragraph_500_overlap_75,AudibleInc_20001113_10-Q_EX-10.32_2599586_EX-10.32_Co-Branding Agreement_ Marketing Agreement_ Investment Distribution Agreement,11211,26,47,47,1.0
train,paragraph_500_overlap_75,HOLIDAYRVSUPERSTORESINC_04_15_2002-EX-10.13-ENDORSEMENT AGREEMENT,2189,5,17,17,1.0
train,paragraph_500_overlap_75,NeuroboPharmaceuticalsInc_20190903_S-4_EX-10.36_11802165_EX-10.36_Manufacturing Agreement_ Supply Agreement,3094,9,11,11,1.0
train,paragraph_500_overlap_75,SONUSCORP_03_12_1997-EX-10.11-SPONSORSHIP AGREEMENT,3891,9,10,10,1.0
train,paragraph_500_overlap_75,RangeResourcesLouisianaInc_20150417_8-K_EX-10.5_9045501_EX-10.5_Transportation Agreement,15659,34,21,21,1.0
train,paragraph_500_overlap_75,CHAPARRALRESOURCESINC_03_30_2000-EX-10.66-TRANSPORTATION CONTRACT,3865,9,17,17,1.0
train,paragraph_500_overlap_75,AURASYSTEMSINC_06_16_2010-EX-10.25-STRATEGIC ALLIANCE AGREEMENT,6938,17,44,44,1.0
train,paragraph_500_overlap_75,IpassInc_20181203_8-K_EX-99.1_11445874_EX-99.1_Reseller Agreement,11394,32,30,30,1.0
train,paragraph_500_overlap_75,VERSOTECHNOLOGIESINC_12_28_2007-EX-99.3-INTELLECTUAL PROPERTY AGREEMENT,739,2,8,8,1.0
train,paragraph_500_overlap_75,EhaveInc_20190515_20-F_EX-4.44_11678816_EX-4.44_License Agreement_ Reseller Agreement,13634,37,62,62,1.0
train,paragraph_500_overlap_75,"UNITEDNATIONALBANCORP_03_03_1999-EX-99-Outsourcing Agreement with the BISYS Group, Inc.",279,1,7,7,1.0
train,paragraph_500_overlap_75,VirtuosoSurgicalInc_20191227_1-A_EX1A-6 MAT CTRCT_11933379_EX1A-6 MAT CTRCT_License Agreement,5675,14,37,37,1.0
train,paragraph_500_overlap_75,"ROCKYMOUNTAINCHOCOLATEFACTORY,INC_12_23_2019-EX-10.2-STRATEGIC ALLIANCE AGREEMENT",19420,55,34,33,0.9705882352941176
train,paragraph_500_overlap_75,VITAMINSHOPPECOMINC_09_13_1999-EX-10.26-SPONSORSHIP AGREEMENT,8223,18,16,16,1.0
train,paragraph_500_overlap_75,"SOLUTIONSVENDINGINTERNATIONAL,INC_03_31_2020-EX1A-1 UNDR AGMT-SERVICES AGREEMENT",1122,3,9,9,1.0
train,paragraph_500_overlap_75,InnerscopeHearingTechnologiesInc_20181109_8-K_EX-10.6_11419704_EX-10.6_Distributor Agreement,3360,8,27,27,1.0
train,paragraph_500_overlap_75,SmartRxSystemsInc_20180914_1-A_EX1A-6 MAT CTRCT_11351705_EX1A-6 MAT CTRCT_Distributor Agreement,6123,15,25,25,1.0
train,paragraph_500_overlap_75,BIOFRONTERAAG_04_29_2019-EX-4.17-SUPPLY AGREEMENT,9771,26,27,27,1.0
train,paragraph_500_overlap_75,"CORALGOLDRESOURCES,LTD_05_28_2020-EX-4.1-CONSULTING AGREEMENT",4730,10,20,20,1.0
train,paragraph_500_overlap_75,Cerus Corporation - FIRST AMEND TO SUPPLY AND MANUFACTURING AGREEMENT,1796,5,7,7,1.0
train,paragraph_500_overlap_75,OLDAPIWIND-DOWNLTD_01_08_2016-EX-1.3-AGENCY AGREEMENT2,630,2,8,8,1.0
train,paragraph_500_overlap_75,ATENTOSA_07_06_2020-EX-99.1-JOINT FILING AGREEMENT,357,1,12,12,1.0
train,paragraph_500_overlap_75,HealthcentralCom_19991108_S-1A_EX-10.27_6623292_EX-10.27_Co-Branding Agreement,6492,15,34,34,1.0
train,paragraph_500_overlap_75,GAINSCOINC_01_21_2010-EX-10.41-SPONSORSHIP AGREEMENT,2452,6,26,26,1.0
train,paragraph_500_overlap_75,"TURNKEYCAPITAL,INC_07_20_2017-EX-1.1-Strategic Alliance Agreement",1988,5,12,12,1.0
train,paragraph_500_overlap_75,IVILLAGEINC_03_17_1999-EX-10.16-SPONSORSHIP AGREEMENT,3407,8,26,26,1.0
train,paragraph_500_overlap_75,"IPAYMENT,INC_05_14_2007-EX-10.1-SPONSORSHIP AGREEMENT",14652,33,34,34,1.0
train,paragraph_500_overlap_75,RISEEDUCATIONCAYMANLTD_04_17_2020-EX-4.23-SERVICE AGREEMENT,2394,6,13,13,1.0
train,paragraph_500_overlap_75,STARTECGLOBALCOMMUNICATIONSCORP_11_16_1998-EX-10.30-CONSTRUCTION AND MAINTENANCE AGREEMENT,14551,32,74,74,1.0
train,paragraph_500_overlap_75,LejuHoldingsLtd_20140121_DRS (on F-1)_EX-10.26_8473102_EX-10.26_Content License Agreement2,327,1,7,7,1.0
train,paragraph_500_overlap_75,FIBROGENINC_10_01_2014-EX-10.11-COLLABORATION AGREEMENT,24526,57,51,51,1.0
train,paragraph_500_overlap_75,"KNOWLABS,INC_08_15_2005-EX-10-INTELLECTUAL PROPERTY AGREEMENT",1970,5,16,16,1.0
train,paragraph_500_overlap_75,UAGHINC_04_14_2004-EX-10.18-MAINTENANCE AGREEMENT,2676,7,19,19,1.0
train,paragraph_500_overlap_75,"ARMSTRONGFLOORING,INC_01_07_2019-EX-10.2-INTELLECTUAL PROPERTY AGREEMENT",10349,25,49,49,1.0
train,paragraph_500_overlap_75,VitalibisInc_20180316_8-K_EX-10.2_11100168_EX-10.2_Hosting Agreement,7045,19,29,29,1.0
train,paragraph_500_overlap_75,HEALTHGATEDATACORP_11_24_1999-EX-10.1-HOSTING AND MANAGEMENT AGREEMENT - Escrow Agreement,4201,9,15,14,0.9333333333333333
train,paragraph_500_overlap_75,BNLFINANCIALCORP_03_30_2007-EX-10.8-OUTSOURCING AGREEMENT,6470,17,27,27,1.0
train,paragraph_500_overlap_75,"IOVANCEBIOTHERAPEUTICS,INC_08_03_2017-EX-10.1-STRATEGIC ALLIANCE AGREEMENT",10693,31,27,27,1.0
train,paragraph_500_overlap_75,NEONSYSTEMSINC_03_01_1999-EX-10.5-DISTRIBUTOR AGREEMENT_New,8888,20,40,40,1.0
train,paragraph_500_overlap_75,TELKOMSALTD_01_30_2003-EX-10-LICENCE AND MAINTENANCE AGREEMENT,16176,48,49,49,1.0
train,paragraph_500_overlap_75,"FIDELITYNATIONALINFORMATIONSERVICES,INC_08_05_2009-EX-10.3-INTELLECTUAL PROPERTY AGREEMENT",19341,44,70,66,0.9428571428571428
train,paragraph_500_overlap_75,TRUENORTHENERGYCORP_02_08_2007-EX-10.1-DEVELOPMENT AGREEMENT,6961,17,19,19,1.0
train,paragraph_500_overlap_75,GentechHoldingsInc_20190808_1-A_EX1A-6 MAT CTRCT_11776814_EX1A-6 MAT CTRCT_Distributor Agreement,4097,12,24,24,1.0
train,paragraph_500_overlap_75,TICKETSCOMINC_06_22_1999-EX-10.22-SPONSORSHIP AGREEMENT,1155,3,16,16,1.0
train,paragraph_500_overlap_75,"ADMA BioManufacturing, LLC -  Amendment #3 to Manufacturing Agreement ",2478,6,16,16,1.0
train,paragraph_500_overlap_75,OFGBANCORP_03_28_2007-EX-10.23-OUTSOURCING AGREEMENT,24004,55,44,44,1.0
train,paragraph_500_overlap_75,"DUOSTECHNOLOGIESGROUP,INC_04_21_2009-EX-10.1-STRATEGIC ALLIANCE AGREEMENT",7148,17,38,38,1.0
train,paragraph_500_overlap_75,OLDAPIWIND-DOWNLTD_01_08_2016-EX-1.3-AGENCY AGREEMENT1,15521,42,16,16,1.0
train,paragraph_500_overlap_75,"ADIANUTRITION,INC_04_01_2005-EX-10.D2-RESELLER AGREEMENT",4051,10,22,22,1.0
train,paragraph_500_overlap_75,"ATHENSBANCSHARESCORP_11_02_2009-EX-1.2-AGENCY AGREEMENT , 2009",23419,58,16,16,1.0
train,paragraph_500_overlap_75,SoupmanInc_20150814_8-K_EX-10.1_9230148_EX-10.1_Franchise Agreement3,438,1,2,2,1.0
train,paragraph_500_overlap_75,MOVADOGROUPINC_04_30_2003-EX-10.28-ENDORSEMENT AGREEMENT,2710,6,9,9,1.0
train,paragraph_500_overlap_75,StaarSurgicalCompany_20180801_10-Q_EX-10.37_11289449_EX-10.37_Distributor Agreement,7649,19,38,38,1.0
train,paragraph_500_overlap_75,EmeraldHealthBioceuticalsInc_20200218_1-A_EX1A-6 MAT CTRCT_11987205_EX1A-6 MAT CTRCT_Development Agreement,2606,7,20,20,1.0
train,paragraph_500_overlap_75,STAMPSCOMINC_06_24_1999-EX-10.18-SPONSORSHIP AGREEMENT,5496,13,32,32,1.0
train,paragraph_500_overlap_75,BEYONDCOMCORP_08_03_2000-EX-10.2-CO-HOSTING AGREEMENT,7991,19,33,33,1.0
train,paragraph_500_overlap_75,CHEETAHMOBILEINC_04_22_2014-EX-10.43-Cooperation Agreement,6230,14,23,23,1.0
train,paragraph_500_overlap_75,ClickstreamCorp_20200330_1-A_EX1A-6 MAT CTRCT_12089935_EX1A-6 MAT CTRCT_Development Agreement,5445,15,24,24,1.0
train,paragraph_500_overlap_75,NEOMEDIATECHNOLOGIESINC_12_15_2005-EX-16.1-DISTRIBUTOR AGREEMENT,4973,11,29,29,1.0
train,paragraph_500_overlap_75,"ADUROBIOTECH,INC_06_02_2020-EX-10.7-CONSULTING AGREEMENT(1)",1850,4,16,16,1.0
train,paragraph_500_overlap_75,LejuHoldingsLtd_20140121_DRS (on F-1)_EX-10.26_8473102_EX-10.26_Content License Agreement1,7198,20,22,22,1.0
train,paragraph_500_overlap_75,"VISIUMTECHNOLOGIES,INC_10_20_2004-EX-10.20-DISTRIBUTOR AGREEMENT",7706,18,42,42,1.0
train,paragraph_500_overlap_75,"INNOVIVA,INC_08_07_2014-EX-10.1-COLLABORATION AGREEMENT",28937,81,52,51,0.9807692307692307
train,paragraph_500_overlap_75,SoupmanInc_20150814_8-K_EX-10.1_9230148_EX-10.1_Franchise Agreement2,844,2,5,5,1.0
train,paragraph_500_overlap_75,"ADUROBIOTECH,INC_06_02_2020-EX-10.7-CONSULTING AGREEMENT",1850,4,14,14,1.0
train,paragraph_500_overlap_75,CybergyHoldingsInc_20140520_10-Q_EX-10.27_8605784_EX-10.27_Affiliate Agreement,5326,12,26,26,1.0
train,paragraph_500_overlap_75,MANAKOASERVICESCORP_11_21_2007-EX-7.5-STRATEGIC ALLIANCE AGREEMENT,2355,5,14,14,1.0
train,paragraph_500_overlap_75,FLOTEKINDUSTRIESINCCN_05_09_2019-EX-10.1-SUPPLY AGREEMENT,3037,7,19,19,1.0
train,paragraph_500_overlap_75,EUROPEANMICROHOLDINGSINC_03_06_1998-EX-10.6-DISTRIBUTOR AGREEMENT,7939,18,38,38,1.0
train,paragraph_500_overlap_75,KitovPharmaLtd_20190326_20-F_EX-4.15_11584449_EX-4.15_Manufacturing Agreement,8964,24,36,36,1.0
train,paragraph_500_overlap_75,BellringBrandsInc_20190920_S-1_EX-10.12_11817081_EX-10.12_Manufacturing Agreement3,1240,3,10,10,1.0
train,paragraph_500_overlap_75,GOCALLINC_03_30_2000-EX-10.7-Promotion Agreement,2983,8,18,18,1.0
train,paragraph_500_overlap_75,LEJUHOLDINGSLTD_03_12_2014-EX-10.34-INTERNET CHANNEL COOPERATION AGREEMENT,5930,15,20,20,1.0
train,paragraph_500_overlap_75,BLACKSTONEGSOLONG-SHORTCREDITINCOMEFUND_05_11_2020-EX-99.(K)(1)-SERVICE AGREEMENT,8073,18,17,17,1.0
train,paragraph_500_overlap_75,"MEETGROUP,INC_06_29_2017-EX-10.1-COOPERATION AGREEMENT",9394,27,15,15,1.0
train,paragraph_500_overlap_75,GluMobileInc_20070319_S-1A_EX-10.09_436630_EX-10.09_Content License Agreement3,545,2,10,10,1.0
train,paragraph_500_overlap_75,ADAPTIMMUNETHERAPEUTICSPLC_04_06_2017-EX-10.11-STRATEGIC ALLIANCE AGREEMENT,15471,43,56,56,1.0
train,paragraph_500_overlap_75,ENTRUSTINC_07_24_1998-EX-10.5-STRATEGIC ALLIANCE AGREEMENT,5893,13,39,39,1.0
train,paragraph_500_overlap_75,SYKESHEALTHPLANSERVICESINC_04_24_1998-EX-10.14-OUTSOURCING AGREEMENT,1876,5,18,18,1.0
train,paragraph_500_overlap_75,NATIONALPROCESSINGINC_07_18_1996-EX-10.4-SPONSORSHIP AGREEMENT,4359,10,14,14,1.0
train,paragraph_500_overlap_75,SimplicityEsportsGamingCompany_20181130_8-K_EX-10.1_11444071_EX-10.1_Franchise Agreement,4347,12,27,27,1.0
train,paragraph_500_overlap_75,QIWI_06_16_2017-EX-99.(D)(2)-COOPERATION AGREEMENT,4170,9,16,16,1.0
train,paragraph_500_overlap_75,RemarkHoldingsInc_20081114_10-Q_EX-10.24_2895649_EX-10.24_Content License Agreement,9178,24,54,54,1.0
train,paragraph_500_overlap_75,CnsPharmaceuticalsInc_20200326_8-K_EX-10.1_12079626_EX-10.1_Development Agreement,3260,10,14,14,1.0
train,paragraph_500_overlap_75,GluMobileInc_20070319_S-1A_EX-10.09_436630_EX-10.09_Content License Agreement2,1853,4,25,24,0.96
train,paragraph_500_overlap_75,"BLUEHILLSBANCORP,INC_05_20_2014-EX-1.1-AGENCY AGREEMENT",21046,55,22,22,1.0
train,paragraph_500_overlap_75,GarrettMotionInc_20181001_8-K_EX-2.4_11364532_EX-2.4_Intellectual Property Agreement,8757,21,33,33,1.0
train,paragraph_500_overlap_75,TheglobeComInc_19990503_S-1A_EX-10.20_5416126_EX-10.20_Co-Branding Agreement,6614,15,35,35,1.0
train,paragraph_500_overlap_75,EmbarkComInc_19991008_S-1A_EX-10.10_6487661_EX-10.10_Co-Branding Agreement,5039,12,22,22,1.0
train,paragraph_500_overlap_75,TRANSMONTAIGNEPARTNERSLLC_03_13_2020-EX-10.9-SERVICES AGREEMENT,880,2,12,12,1.0
train,paragraph_500_overlap_75,"COOLTECHNOLOGIES,INC_10_25_2017-EX-10.71-Strategic Alliance Agreement",2154,5,14,14,1.0
train,paragraph_500_overlap_75,ALLIANCEBANCORPINCOFPENNSYLVANIA_10_18_2006-EX-1.2-AGENCY AGREEMENT,20957,51,24,24,1.0
train,paragraph_500_overlap_75,XpresspaGroupInc_20190401_10-K_EX-10.28_11599457_EX-10.28_Marketing Agreement,8460,24,49,49,1.0
train,paragraph_500_overlap_75,BellringBrandsInc_20190920_S-1_EX-10.12_11817081_EX-10.12_Manufacturing Agreement2,344,1,9,9,1.0
train,paragraph_500_overlap_75,IdeanomicsInc_20160330_10-K_EX-10.26_9512211_EX-10.26_Content License Agreement,6321,15,28,28,1.0
train,paragraph_500_overlap_75,BIOAMBERINC_04_10_2013-EX-10.34-DEVELOPMENT AGREEMENT (1),5818,14,30,30,1.0
train,paragraph_500_overlap_75,PrudentialBancorpInc_20170606_8-K_EX-10.4_10474434_EX-10.4_Endorsement Agreement,2264,5,12,12,1.0
train,paragraph_500_overlap_75,"BERKELEYLIGHTS,INC_06_26_2020-EX-10.12-COLLABORATION AGREEMENT",32708,76,89,89,1.0
train,paragraph_500_overlap_75,UnionDentalHoldingsInc_20050204_8-KA_EX-10_3345577_EX-10_Affiliate Agreement,1850,5,11,11,1.0
train,paragraph_500_overlap_75,WOMENSGOLFUNLIMITEDINC_03_29_2000-EX-10.13-ENDORSEMENT AGREEMENT - Intellectual Property Rights                 Confidentiality and Non-Use Obligations Agreement,940,2,7,7,1.0
train,paragraph_500_overlap_75,SPHERE3DCORP_06_24_2020-EX-10.12-CONSULTING AGREEMENT,1897,5,12,12,1.0
train,paragraph_500_overlap_75,ENTERPRISEPRODUCTSPARTNERSLP_07_08_1998-EX-10.3-TRANSPORTATION CONTRACT,11141,25,36,36,1.0
train,paragraph_500_overlap_75,HerImports_20161018_8-KA_EX-10.14_9765707_EX-10.14_Maintenance Agreement,1595,5,8,8,1.0
train,paragraph_500_overlap_75,PROLONGINTERNATIONALCORP_03_23_1998-EX-10.16-SPONSORSHIP AGREEMENT,2180,5,11,11,1.0
train,paragraph_500_overlap_75,DYNTEKINC_07_30_1999-EX-10-ONLINE HOSTING AGREEMENT,4009,10,20,20,1.0
train,paragraph_500_overlap_75,ALAMOGORDOFINANCIALCORP_12_16_1999-EX-1-AGENCY AGREEMENT,18815,44,22,22,1.0
train,paragraph_500_overlap_75,StampscomInc_20001114_10-Q_EX-10.47_2631630_EX-10.47_Co-Branding Agreement,11730,26,46,46,1.0
train,paragraph_500_overlap_75,InvendaCorp_20000828_S-1A_EX-10.2_2588206_EX-10.2_Co-Branding Agreement,14682,31,63,63,1.0
train,paragraph_500_overlap_75,WebmdHealthCorp_20050908_S-1A_EX-10.7_1027007_EX-10.7_Content License Agreement,2356,5,20,20,1.0
train,paragraph_500_overlap_75,SANDRIDGEENERGYINC_08_06_2009-EX-10.6-OPERATIONS AND MAINTENANCE AGREEMENT,10964,24,34,34,1.0
train,paragraph_500_overlap_75,ON4COMMUNICATIONSINC_07_02_2009-EX-10.1-PROMOTION AGREEMENT,2349,6,13,13,1.0
train,paragraph_500_overlap_75,GluMobileInc_20070319_S-1A_EX-10.09_436630_EX-10.09_Content License Agreement1,17147,39,68,68,1.0
train,paragraph_500_overlap_75,BANUESTRAFINANCIALCORP_09_08_2006-EX-10.16-AGENCY AGREEMENT,7308,18,12,12,1.0
train,paragraph_500_overlap_75,ArtaraTherapeuticsInc_20200110_8-K_EX-10.5_11943350_EX-10.5_License Agreement,5818,14,28,28,1.0
train,paragraph_500_overlap_75,NlsPharmaceuticsLtd_20200228_F-1_EX-10.14_12029046_EX-10.14_Development Agreement,10546,28,29,29,1.0
train,paragraph_500_overlap_75,"VIRTUALSCOPICS,INC_11_12_2010-EX-10.1-STRATEGIC ALLIANCE AGREEMENT",7273,22,31,31,1.0
train,paragraph_500_overlap_75,BellringBrandsInc_20190920_S-1_EX-10.12_11817081_EX-10.12_Manufacturing Agreement1,6565,16,23,23,1.0
train,paragraph_500_overlap_75,BLUEFLYINC_03_27_2002-EX-10.27-e-business Hosting Agreement,5136,12,31,31,1.0
train,paragraph_500_overlap_75,ASIANDRAGONGROUPINC_08_11_2005-EX-10.5-Reseller Agreement,7018,20,20,20,1.0
train,paragraph_500_overlap_75,MANUFACTURERSSERVICESLTD_06_05_2000-EX-10.14-OUTSOURCING AGREEMENT,41962,90,65,65,1.0
train,paragraph_500_overlap_75,LiquidmetalTechnologiesInc_20200205_8-K_EX-10.1_11968198_EX-10.1_Development Agreement,12529,33,56,55,0.9821428571428571
train,paragraph_500_overlap_75,PlayboyEnterprisesInc_20090220_10-QA_EX-10.2_4091580_EX-10.2_Content License Agreement_ Marketing Agreement_ Sales-Purchase Agreement2,526,2,6,6,1.0
train,paragraph_500_overlap_75,ZtoExpressCaymanInc_20160930_F-1_EX-10.10_9752871_EX-10.10_Transportation Agreement,1468,5,12,12,1.0
train,paragraph_500_overlap_75,2ThemartComInc_19990826_10-12G_EX-10.10_6700288_EX-10.10_Co-Branding Agreement_ Agency Agreement,4467,10,30,30,1.0
train,paragraph_500_overlap_75,MOELIS_CO_03_24_2014-EX-10.19-STRATEGIC ALLIANCE AGREEMENT,18625,54,51,51,1.0
train,paragraph_500_overlap_75,XYBERNAUTCORP_07_12_2002-EX-4-SPONSORSHIP AGREEMENT,6661,15,17,17,1.0
train,paragraph_500_overlap_75,"CARDAX,INC_08_19_2014-EX-10.1-COLLABORATION AGREEMENT",8586,22,23,23,1.0
train,paragraph_500_overlap_75,"MACY_S,INC_05_11_2020-EX-99.4-JOINT FILING AGREEMENT",216,1,5,5,1.0
train,paragraph_500_overlap_75,TALCOTTRESOLUTIONLIFEINSURANCECO-SEPARATEACCOUNTTWELVE_04_30_2020-EX-99.8(L)-SERVICE AGREEMENT,4724,14,12,12,1.0
train,paragraph_500_overlap_75,ArmstrongFlooringInc_20190107_8-K_EX-10.2_11471795_EX-10.2_Intellectual Property Agreement,8284,20,51,51,1.0
train,paragraph_500_overlap_75,PFSFUNDS_06_26_2020-EX-99.H OTH MAT CONT-SERVICES AGREEMENT,2435,6,14,14,1.0
train,paragraph_500_overlap_75,WaterNowInc_20191120_10-Q_EX-10.12_11900227_EX-10.12_Distributor Agreement,7396,22,41,41,1.0
train,paragraph_500_overlap_75,MTITECHNOLOGYCORP_11_16_2004-EX-10.102-Reseller Agreement Premier Addendum,4685,10,18,18,1.0
train,paragraph_500_overlap_75,SCOUTCAMINC_05_12_2020-EX-10.22-SERVICES AGREEMENT,1305,3,18,18,1.0
train,paragraph_500_overlap_75,PharmagenInc_20120803_8-KA_EX-10.1_7693204_EX-10.1_Endorsement Agreement,2778,8,19,19,1.0
train,paragraph_500_overlap_75,DRKOOPCOMINC_04_21_1999-EX-10.28-SPONSORSHIP AGREEMENT,5546,12,18,18,1.0
train,paragraph_500_overlap_75,"VNUE,INC_07_10_2015-EX-10.1-SPONSORSHIP AGREEMENT",3207,8,18,18,1.0
train,paragraph_500_overlap_75,LegacyEducationAllianceInc_20141110_8-K_EX-10.9_8828866_EX-10.9_Endorsement Agreement,3149,8,19,19,1.0
train,paragraph_500_overlap_75,PcquoteComInc_19990721_S-1A_EX-10.11_6377149_EX-10.11_Co-Branding Agreement3,395,1,7,7,1.0
train,paragraph_500_overlap_75,GluMobileInc_20070319_S-1A_EX-10.09_436630_EX-10.09_Content License Agreement4,291,1,8,8,1.0
train,paragraph_500_overlap_75,"OPTIMIZEDTRANSPORTATIONMANAGEMENT,INC_07_26_2000-EX-6.6-DISTRIBUTOR AGREEMENT",1367,3,18,18,1.0
train,paragraph_500_overlap_75,IMAGEWARESYSTEMSINC_12_20_1999-EX-10.22-MAINTENANCE AGREEMENT,2925,7,16,16,1.0
train,paragraph_500_overlap_75,NakedBrandGroupInc_20150731_POS AM (on S-1)_EX-10.75_9196027_EX-10.75_Endorsement Agreement,7601,17,35,35,1.0
train,paragraph_500_overlap_75,ZONDWINDSYSTEMPARTNERSLTDSERIES85-B_04_03_2006-EX-10-MANAGEMENT AND MAINTENANCE AGREEMENT,1368,4,8,8,1.0
train,paragraph_500_overlap_75,IbioInc_20200313_8-K_EX-10.1_12052678_EX-10.1_Development Agreement,4657,11,18,18,1.0
train,paragraph_500_overlap_75,BellringBrandsInc_20190920_S-1_EX-10.12_11817081_EX-10.12_Manufacturing Agreement4,258,1,8,8,1.0
train,paragraph_500_overlap_75,ParatekPharmaceuticalsInc_20170505_10-KA_EX-10.29_10323872_EX-10.29_Outsourcing Agreement,17726,39,46,46,1.0
train,paragraph_500_overlap_75,JOINTCORP_09_19_2014-EX-10.15-FRANCHISE AGREEMENT,26623,70,86,86,1.0
train,paragraph_500_overlap_75,VnueInc_20150914_8-K_EX-10.1_9259571_EX-10.1_Promotion Agreement,1634,5,12,12,1.0
train,paragraph_500_overlap_75,NEXSTARFINANCEHOLDINGSINC_03_27_2002-EX-10.26-OUTSOURCING AGREEMENT,18265,42,25,24,0.96
train,paragraph_500_overlap_75,SUNTRONCORP_05_17_2006-EX-10.22-MAINTENANCE AGREEMENT,4818,12,27,27,1.0
train,paragraph_500_overlap_75,"SPIENERGYCO,LTD_03_09_2011-EX-99.5-OPERATIONS AND MAINTENANCE AGREEMENT",8153,18,21,21,1.0
train,paragraph_500_overlap_75,SteelVaultCorp_20081224_10-K_EX-10.16_3074935_EX-10.16_Affiliate Agreement,2709,7,16,16,1.0
train,paragraph_500_overlap_75,"KIROMICBIOPHARMA,INC_04_08_2020-EX-10.28-JOINT VENTURE AGREEMENT",5749,13,25,25,1.0
train,paragraph_500_overlap_75,PlayboyEnterprisesInc_20090220_10-QA_EX-10.2_4091580_EX-10.2_Content License Agreement_ Marketing Agreement_ Sales-Purchase Agreement1,17994,56,70,70,1.0
train,paragraph_500_overlap_75,TubeMediaCorp_20060310_8-K_EX-10.1_513921_EX-10.1_Affiliate Agreement,10728,31,49,49,1.0
train,paragraph_500_overlap_75,"MARSHALLHOLDINGSINTERNATIONAL,INC_04_14_2004-EX-10.15-ENDORSEMENT AGREEMENT",1716,4,16,16,1.0
train,paragraph_500_overlap_75,BLACKBOXSTOCKSINC_08_05_2014-EX-10.1-DISTRIBUTOR AGREEMENT,2706,6,21,21,1.0
train,paragraph_500_overlap_75,WARNERCHILCOTTPLC_12_31_2003-EX-4.36-DEVELOPMENT AGREEMENT,4152,10,13,12,0.9230769230769231
train,paragraph_500_overlap_75,VertexEnergyInc_20200113_8-K_EX-10.1_11943624_EX-10.1_Marketing Agreement,7280,21,26,26,1.0
train,paragraph_500_overlap_75,NETZEEINC_11_14_2002-EX-10.3-MAINTENANCE AGREEMENT,464,1,9,9,1.0
train,paragraph_500_overlap_75,REGANHOLDINGCORP_03_31_2008-EX-10-LICENSE AND HOSTING AGREEMENT,8824,20,22,21,0.9545454545454546
train,paragraph_500_overlap_75,MidwestEnergyEmissionsCorp_20080604_8-K_EX-10.2_3093976_EX-10.2_Content License Agreement,5199,12,31,31,1.0
train,paragraph_500_overlap_75,HYDRONTECHNOLOGIESINC_03_31_1997-EX-10.47-SPONSORSHIP AGREEMENT,4114,9,14,14,1.0
train,paragraph_500_overlap_75,CcRealEstateIncomeFundadv_20181205_POS 8C_EX-99.(H)(3)_11447739_EX-99.(H)(3)_Marketing Agreement,4695,12,14,14,1.0
train,paragraph_500_overlap_75,"BLUEROCKRESIDENTIALGROWTHREIT,INC_06_01_2016-EX-1.1-AGENCY AGREEMENT",20909,54,17,16,0.9411764705882353
train,paragraph_500_overlap_75,"TALLGRASSENERGY,LP_02_20_2020-EX-99.26-JOINT FILING AGREEMENT",621,2,12,12,1.0
train,paragraph_500_overlap_75,KINGPHARMACEUTICALSINC_08_09_2006-EX-10.1-PROMOTION AGREEMENT,26840,62,64,64,1.0
train,paragraph_500_overlap_75,PerformanceSportsBrandsInc_20110909_S-1_EX-10.10_7220214_EX-10.10_Endorsement Agreement,4118,9,24,24,1.0
train,paragraph_600_overlap_100,LIMEENERGYCO_09_09_1999-EX-10-DISTRIBUTOR AGREEMENT,5998,12,46,46,1.0
train,paragraph_600_overlap_100,"WHITESMOKE,INC_11_08_2011-EX-10.26-PROMOTION AND DISTRIBUTION AGREEMENT",11313,23,27,27,1.0
train,paragraph_600_overlap_100,NELNETINC_04_08_2020-EX-1-JOINT FILING AGREEMENT,170,1,4,4,1.0
train,paragraph_600_overlap_100,ADAMSGOLFINC_03_21_2005-EX-10.17-ENDORSEMENT AGREEMENT,3770,7,23,23,1.0
train,paragraph_600_overlap_100,"KIROMICBIOPHARMA,INC_05_11_2020-EX-10.23-CONSULTING AGREEMENT",2766,5,24,24,1.0
train,paragraph_600_overlap_100,"VEONEER,INC_02_21_2020-EX-10.11-JOINT VENTURE AGREEMENT",1334,3,16,16,1.0
train,paragraph_600_overlap_100,"MetLife, Inc. - Remarketing Agreement",17518,34,16,16,1.0
train,paragraph_600_overlap_100,"FTENETWORKS,INC_02_18_2016-EX-99.4-STRATEGIC ALLIANCE AGREEMENT",5761,14,33,33,1.0
train,paragraph_600_overlap_100,DOMINIADVISORTRUST_02_18_2005-EX-99.(H)(2)-SPONSORSHIP AGREEMENT,1847,4,13,13,1.0
train,paragraph_600_overlap_100,PfHospitalityGroupInc_20150923_10-12G_EX-10.1_9266710_EX-10.1_Franchise Agreement3,1014,2,12,12,1.0
train,paragraph_600_overlap_100,CerenceInc_20191002_8-K_EX-10.4_11827494_EX-10.4_Intellectual Property Agreement,9608,17,40,40,1.0
train,paragraph_600_overlap_100,ReynoldsConsumerProductsInc_20191115_S-1_EX-10.18_11896469_EX-10.18_Supply Agreement,9599,23,26,26,1.0
train,paragraph_600_overlap_100,IntegrityFunds_20200121_485BPOS_EX-99.E UNDR CONTR_11948727_EX-99.E UNDR CONTR_Service Agreement,3784,9,12,12,1.0
train,paragraph_600_overlap_100,PREMIERBIOMEDICALINC_05_14_2020-EX-10.2-INTELLECTUAL PROPERTY AGREEMENT,3596,9,22,22,1.0
train,paragraph_600_overlap_100,"SIBANNAC,INC_12_04_2017-EX-2.1-Strategic Alliance Agreement",1236,3,14,14,1.0
train,paragraph_600_overlap_100,INTRICONCORP_03_10_2009-EX-10.22-Strategic Alliance Agreement,7774,15,35,35,1.0
train,paragraph_600_overlap_100,BONTONSTORESINC_04_20_2018-EX-99.3-AGENCY AGREEMENT,26842,52,43,43,1.0
train,paragraph_600_overlap_100,"ON2TECHNOLOGIES,INC_11_17_2006-EX-10.3-SUPPORT AND MAINTENANCE AGREEMENT",8844,16,17,17,1.0
train,paragraph_600_overlap_100,Freecook_20180605_S-1_EX-10.3_11233807_EX-10.3_Hosting Agreement,997,2,10,10,1.0
train,paragraph_600_overlap_100,OPERALTD_04_30_2020-EX-4.14-SERVICE AGREEMENT,3326,7,21,21,1.0
train,paragraph_600_overlap_100,"BORROWMONEYCOM,INC_06_11_2020-EX-10.1-JOINT VENTURE AGREEMENT",3507,9,11,11,1.0
train,paragraph_600_overlap_100,ZEBRATECHNOLOGIESCORP_04_16_2014-EX-10.1-INTELLECTUAL PROPERTY AGREEMENT,19581,39,45,42,0.9333333333333333
train,paragraph_600_overlap_100,ChinaRealEstateInformationCorp_20090929_F-1_EX-10.32_4771615_EX-10.32_Content License Agreement,7522,14,24,24,1.0
train,paragraph_600_overlap_100,GLOBALTECHNOLOGIESLTD_06_08_2020-EX-10.16-CONSULTING AGREEMENT,3199,7,12,12,1.0
train,paragraph_600_overlap_100,PfHospitalityGroupInc_20150923_10-12G_EX-10.1_9266710_EX-10.1_Franchise Agreement1,24389,61,84,83,0.9880952380952381
train,paragraph_600_overlap_100,CORIOINC_07_20_2000-EX-10.5-LICENSE AND HOSTING AGREEMENT,8396,16,53,53,1.0
train,paragraph_600_overlap_100,SENMIAOTECHNOLOGYLTD_02_19_2019-EX-10.5-Collaboration Agreement,11876,27,33,33,1.0
train,paragraph_600_overlap_100,HealthcareIntegratedTechnologiesInc_20190812_8-K_EX-10.1_11776966_EX-10.1_Reseller Agreement,3519,8,22,22,1.0
train,paragraph_600_overlap_100,LOYALTYPOINTINC_11_16_2004-EX-10.2-RESELLER AGREEMENT,12890,24,30,30,1.0
train,paragraph_600_overlap_100,BNCMORTGAGEINC_05_17_1999-EX-10.4-LICENSING AND WEB SITE HOSTING AGREEMENT,4739,10,17,17,1.0
train,paragraph_600_overlap_100,ENERGOUSCORP_03_16_2017-EX-10.24-STRATEGIC ALLIANCE AGREEMENT,12422,27,67,67,1.0
train,paragraph_600_overlap_100,CytodynInc_20200109_10-Q_EX-10.5_11941634_EX-10.5_License Agreement,24801,50,52,52,1.0
train,paragraph_600_overlap_100,NICELTD_06_26_2003-EX-4.5-OUTSOURCING AGREEMENT,18608,35,29,29,1.0
train,paragraph_600_overlap_100,ImpresseCorp_20000322_S-1A_EX-10.11_5199234_EX-10.11_Co-Branding Agreement,7249,14,32,32,1.0
train,paragraph_600_overlap_100,AlliedEsportsEntertainmentInc_20190815_8-K_EX-10.19_11788293_EX-10.19_Content License Agreement,5471,13,30,30,1.0
train,paragraph_600_overlap_100,CreditcardscomInc_20070810_S-1_EX-10.33_362297_EX-10.33_Affiliate Agreement,4045,9,13,13,1.0
train,paragraph_600_overlap_100,GALACTICOMMTECHNOLOGIESINC_11_07_1997-EX-10.46-WEB HOSTING AGREEMENT,223,1,5,5,1.0
train,paragraph_600_overlap_100,"Zounds Hearing, Inc. - MANUFACTURING DESIGN MARKETING AGREEMENT",6897,16,31,30,0.967741935483871
train,paragraph_600_overlap_100,CUROGROUPHOLDINGSCORP_05_04_2020-EX-10.3-SERVICING AGREEMENT,5793,11,12,12,1.0
train,paragraph_600_overlap_100,SouthernStarEnergyInc_20051202_SB-2A_EX-9_801890_EX-9_Affiliate Agreement,3607,7,17,17,1.0
train,paragraph_600_overlap_100,ConformisInc_20191101_10-Q_EX-10.6_11861402_EX-10.6_Development Agreement,9583,24,33,33,1.0
train,paragraph_600_overlap_100,Principal Life Insurance Company - Broker Dealer Marketing and Servicing Agreement,4366,11,15,15,1.0
train,paragraph_600_overlap_100,LegacyEducationAllianceInc_20200330_10-K_EX-10.18_12090678_EX-10.18_Development Agreement,7337,15,49,49,1.0
train,paragraph_600_overlap_100,VerizonAbsLlc_20200123_8-K_EX-10.4_11952335_EX-10.4_Service Agreement,45143,83,26,26,1.0
train,paragraph_600_overlap_100,VERICELCORP_08_06_2019-EX-10.10-SUPPLY AGREEMENT,15862,29,39,39,1.0
train,paragraph_600_overlap_100,WPPPLC_04_30_2020-EX-4.28-SERVICE AGREEMENT,10958,22,26,26,1.0
train,paragraph_600_overlap_100,WORLDWIDESTRATEGIESINC_11_02_2005-EX-10-RESELLER AGREEMENT,10830,21,43,43,1.0
train,paragraph_600_overlap_100,FEDERATEDGOVERNMENTINCOMESECURITIESINC_04_28_2020-EX-99.SERV AGREE-SERVICES AGREEMENT_SECONDAMENDMENT,820,2,8,8,1.0
train,paragraph_600_overlap_100,AzulSa_20170303_F-1A_EX-10.3_9943903_EX-10.3_Maintenance Agreement2,2549,5,13,13,1.0
train,paragraph_600_overlap_100,PelicanDeliversInc_20200211_S-1_EX-10.3_11975895_EX-10.3_Development Agreement1,2820,7,6,6,1.0
train,paragraph_600_overlap_100,ORBSATCORP_08_17_2007-EX-7.3-STRATEGIC ALLIANCE AGREEMENT,2909,5,19,19,1.0
train,paragraph_600_overlap_100,DRAGONSYSTEMSINC_01_08_1999-EX-10.17-OUTSOURCING AGREEMENT,1088,2,13,13,1.0
train,paragraph_600_overlap_100,SEPARATEACCOUNTIIOFAGL_05_02_2011-EX-99.(J)(4)-UNCONDITIONAL CAPITAL MAINTENANCE AGREEMENT,2845,6,13,13,1.0
train,paragraph_600_overlap_100,ImperialGardenResortInc_20161028_DRS (on F-1)_EX-10.13_9963189_EX-10.13_Outsourcing Agreement,1849,4,7,7,1.0
train,paragraph_600_overlap_100,"VIRGINGALACTICHOLDINGS,INC_04_08_2020-EX-99.1-JOINT FILING STATEMENT",188,1,6,6,1.0
train,paragraph_600_overlap_100,FuseMedicalInc_20190321_10-K_EX-10.43_11575454_EX-10.43_Distributor Agreement,5339,10,21,21,1.0
train,paragraph_600_overlap_100,ASPIRITYHOLDINGSLLC_05_07_2012-EX-10.6-OUTSOURCING AGREEMENT,10095,22,28,28,1.0
train,paragraph_600_overlap_100,"OASYSMOBILE,INC_07_05_2001-EX-10.17-OUTSOURCING AGREEMENT",8147,16,47,47,1.0
train,paragraph_600_overlap_100,MEDIWOUNDLTD_01_15_2014-EX-10.6-SUPPLY AGREEMENT,7708,18,27,27,1.0
train,paragraph_600_overlap_100,UpjohnInc_20200121_10-12G_EX-2.6_11948692_EX-2.6_Manufacturing Agreement_ Supply Agreement,33948,74,95,95,1.0
train,paragraph_600_overlap_100,"Antares Pharma, Inc. - Manufacturing Agreement",16365,30,20,20,1.0
train,paragraph_600_overlap_100,RareElementResourcesLtd_20171019_SC 13D_EX-99.4_10897534_EX-99.4_Intellectual Property Agreement,5415,13,33,33,1.0
train,paragraph_600_overlap_100,VARIABLESEPARATEACCOUNT_04_30_2014-EX-13.C-UNCONDITIONAL CAPITAL MAINTENANCE AGREEMENT,2381,5,14,14,1.0
train,paragraph_600_overlap_100,ABILITYINC_06_15_2020-EX-4.25-SERVICES AGREEMENT,4115,9,16,16,1.0
train,paragraph_600_overlap_100,ELECTRAMECCANICA VEHICLES CORP. - Manufacturing Agreement,7251,16,30,30,1.0
train,paragraph_600_overlap_100,GopageCorp_20140221_10-K_EX-10.1_8432966_EX-10.1_Content License Agreement,6030,14,25,25,1.0
train,paragraph_600_overlap_100,BICYCLETHERAPEUTICSPLC_03_10_2020-EX-10.11-SERVICE AGREEMENT,9252,17,27,27,1.0
train,paragraph_600_overlap_100,TELEGLOBEINTERNATIONALHOLDINGSLTD_03_29_2004-EX-10.10-CONSTRUCTION AND MAINTENANCE AGREEMENT,15095,33,62,62,1.0
train,paragraph_600_overlap_100,INTERNATIONALFASTFOODCORP_04_04_1997-EX-99-FRANCHISE AGREEMENT,16157,30,65,65,1.0
train,paragraph_600_overlap_100,BIOCEPTINC_08_19_2013-EX-10-COLLABORATION AGREEMENT,12142,24,40,40,1.0
train,paragraph_600_overlap_100,PACIFICSYSTEMSCONTROLTECHNOLOGYINC_08_24_2000-EX-10.53-SPONSORSHIP AGREEMENT,682,2,9,9,1.0
train,paragraph_600_overlap_100,NANOPHASETECHNOLOGIESCORP_11_01_2005-EX-99.1-DISTRIBUTOR AGREEMENT,7663,16,37,37,1.0
train,paragraph_600_overlap_100,AzulSa_20170303_F-1A_EX-10.3_9943903_EX-10.3_Maintenance Agreement1,34155,64,41,41,1.0
train,paragraph_600_overlap_100,PelicanDeliversInc_20200211_S-1_EX-10.3_11975895_EX-10.3_Development Agreement2,4870,11,21,21,1.0
train,paragraph_600_overlap_100,"NETGEAR,INC_04_21_2003-EX-10.16-AMENDMENT TO THE DISTRIBUTOR AGREEMENT BETWEEN INGRAM MICRO AND NETGEAR",973,2,8,8,1.0
train,paragraph_600_overlap_100,NEONSYSTEMSINC_03_01_1999-EX-10.5-DISTRIBUTOR AGREEMENT_Amendment,2848,6,32,32,1.0
train,paragraph_600_overlap_100,SPARKLINGSPRINGWATERHOLDINGSLTD_07_03_2002-EX-10.13-SOFTWARE LICENSE AND MAINTENANCE AGREEMENT,3885,7,28,28,1.0
train,paragraph_600_overlap_100,NUVEEN - REMARKETING AGREEMENT,11298,23,17,17,1.0
train,paragraph_600_overlap_100,SECURIANFUNDSTRUST_05_01_2012-EX-99.28.H.9-NET INVESTMENT INCOME MAINTENANCE AGREEMENT,1538,3,13,13,1.0
train,paragraph_600_overlap_100,WELLSFARGOMORTGAGEBACKEDSECURITIES2006-6TRUST_05_11_2006-EX-10.3-Yield Maintenance Agreement,5299,10,12,12,1.0
train,paragraph_600_overlap_100,REWALKROBOTICSLTD_07_10_2014-EX-10.2-STRATEGIC ALLIANCE AGREEMENT,2320,5,15,15,1.0
train,paragraph_600_overlap_100,PenntexMidstreamPartnersLp_20150416_S-1A_EX-10.4_9042833_EX-10.4_Transportation Agreement,7965,15,20,20,1.0
train,paragraph_600_overlap_100,FerroglobePlc_20150624_F-4A_EX-10.20_9154746_EX-10.20_Outsourcing Agreement,4627,8,13,13,1.0
train,paragraph_600_overlap_100,TodosMedicalLtd_20190328_20-F_EX-4.10_11587157_EX-4.10_Marketing Agreement_ Reseller Agreement,5066,11,31,31,1.0
train,paragraph_600_overlap_100,PrecheckHealthServicesInc_20200320_8-K_EX-99.2_12070169_EX-99.2_Distributor Agreement,970,3,13,13,1.0
train,paragraph_600_overlap_100,INKTOMICORP_06_08_1998-EX-10.14-SOFTWARE HOSTING AGREEMENT,9916,18,29,29,1.0
train,paragraph_600_overlap_100,"OAKTREECAPITALGROUP,LLC_03_02_2020-EX-10.8-Services Agreement",3194,6,14,14,1.0
train,paragraph_600_overlap_100,BANGIINC_05_25_2005-EX-10-Premium Managed Hosting Agreement,302,1,6,6,1.0
train,paragraph_600_overlap_100,AMERICANPHYSICIANSCAPITALINC_03_31_2003-EX-10.26-AGENCY AGREEMENT,2901,5,25,25,1.0
train,paragraph_600_overlap_100,GULFSOUTHMEDICALSUPPLYINC_12_24_1997-EX-4-AFFILIATE AGREEMENT,2765,6,9,9,1.0
train,paragraph_600_overlap_100,"BELLRINGBRANDS,INC_02_07_2020-EX-10.18-MASTER SUPPLY AGREEMENT",5813,11,28,28,1.0
train,paragraph_600_overlap_100,AimmuneTherapeuticsInc_20200205_8-K_EX-10.3_11967170_EX-10.3_Development Agreement,25298,46,56,56,1.0
train,paragraph_600_overlap_100,HEALTHGATEDATACORP_11_24_1999-EX-10.1-HOSTING AND MANAGEMENT AGREEMENT (1),17975,32,51,51,1.0
train,paragraph_600_overlap_100,"INTELLIGENTHIGHWAYSOLUTIONS,INC_01_18_2018-EX-10.1-Strategic Alliance Agreement",1217,3,14,14,1.0
train,paragraph_600_overlap_100,ATMOSENERGYCORP_11_22_2002-EX-10.17-TRANSPORTATION SERVICE AGREEMENT,2588,5,18,18,1.0
train,paragraph_600_overlap_100,PacificapEntertainmentHoldingsInc_20051115_8-KA_EX-1.01_4300894_EX-1.01_Content License Agreement,2500,5,15,15,1.0
train,paragraph_600_overlap_100,ReedsInc_20191113_10-Q_EX-10.4_11888303_EX-10.4_Development Agreement,4301,10,19,19,1.0
train,paragraph_600_overlap_100,RgcResourcesInc_20151216_8-K_EX-10.3_9372751_EX-10.3_Franchise Agreement,805,2,10,10,1.0
train,paragraph_600_overlap_100,"BELLICUMPHARMACEUTICALS,INC_05_07_2019-EX-10.1-Supply Agreement",28275,53,69,68,0.9855072463768116
train,paragraph_600_overlap_100,MARTINMIDSTREAMPARTNERSLP_01_23_2004-EX-10.3-TRANSPORTATION SERVICES AGREEMENT,2175,4,17,17,1.0
train,paragraph_600_overlap_100,RUBIOSRESTAURANTSINC_03_31_2008-EX-10.75-SPONSORSHIP AGREEMENT,5760,13,20,20,1.0
train,paragraph_600_overlap_100,CardlyticsInc_20180112_S-1_EX-10.16_11002987_EX-10.16_Maintenance Agreement2,387,1,6,6,1.0
train,paragraph_600_overlap_100,"XLITECHNOLOGIES,INC_12_11_2015-EX-10.1-Sponsorship Agreement",2851,6,16,16,1.0
train,paragraph_600_overlap_100,ScansourceInc_20190822_10-K_EX-10.38_11793958_EX-10.38_Distributor Agreement2,2044,4,18,18,1.0
train,paragraph_600_overlap_100,VERTEXENERGYINC_08_14_2014-EX-10.24-OPERATION AND MAINTENANCE AGREEMENT,8601,16,29,29,1.0
train,paragraph_600_overlap_100,NYLIACVARIABLEANNUITYSEPARATEACCOUNTIII_04_10_2020-EX-99.8.KK-SERVICE AGREEMENT,1072,2,12,12,1.0
train,paragraph_600_overlap_100,AlliedEsportsEntertainmentInc_20190815_8-K_EX-10.34_11788308_EX-10.34_Sponsorship Agreement,5852,14,25,25,1.0
train,paragraph_600_overlap_100,SLOVAKWIRELESSFINANCECOBV_03_28_2001-EX-4.(B)(II).3-Maintenance and support contract for SICAP(R) modules,3435,6,9,9,1.0
train,paragraph_600_overlap_100,ANIXABIOSCIENCESINC_06_09_2020-EX-10.1-COLLABORATION AGREEMENT,6178,13,31,31,1.0
train,paragraph_600_overlap_100,"ELFBEAUTY,INC_07_02_2020-EX-10.1-COOPERATION AGREEMENT",7265,14,17,17,1.0
train,paragraph_600_overlap_100,DigitalCinemaDestinationsCorp_20111220_S-1_EX-10.10_7346719_EX-10.10_Affiliate Agreement,16673,33,63,63,1.0
train,paragraph_600_overlap_100,VERTICALNETINC_04_01_2002-EX-10.19-MAINTENANCE AND SUPPORT AGREEMENT,10705,20,31,31,1.0
train,paragraph_600_overlap_100,TcPipelinesLp_20160226_10-K_EX-99.12_9454048_EX-99.12_Transportation Agreement,916,2,11,11,1.0
train,paragraph_600_overlap_100,HUBEIMINKANGPHARMACEUTICALLTD_09_19_2006-EX-10.1-OUTSOURCING AGREEMENT,1836,5,13,13,1.0
train,paragraph_600_overlap_100,ACCURAYINC_09_01_2010-EX-10.31-DISTRIBUTOR AGREEMENT,13349,26,30,30,1.0
train,paragraph_600_overlap_100,"MIDDLEBROOKPHARMACEUTICALS,INC_03_18_2010-EX-10.1-PROMOTION AGREEMENT",8879,18,23,23,1.0
train,paragraph_600_overlap_100,ArcGroupInc_20171211_8-K_EX-10.1_10976103_EX-10.1_Sponsorship Agreement,2622,6,9,9,1.0
train,paragraph_600_overlap_100,AtnInternationalInc_20191108_10-Q_EX-10.1_11878541_EX-10.1_Maintenance Agreement,34973,65,70,70,1.0
train,paragraph_600_overlap_100,"SightLife Surgical, Inc. - STRATEGIC SALES _ MARKETING AGREEMENT",3604,8,23,23,1.0
train,paragraph_600_overlap_100,InmodeLtd_20190729_F-1A_EX-10.9_11743243_EX-10.9_Manufacturing Agreement,6122,14,23,23,1.0
train,paragraph_600_overlap_100,FUSIONPHARMACEUTICALSINC_06_05_2020-EX-10.17-Supply Agreement - FUSION,6318,14,29,29,1.0
train,paragraph_600_overlap_100,URSCORPNEW_03_17_2014-EX-99-COOPERATION AGREEMENT,6004,11,9,9,1.0
train,paragraph_600_overlap_100,GpaqAcquisitionHoldingsInc_20200123_S-4A_EX-10.6_11951677_EX-10.6_License Agreement,7187,15,45,45,1.0
train,paragraph_600_overlap_100,SalesforcecomInc_20171122_10-Q_EX-10.1_10961535_EX-10.1_Reseller Agreement,435,1,6,6,1.0
train,paragraph_600_overlap_100,SLINGERBAGINC_05_27_2020-EX-10.7-CONSULTING AGREEMENT,5346,12,15,15,1.0
train,paragraph_600_overlap_100,IGENEBIOTECHNOLOGYINC_05_13_2003-EX-1-JOINT VENTURE AGREEMENT,11330,22,28,28,1.0
train,paragraph_600_overlap_100,ENERGYXXILTD_05_08_2015-EX-10.13-Transportation AGREEMENT,9243,21,23,23,1.0
train,paragraph_600_overlap_100,EtonPharmaceuticalsInc_20191114_10-Q_EX-10.1_11893941_EX-10.1_Development Agreement,10256,22,27,27,1.0
train,paragraph_600_overlap_100,ScansourceInc_20190822_10-K_EX-10.38_11793958_EX-10.38_Distributor Agreement1,12904,24,42,41,0.9761904761904762
train,paragraph_600_overlap_100,CardlyticsInc_20180112_S-1_EX-10.16_11002987_EX-10.16_Maintenance Agreement1,25087,46,93,93,1.0
train,paragraph_600_overlap_100,"NETGEAR,INC_04_21_2003-EX-10.16-DISTRIBUTOR AGREEMENT",6029,11,45,45,1.0
train,paragraph_600_overlap_100,EcoScienceSolutionsInc_20171117_8-K_EX-10.1_10956472_EX-10.1_Endorsement Agreement,2843,6,17,17,1.0
train,paragraph_600_overlap_100,AMERICASSHOPPINGMALLINC_12_10_1999-EX-10.2-SITE DEVELOPMENT AND HOSTING AGREEMENT,2892,6,22,22,1.0
train,paragraph_600_overlap_100,DataCallTechnologies_20060918_SB-2A_EX-10.9_944510_EX-10.9_Content License Agreement,1666,3,22,22,1.0
train,paragraph_600_overlap_100,JINGWEIINTERNATIONALLTD_10_04_2007-EX-10.7-INTELLECTUAL PROPERTY AGREEMENT,2356,5,18,18,1.0
train,paragraph_600_overlap_100,FEDERATEDGOVERNMENTINCOMESECURITIESINC_04_28_2020-EX-99.SERV AGREE-SERVICES AGREEMENT,1762,4,13,13,1.0
train,paragraph_600_overlap_100,MRSFIELDSORIGINALCOOKIESINC_01_29_1998-EX-10-FRANCHISE AGREEMENT,33705,63,78,78,1.0
train,paragraph_600_overlap_100,PalmerSquareCapitalBdcInc_20200116_10-12GA_EX-10.6_11949289_EX-10.6_Trademark License Agreement,2306,5,19,19,1.0
train,paragraph_600_overlap_100,LUCIDINC_04_15_2011-EX-10.9-DISTRIBUTOR AGREEMENT,2351,6,20,20,1.0
train,paragraph_600_overlap_100,UsioInc_20040428_SB-2_EX-10.11_1723988_EX-10.11_Affiliate Agreement 2,3740,8,28,28,1.0
train,paragraph_600_overlap_100,EmmisCommunicationsCorp_20191125_8-K_EX-10.6_11906433_EX-10.6_Marketing Agreement,2709,6,11,11,1.0
train,paragraph_600_overlap_100,ENTERTAINMENTGAMINGASIAINC_02_15_2005-EX-10.5-DISTRIBUTOR AGREEMENT,6920,12,38,38,1.0
train,paragraph_600_overlap_100,"Magenta Therapeutics, Inc. - Master Development and Manufacturing Agreement",11308,22,33,33,1.0
train,paragraph_600_overlap_100,"GRIDIRONBIONUTRIENTS,INC_02_05_2020-EX-10.3-SUPPLY AGREEMENT",903,2,10,10,1.0
train,paragraph_600_overlap_100,PapaJohnsInternationalInc_20190617_8-K_EX-10.1_11707365_EX-10.1_Endorsement Agreement,10661,21,35,35,1.0
train,paragraph_600_overlap_100,SUMMAFOURINC_06_19_1998-EX-10.3-SOFTWARE LICENSE AND MAINTENANCE AGREEMENT,14158,25,34,34,1.0
train,paragraph_600_overlap_100,MACROGENICSINC_08_02_2013-EX-10-COLLABORATION AGREEMENT,25333,46,51,51,1.0
train,paragraph_600_overlap_100,GSVINC_05_15_1998-EX-10-SPONSORSHIP AGREEMENT,5880,11,22,22,1.0
train,paragraph_600_overlap_100,MorganStanleyDirectLendingFund_20191119_10-12GA_EX-10.5_11898508_EX-10.5_Trademark License Agreement,2438,5,27,27,1.0
train,paragraph_600_overlap_100,ELANDIAINTERNATIONALINC_04_25_2007-EX-10.21-Outsourcing Agreement,12396,22,25,25,1.0
train,paragraph_600_overlap_100,PareteumCorp_20081001_8-K_EX-99.1_2654808_EX-99.1_Hosting Agreement,10213,19,23,23,1.0
train,paragraph_600_overlap_100,PhasebioPharmaceuticalsInc_20200330_10-K_EX-10.21_12086810_EX-10.21_Development Agreement,45650,87,88,88,1.0
train,paragraph_600_overlap_100,"KUBIENT,INC_07_02_2020-EX-10.14-MASTER SERVICES AGREEMENT_Part2",1185,3,13,13,1.0
train,paragraph_600_overlap_100,EdietsComInc_20001030_10QSB_EX-10.4_2606646_EX-10.4_Co-Branding Agreement,9075,17,48,48,1.0
train,paragraph_600_overlap_100,LECLANCHÉ S.A. - JOINT DEVELOPMENT AND MARKETING AGREEMENT,3207,6,19,19,1.0
train,paragraph_600_overlap_100,CardlyticsInc_20180112_S-1_EX-10.16_11002987_EX-10.16_Maintenance Agreement4,756,2,12,12,1.0
train,paragraph_600_overlap_100,TomOnlineInc_20060501_20-F_EX-4.46_749700_EX-4.46_Co-Branding Agreement,17487,35,56,56,1.0
train,paragraph_600_overlap_100,"CERES,INC_01_25_2012-EX-10.20-Collaboration Agreement",45577,80,66,66,1.0
train,paragraph_600_overlap_100,"INTERSECTENT,INC_05_11_2020-EX-10.1-SUPPLY AGREEMENT",5973,15,18,18,1.0
train,paragraph_600_overlap_100,"TRANSPHORM,INC_02_14_2020-EX-10.12(1)-JOINT VENTURE AGREEMENT",15468,29,35,35,1.0
train,paragraph_600_overlap_100,EuromediaHoldingsCorp_20070215_10SB12G_EX-10.B(01)_525118_EX-10.B(01)_Content License Agreement,4580,11,30,30,1.0
train,paragraph_600_overlap_100,"Sonos, Inc. - Manufacturing Agreement ",17177,31,53,53,1.0
train,paragraph_600_overlap_100,"ASHWORTHINC_01_29_1999-EX-10.(D)-PROMOTION AGREEMENT AND NANTZ COMMUNICATIONS, INC.",3589,7,27,27,1.0
train,paragraph_600_overlap_100,LIGHTBRIDGECORP_11_23_2015-EX-10.26-STRATEGIC ALLIANCE AGREEMENT,3023,6,11,11,1.0
train,paragraph_600_overlap_100,"XLITECHNOLOGIES,INC_12_02_2015-EX-10.02-STRATEGIC ALLIANCE AGREEMENT",875,2,9,9,1.0
train,paragraph_600_overlap_100,HYPERIONSOFTWARECORP_09_28_1994-EX-10.47-EXCLUSIVE DISTRIBUTOR AGREEMENT,5290,10,30,30,1.0
train,paragraph_600_overlap_100,BUFFALOWILDWINGSINC_06_05_1998-EX-10.3-FRANCHISE AGREEMENT,23663,45,86,85,0.9883720930232558
train,paragraph_600_overlap_100,ReynoldsConsumerProductsInc_20200121_S-1A_EX-10.22_11948918_EX-10.22_Service Agreement,17207,32,26,26,1.0
train,paragraph_600_overlap_100,"GWG HOLDINGS, INC. - ORDERLY MARKETING AGREEMENT",4177,9,12,12,1.0
train,paragraph_600_overlap_100,BLACKROCKMUNIHOLDINGSINVESTMENTQUALITYFUND_04_07_2020-EX-99.01-JOINT FILING AGREEMENT,201,1,6,6,1.0
train,paragraph_600_overlap_100,ALLISONTRANSMISSIONHOLDINGSINC_12_15_2014-EX-99.1-COOPERATION AGREEMENT,5202,11,18,18,1.0
train,paragraph_600_overlap_100,WARNINGMANAGEMENTSERVICESINC_12_10_1999-EX-10-ENDORSEMENT AGREEMENT,4602,9,32,32,1.0
train,paragraph_600_overlap_100,LinkPlusCorp_20050802_8-K_EX-10_3240252_EX-10_Affiliate Agreement,2899,5,32,32,1.0
train,paragraph_600_overlap_100,SMITHELECTRICVEHICLESCORP_04_04_2012-EX-10.26-FLEET MAINTENANCE AGREEMENT,13201,31,29,29,1.0
train,paragraph_600_overlap_100,CHINARECYCLINGENERGYCORP_11_14_2013-EX-10.6-Cooperation Agreement,2664,6,13,13,1.0
train,paragraph_600_overlap_100,"KUBIENT,INC_07_02_2020-EX-10.14-MASTER SERVICES AGREEMENT_Part1",4014,9,20,20,1.0
train,paragraph_600_overlap_100,NeoformaInc_19991202_S-1A_EX-10.26_5224521_EX-10.26_Co-Branding Agreement,13370,24,70,70,1.0
train,paragraph_600_overlap_100,AULAMERICANUNITTRUST_04_24_2020-EX-99.8.77-SERVICING AGREEMENT,5607,11,16,16,1.0
train,paragraph_600_overlap_100,VIOLINMEMORYINC_12_12_2012-EX-10.14-SPONSORSHIP AGREEMENT,8499,15,30,30,1.0
train,paragraph_600_overlap_100,RaeSystemsInc_20001114_10-Q_EX-10.57_2631790_EX-10.57_Co-Branding Agreement,5582,12,29,29,1.0
train,paragraph_600_overlap_100,QBIOMEDINC_04_08_2020-EX-99.1-JOINT FILING AGREEMENT,429,1,13,13,1.0
train,paragraph_600_overlap_100,ZogenixInc_20190509_10-Q_EX-10.2_11663313_EX-10.2_Distributor Agreement,26626,50,70,68,0.9714285714285714
train,paragraph_600_overlap_100,LeadersonlineInc_20000427_S-1A_EX-10.8_4991089_EX-10.8_Co-Branding Agreement,8078,15,44,44,1.0
train,paragraph_600_overlap_100,ArcaUsTreasuryFund_20200207_N-2_EX-99.K5_11971930_EX-99.K5_Development Agreement,2316,5,12,12,1.0
train,paragraph_600_overlap_100,BIOAMBERINC_04_10_2013-EX-10.34-DEVELOPMENT AGREEMENT - First Amendment,940,2,7,7,1.0
train,paragraph_600_overlap_100,"XACCT Technologies, Inc.SUPPORT AND MAINTENANCE AGREEMENT",1796,4,14,14,1.0
train,paragraph_600_overlap_100,CHANGEPOINTCORP_03_08_2000-EX-10.6-LICENSE AND HOSTING AGREEMENT,18806,35,82,82,1.0
train,paragraph_600_overlap_100,Apollo Endosurgery - Manufacturing and Supply Agreement,7248,14,24,24,1.0
train,paragraph_600_overlap_100,"MJBIOTECH,INC_12_06_2018-EX-99.01-JOINT VENTURE AGREEMENT",3709,7,22,22,1.0
train,paragraph_600_overlap_100,IDREAMSKYTECHNOLOGYLTD_07_03_2014-EX-10.39-Cooperation Agreement on Mobile Game Business,12072,22,26,26,1.0
train,paragraph_600_overlap_100,"CANOPETROLEUM,INC_12_13_2007-EX-10.1-Sponsorship Agreement",1449,3,14,14,1.0
train,paragraph_600_overlap_100,"HOSPITALITYINVESTORSTRUST,INC_04_07_2014-EX-10.26-FRANCHISE AGREEMENT",23061,47,49,49,1.0
train,paragraph_600_overlap_100,FulucaiProductionsLtd_20131223_10-Q_EX-10.9_8368347_EX-10.9_Content License Agreement,2804,7,28,28,1.0
train,paragraph_600_overlap_100,MPLXLP_06_17_2015-EX-10.1-TRANSPORTATION SERVICES AGREEMENT,8966,17,30,30,1.0
train,paragraph_600_overlap_100,LOGANSROADHOUSEINC_03_27_1998-EX-10.17-SPONSORSHIP AGREEMENT,2865,6,19,19,1.0
train,paragraph_600_overlap_100,FuelcellEnergyInc_20191106_8-K_EX-10.1_11868007_EX-10.1_Development Agreement,15880,29,60,59,0.9833333333333333
train,paragraph_600_overlap_100,"THERAVANCEBIOPHARMA,INC_05_08_2020-EX-10.2-SERVICE AGREEMENT",5294,12,16,16,1.0
train,paragraph_600_overlap_100,DYNAMEXINC_06_06_1996-EX-10.4-TRANSPORTATION SERVICES AGREEMENT,6760,13,33,33,1.0
train,paragraph_600_overlap_100,ULTRAGENYXPHARMACEUTICALINC_12_23_2013-EX-10.9-SUPPLY AGREEMENT,2274,4,16,16,1.0
train,paragraph_600_overlap_100,"NETGEAR,INC_04_21_2003-EX-10.16- AMENDMENT #2 TO THE DISTRIBUTION AGREEMENT",555,1,6,6,1.0
train,paragraph_600_overlap_100,SFGFINANCIALCORP_05_12_2009-EX-10.1-SOFTWARE LICENSE AND MAINTENANCE AGREEMENT,7749,17,32,32,1.0
train,paragraph_600_overlap_100,"VAXCYTE,INC_05_22_2020-EX-10.19-SUPPLY AGREEMENT",15227,29,29,29,1.0
train,paragraph_600_overlap_100,"OTISWORLDWIDECORP_04_03_2020-EX-10.4-INTELLECTUAL PROPERTY AGREEMENT by and among UNITED TECHNOLOGIES CORPORATION, OTIS WORLDWIDE CORPORATION and CARRIER ~1",9672,20,32,32,1.0
train,paragraph_600_overlap_100,"GIGGLESN_HUGS,INC_06_23_2016-EX-10.2-STRATEGIC ALLIANCE AGREEMENT",3430,7,19,19,1.0
train,paragraph_600_overlap_100,ExactSciencesCorp_20180822_8-K_EX-10.1_11331629_EX-10.1_Promotion Agreement,24685,56,43,42,0.9767441860465116
train,paragraph_600_overlap_100,GlobalTechnologiesGroupInc_20050928_10KSB_EX-10.9_4148808_EX-10.9_Content License Agreement,5899,11,18,18,1.0
train,paragraph_600_overlap_100,HertzGroupRealtyTrustInc_20190920_S-11A_EX-10.8_11816941_EX-10.8_Trademark License Agreement,2236,5,15,15,1.0
train,paragraph_600_overlap_100,QuantumGroupIncFl_20090120_8-K_EX-99.2_3672910_EX-99.2_Hosting Agreement,17414,36,32,32,1.0
train,paragraph_600_overlap_100,"PHREESIA,INC_05_28_2019-EX-10.18-STRATEGIC ALLIANCE AGREEMENT",17703,34,51,51,1.0
train,paragraph_600_overlap_100,"Array BioPharma Inc. - LICENSE, DEVELOPMENT AND COMMERCIALIZATION AGREEMENT",42742,80,65,65,1.0
train,paragraph_600_overlap_100,MERCATAINC_03_09_2000-EX-10.21-SPONSORSHIP AGREEMENT,3224,6,12,12,1.0
train,paragraph_600_overlap_100,"MEDALISTDIVERSIFIEDREIT,INC_05_18_2020-EX-10.1-CONSULTING AGREEMENT",3724,8,34,34,1.0
train,paragraph_600_overlap_100,"FOUNDATIONMEDICINE,INC_02_02_2015-EX-10.2-Collaboration Agreement",26407,47,75,75,1.0
train,paragraph_600_overlap_100,RevolutionMedicinesInc_20200117_S-1_EX-10.1_11948417_EX-10.1_Development Agreement,40936,77,90,90,1.0
train,paragraph_600_overlap_100,"ETELOS,INC_03_09_2004-EX-10.8-DISTRIBUTOR AGREEMENT",3863,7,25,25,1.0
train,paragraph_600_overlap_100,LifewayFoodsInc_20160316_10-K_EX-10.24_9489766_EX-10.24_Endorsement Agreement,1656,3,16,16,1.0
train,paragraph_600_overlap_100,"LEGACYTECHNOLOGYHOLDINGS,INC_12_09_2005-EX-10.2-DISTRIBUTOR AGREEMENT",1937,4,23,23,1.0
train,paragraph_600_overlap_100,DeltathreeInc_19991102_S-1A_EX-10.19_6227850_EX-10.19_Co-Branding Agreement_ Service Agreement,4070,8,17,17,1.0
train,paragraph_600_overlap_100,"SPRINGBANKPHARMACEUTICALS,INC_04_08_2020-EX-99.A-JOINT FILING AGREEMENT",246,1,6,6,1.0
train,paragraph_600_overlap_100,ImineCorp_20180725_S-1_EX-10.5_11275970_EX-10.5_Distributor Agreement,5369,12,23,23,1.0
train,paragraph_600_overlap_100,CCAINDUSTRIESINC_04_14_2014-EX-10.1-OUTSOURCING AGREEMENT,4889,9,27,27,1.0
train,paragraph_600_overlap_100,Microgenics Corporation - Collaborative Development and Commercialization Agreement,28415,62,54,54,1.0
train,paragraph_600_overlap_100,VgrabCommunicationsInc_20200129_10-K_EX-10.33_11958828_EX-10.33_Development Agreement,2297,5,13,13,1.0
train,paragraph_600_overlap_100,AIRTECHINTERNATIONALGROUPINC_05_08_2000-EX-10.4-FRANCHISE AGREEMENT,11368,21,42,42,1.0
train,paragraph_600_overlap_100,IMMUNOMEDICSINC_08_07_2019-EX-10.1-PROMOTION AGREEMENT,24022,43,36,36,1.0
train,paragraph_600_overlap_100,BravatekSolutionsInc_20170418_8-K_EX-10.1_10205739_EX-10.1_Reseller Agreement,2384,5,17,17,1.0
train,paragraph_600_overlap_100,SPORTHALEYINC_09_29_1997-EX-10.2-10-ENDORSEMENT AGREEMENT,1537,3,21,21,1.0
train,paragraph_600_overlap_100,XENCORINC_10_25_2013-EX-10.24-COLLABORATION AGREEMENT (3),20117,45,66,66,1.0
train,paragraph_600_overlap_100,NETGROCERINC_07_31_1998-EX-10.15-SPONSORSHIP AGREEMENT,5206,10,26,26,1.0
train,paragraph_600_overlap_100,CoherusBiosciencesInc_20200227_10-K_EX-10.29_12021376_EX-10.29_Development Agreement,21991,41,56,56,1.0
train,paragraph_600_overlap_100,DIVERSINETCORP_03_01_2012-EX-4-RESELLER AGREEMENT,11296,22,43,43,1.0
train,paragraph_600_overlap_100,NmfSlfIInc_20200115_10-12GA_EX-10.5_11946987_EX-10.5_Trademark License Agreement,2694,8,25,25,1.0
train,paragraph_600_overlap_100,KALLOINC_11_03_2011-EX-10.1-STRATEGIC ALLIANCE AGREEMENT,11172,21,34,34,1.0
train,paragraph_600_overlap_100,MOSSIMOINC_04_14_2000-EX-10.14-ENDORSEMENT AGREEMENT,3480,7,28,28,1.0
train,paragraph_600_overlap_100,FEDERATEDGOVERNMENTINCOMESECURITIESINC_04_28_2020-EX-99.SERV AGREE-SERVICES AGREEMENT_AMENDMENT,564,1,8,8,1.0
train,paragraph_600_overlap_100,RandWorldwideInc_20010402_8-KA_EX-10.2_2102464_EX-10.2_Co-Branding Agreement,6718,12,34,34,1.0
train,paragraph_600_overlap_100,GOLDRESOURCECORP_12_11_2008-EX-10.1-STRATEGIC ALLIANCE AGREEMENT,8786,17,36,36,1.0
train,paragraph_600_overlap_100,"Loop Industries, Inc. - Marketing Agreement",5244,11,19,19,1.0
train,paragraph_600_overlap_100,BloomEnergyCorp_20180321_DRSA (on S-1)_EX-10_11240356_EX-10_Maintenance Agreement,16116,31,36,36,1.0
train,paragraph_600_overlap_100,AudibleInc_20001113_10-Q_EX-10.32_2599586_EX-10.32_Co-Branding Agreement_ Marketing Agreement_ Investment Distribution Agreement,11211,21,47,47,1.0
train,paragraph_600_overlap_100,HOLIDAYRVSUPERSTORESINC_04_15_2002-EX-10.13-ENDORSEMENT AGREEMENT,2189,4,17,17,1.0
train,paragraph_600_overlap_100,NeuroboPharmaceuticalsInc_20190903_S-4_EX-10.36_11802165_EX-10.36_Manufacturing Agreement_ Supply Agreement,3094,6,11,11,1.0
train,paragraph_600_overlap_100,SONUSCORP_03_12_1997-EX-10.11-SPONSORSHIP AGREEMENT,3891,7,10,10,1.0
train,paragraph_600_overlap_100,RangeResourcesLouisianaInc_20150417_8-K_EX-10.5_9045501_EX-10.5_Transportation Agreement,15659,29,21,21,1.0
train,paragraph_600_overlap_100,CHAPARRALRESOURCESINC_03_30_2000-EX-10.66-TRANSPORTATION CONTRACT,3865,7,17,17,1.0
train,paragraph_600_overlap_100,AURASYSTEMSINC_06_16_2010-EX-10.25-STRATEGIC ALLIANCE AGREEMENT,6938,14,44,44,1.0
train,paragraph_600_overlap_100,IpassInc_20181203_8-K_EX-99.1_11445874_EX-99.1_Reseller Agreement,11394,26,30,30,1.0
train,paragraph_600_overlap_100,VERSOTECHNOLOGIESINC_12_28_2007-EX-99.3-INTELLECTUAL PROPERTY AGREEMENT,739,2,8,8,1.0
train,paragraph_600_overlap_100,EhaveInc_20190515_20-F_EX-4.44_11678816_EX-4.44_License Agreement_ Reseller Agreement,13634,28,62,62,1.0
train,paragraph_600_overlap_100,"UNITEDNATIONALBANCORP_03_03_1999-EX-99-Outsourcing Agreement with the BISYS Group, Inc.",279,1,7,7,1.0
train,paragraph_600_overlap_100,VirtuosoSurgicalInc_20191227_1-A_EX1A-6 MAT CTRCT_11933379_EX1A-6 MAT CTRCT_License Agreement,5675,13,37,37,1.0
train,paragraph_600_overlap_100,"ROCKYMOUNTAINCHOCOLATEFACTORY,INC_12_23_2019-EX-10.2-STRATEGIC ALLIANCE AGREEMENT",19420,44,34,34,1.0
train,paragraph_600_overlap_100,VITAMINSHOPPECOMINC_09_13_1999-EX-10.26-SPONSORSHIP AGREEMENT,8223,15,16,16,1.0
train,paragraph_600_overlap_100,"SOLUTIONSVENDINGINTERNATIONAL,INC_03_31_2020-EX1A-1 UNDR AGMT-SERVICES AGREEMENT",1122,3,9,9,1.0
train,paragraph_600_overlap_100,InnerscopeHearingTechnologiesInc_20181109_8-K_EX-10.6_11419704_EX-10.6_Distributor Agreement,3360,6,27,27,1.0
train,paragraph_600_overlap_100,SmartRxSystemsInc_20180914_1-A_EX1A-6 MAT CTRCT_11351705_EX1A-6 MAT CTRCT_Distributor Agreement,6123,14,25,25,1.0
train,paragraph_600_overlap_100,BIOFRONTERAAG_04_29_2019-EX-4.17-SUPPLY AGREEMENT,9771,22,27,27,1.0
train,paragraph_600_overlap_100,"CORALGOLDRESOURCES,LTD_05_28_2020-EX-4.1-CONSULTING AGREEMENT",4730,9,20,20,1.0
train,paragraph_600_overlap_100,Cerus Corporation - FIRST AMEND TO SUPPLY AND MANUFACTURING AGREEMENT,1796,4,7,7,1.0
train,paragraph_600_overlap_100,OLDAPIWIND-DOWNLTD_01_08_2016-EX-1.3-AGENCY AGREEMENT2,630,2,8,8,1.0
train,paragraph_600_overlap_100,ATENTOSA_07_06_2020-EX-99.1-JOINT FILING AGREEMENT,357,1,12,12,1.0
train,paragraph_600_overlap_100,HealthcentralCom_19991108_S-1A_EX-10.27_6623292_EX-10.27_Co-Branding Agreement,6492,12,34,34,1.0
train,paragraph_600_overlap_100,GAINSCOINC_01_21_2010-EX-10.41-SPONSORSHIP AGREEMENT,2452,5,26,26,1.0
train,paragraph_600_overlap_100,"TURNKEYCAPITAL,INC_07_20_2017-EX-1.1-Strategic Alliance Agreement",1988,4,12,12,1.0
train,paragraph_600_overlap_100,IVILLAGEINC_03_17_1999-EX-10.16-SPONSORSHIP AGREEMENT,3407,7,26,26,1.0
train,paragraph_600_overlap_100,"IPAYMENT,INC_05_14_2007-EX-10.1-SPONSORSHIP AGREEMENT",14652,27,34,34,1.0
train,paragraph_600_overlap_100,RISEEDUCATIONCAYMANLTD_04_17_2020-EX-4.23-SERVICE AGREEMENT,2394,5,13,13,1.0
train,paragraph_600_overlap_100,STARTECGLOBALCOMMUNICATIONSCORP_11_16_1998-EX-10.30-CONSTRUCTION AND MAINTENANCE AGREEMENT,14551,27,74,74,1.0
train,paragraph_600_overlap_100,LejuHoldingsLtd_20140121_DRS (on F-1)_EX-10.26_8473102_EX-10.26_Content License Agreement2,327,1,7,7,1.0
train,paragraph_600_overlap_100,FIBROGENINC_10_01_2014-EX-10.11-COLLABORATION AGREEMENT,24526,46,51,51,1.0
train,paragraph_600_overlap_100,"KNOWLABS,INC_08_15_2005-EX-10-INTELLECTUAL PROPERTY AGREEMENT",1970,4,16,16,1.0
train,paragraph_600_overlap_100,UAGHINC_04_14_2004-EX-10.18-MAINTENANCE AGREEMENT,2676,7,19,19,1.0
train,paragraph_600_overlap_100,"ARMSTRONGFLOORING,INC_01_07_2019-EX-10.2-INTELLECTUAL PROPERTY AGREEMENT",10349,22,49,49,1.0
train,paragraph_600_overlap_100,VitalibisInc_20180316_8-K_EX-10.2_11100168_EX-10.2_Hosting Agreement,7045,18,29,29,1.0
train,paragraph_600_overlap_100,HEALTHGATEDATACORP_11_24_1999-EX-10.1-HOSTING AND MANAGEMENT AGREEMENT - Escrow Agreement,4201,8,15,13,0.8666666666666667
train,paragraph_600_overlap_100,BNLFINANCIALCORP_03_30_2007-EX-10.8-OUTSOURCING AGREEMENT,6470,15,27,27,1.0
train,paragraph_600_overlap_100,"IOVANCEBIOTHERAPEUTICS,INC_08_03_2017-EX-10.1-STRATEGIC ALLIANCE AGREEMENT",10693,22,27,27,1.0
train,paragraph_600_overlap_100,NEONSYSTEMSINC_03_01_1999-EX-10.5-DISTRIBUTOR AGREEMENT_New,8888,17,40,40,1.0
train,paragraph_600_overlap_100,TELKOMSALTD_01_30_2003-EX-10-LICENCE AND MAINTENANCE AGREEMENT,16176,33,49,49,1.0
train,paragraph_600_overlap_100,"FIDELITYNATIONALINFORMATIONSERVICES,INC_08_05_2009-EX-10.3-INTELLECTUAL PROPERTY AGREEMENT",19341,36,70,70,1.0
train,paragraph_600_overlap_100,TRUENORTHENERGYCORP_02_08_2007-EX-10.1-DEVELOPMENT AGREEMENT,6961,13,19,19,1.0
train,paragraph_600_overlap_100,GentechHoldingsInc_20190808_1-A_EX1A-6 MAT CTRCT_11776814_EX1A-6 MAT CTRCT_Distributor Agreement,4097,10,24,24,1.0
train,paragraph_600_overlap_100,TICKETSCOMINC_06_22_1999-EX-10.22-SPONSORSHIP AGREEMENT,1155,3,16,16,1.0
train,paragraph_600_overlap_100,"ADMA BioManufacturing, LLC -  Amendment #3 to Manufacturing Agreement ",2478,5,16,16,1.0
train,paragraph_600_overlap_100,OFGBANCORP_03_28_2007-EX-10.23-OUTSOURCING AGREEMENT,24004,44,44,44,1.0
train,paragraph_600_overlap_100,"DUOSTECHNOLOGIESGROUP,INC_04_21_2009-EX-10.1-STRATEGIC ALLIANCE AGREEMENT",7148,14,38,38,1.0
train,paragraph_600_overlap_100,OLDAPIWIND-DOWNLTD_01_08_2016-EX-1.3-AGENCY AGREEMENT1,15521,35,16,16,1.0
train,paragraph_600_overlap_100,"ADIANUTRITION,INC_04_01_2005-EX-10.D2-RESELLER AGREEMENT",4051,8,22,22,1.0
train,paragraph_600_overlap_100,"ATHENSBANCSHARESCORP_11_02_2009-EX-1.2-AGENCY AGREEMENT , 2009",23419,47,16,16,1.0
train,paragraph_600_overlap_100,SoupmanInc_20150814_8-K_EX-10.1_9230148_EX-10.1_Franchise Agreement3,438,1,2,2,1.0
train,paragraph_600_overlap_100,MOVADOGROUPINC_04_30_2003-EX-10.28-ENDORSEMENT AGREEMENT,2710,5,9,9,1.0
train,paragraph_600_overlap_100,StaarSurgicalCompany_20180801_10-Q_EX-10.37_11289449_EX-10.37_Distributor Agreement,7649,16,38,38,1.0
train,paragraph_600_overlap_100,EmeraldHealthBioceuticalsInc_20200218_1-A_EX1A-6 MAT CTRCT_11987205_EX1A-6 MAT CTRCT_Development Agreement,2606,5,20,20,1.0
train,paragraph_600_overlap_100,STAMPSCOMINC_06_24_1999-EX-10.18-SPONSORSHIP AGREEMENT,5496,10,32,32,1.0
train,paragraph_600_overlap_100,BEYONDCOMCORP_08_03_2000-EX-10.2-CO-HOSTING AGREEMENT,7991,16,33,33,1.0
train,paragraph_600_overlap_100,CHEETAHMOBILEINC_04_22_2014-EX-10.43-Cooperation Agreement,6230,11,23,23,1.0
train,paragraph_600_overlap_100,ClickstreamCorp_20200330_1-A_EX1A-6 MAT CTRCT_12089935_EX1A-6 MAT CTRCT_Development Agreement,5445,12,24,24,1.0
train,paragraph_600_overlap_100,NEOMEDIATECHNOLOGIESINC_12_15_2005-EX-16.1-DISTRIBUTOR AGREEMENT,4973,10,29,29,1.0
train,paragraph_600_overlap_100,"ADUROBIOTECH,INC_06_02_2020-EX-10.7-CONSULTING AGREEMENT(1)",1850,4,16,16,1.0
train,paragraph_600_overlap_100,LejuHoldingsLtd_20140121_DRS (on F-1)_EX-10.26_8473102_EX-10.26_Content License Agreement1,7198,15,22,22,1.0
train,paragraph_600_overlap_100,"VISIUMTECHNOLOGIES,INC_10_20_2004-EX-10.20-DISTRIBUTOR AGREEMENT",7706,15,42,42,1.0
train,paragraph_600_overlap_100,"INNOVIVA,INC_08_07_2014-EX-10.1-COLLABORATION AGREEMENT",28937,61,52,52,1.0
train,paragraph_600_overlap_100,SoupmanInc_20150814_8-K_EX-10.1_9230148_EX-10.1_Franchise Agreement2,844,2,5,5,1.0
train,paragraph_600_overlap_100,"ADUROBIOTECH,INC_06_02_2020-EX-10.7-CONSULTING AGREEMENT",1850,4,14,14,1.0
train,paragraph_600_overlap_100,CybergyHoldingsInc_20140520_10-Q_EX-10.27_8605784_EX-10.27_Affiliate Agreement,5326,10,26,26,1.0
train,paragraph_600_overlap_100,MANAKOASERVICESCORP_11_21_2007-EX-7.5-STRATEGIC ALLIANCE AGREEMENT,2355,5,14,14,1.0
train,paragraph_600_overlap_100,FLOTEKINDUSTRIESINCCN_05_09_2019-EX-10.1-SUPPLY AGREEMENT,3037,6,19,19,1.0
train,paragraph_600_overlap_100,EUROPEANMICROHOLDINGSINC_03_06_1998-EX-10.6-DISTRIBUTOR AGREEMENT,7939,15,38,38,1.0
train,paragraph_600_overlap_100,KitovPharmaLtd_20190326_20-F_EX-4.15_11584449_EX-4.15_Manufacturing Agreement,8964,19,36,36,1.0
train,paragraph_600_overlap_100,BellringBrandsInc_20190920_S-1_EX-10.12_11817081_EX-10.12_Manufacturing Agreement3,1240,3,10,10,1.0
train,paragraph_600_overlap_100,GOCALLINC_03_30_2000-EX-10.7-Promotion Agreement,2983,6,18,18,1.0
train,paragraph_600_overlap_100,LEJUHOLDINGSLTD_03_12_2014-EX-10.34-INTERNET CHANNEL COOPERATION AGREEMENT,5930,14,20,20,1.0
train,paragraph_600_overlap_100,BLACKSTONEGSOLONG-SHORTCREDITINCOMEFUND_05_11_2020-EX-99.(K)(1)-SERVICE AGREEMENT,8073,16,17,17,1.0
train,paragraph_600_overlap_100,"MEETGROUP,INC_06_29_2017-EX-10.1-COOPERATION AGREEMENT",9394,21,15,15,1.0
train,paragraph_600_overlap_100,GluMobileInc_20070319_S-1A_EX-10.09_436630_EX-10.09_Content License Agreement3,545,1,10,10,1.0
train,paragraph_600_overlap_100,ADAPTIMMUNETHERAPEUTICSPLC_04_06_2017-EX-10.11-STRATEGIC ALLIANCE AGREEMENT,15471,37,56,56,1.0
train,paragraph_600_overlap_100,ENTRUSTINC_07_24_1998-EX-10.5-STRATEGIC ALLIANCE AGREEMENT,5893,11,39,39,1.0
train,paragraph_600_overlap_100,SYKESHEALTHPLANSERVICESINC_04_24_1998-EX-10.14-OUTSOURCING AGREEMENT,1876,4,18,18,1.0
train,paragraph_600_overlap_100,NATIONALPROCESSINGINC_07_18_1996-EX-10.4-SPONSORSHIP AGREEMENT,4359,8,14,14,1.0
train,paragraph_600_overlap_100,SimplicityEsportsGamingCompany_20181130_8-K_EX-10.1_11444071_EX-10.1_Franchise Agreement,4347,10,27,27,1.0
train,paragraph_600_overlap_100,QIWI_06_16_2017-EX-99.(D)(2)-COOPERATION AGREEMENT,4170,8,16,16,1.0
train,paragraph_600_overlap_100,RemarkHoldingsInc_20081114_10-Q_EX-10.24_2895649_EX-10.24_Content License Agreement,9178,21,54,54,1.0
train,paragraph_600_overlap_100,CnsPharmaceuticalsInc_20200326_8-K_EX-10.1_12079626_EX-10.1_Development Agreement,3260,8,14,14,1.0
train,paragraph_600_overlap_100,GluMobileInc_20070319_S-1A_EX-10.09_436630_EX-10.09_Content License Agreement2,1853,4,25,25,1.0
train,paragraph_600_overlap_100,"BLUEHILLSBANCORP,INC_05_20_2014-EX-1.1-AGENCY AGREEMENT",21046,43,22,22,1.0
train,paragraph_600_overlap_100,GarrettMotionInc_20181001_8-K_EX-2.4_11364532_EX-2.4_Intellectual Property Agreement,8757,18,33,33,1.0
train,paragraph_600_overlap_100,TheglobeComInc_19990503_S-1A_EX-10.20_5416126_EX-10.20_Co-Branding Agreement,6614,12,35,35,1.0
train,paragraph_600_overlap_100,EmbarkComInc_19991008_S-1A_EX-10.10_6487661_EX-10.10_Co-Branding Agreement,5039,9,22,22,1.0
train,paragraph_600_overlap_100,TRANSMONTAIGNEPARTNERSLLC_03_13_2020-EX-10.9-SERVICES AGREEMENT,880,2,12,12,1.0
train,paragraph_600_overlap_100,"COOLTECHNOLOGIES,INC_10_25_2017-EX-10.71-Strategic Alliance Agreement",2154,5,14,14,1.0
train,paragraph_600_overlap_100,ALLIANCEBANCORPINCOFPENNSYLVANIA_10_18_2006-EX-1.2-AGENCY AGREEMENT,20957,40,24,24,1.0
train,paragraph_600_overlap_100,XpresspaGroupInc_20190401_10-K_EX-10.28_11599457_EX-10.28_Marketing Agreement,8460,18,49,49,1.0
train,paragraph_600_overlap_100,BellringBrandsInc_20190920_S-1_EX-10.12_11817081_EX-10.12_Manufacturing Agreement2,344,1,9,9,1.0
train,paragraph_600_overlap_100,IdeanomicsInc_20160330_10-K_EX-10.26_9512211_EX-10.26_Content License Agreement,6321,12,28,27,0.9642857142857143
train,paragraph_600_overlap_100,BIOAMBERINC_04_10_2013-EX-10.34-DEVELOPMENT AGREEMENT (1),5818,12,30,30,1.0
train,paragraph_600_overlap_100,PrudentialBancorpInc_20170606_8-K_EX-10.4_10474434_EX-10.4_Endorsement Agreement,2264,5,12,12,1.0
train,paragraph_600_overlap_100,"BERKELEYLIGHTS,INC_06_26_2020-EX-10.12-COLLABORATION AGREEMENT",32708,62,89,89,1.0
train,paragraph_600_overlap_100,UnionDentalHoldingsInc_20050204_8-KA_EX-10_3345577_EX-10_Affiliate Agreement,1850,4,11,11,1.0
train,paragraph_600_overlap_100,WOMENSGOLFUNLIMITEDINC_03_29_2000-EX-10.13-ENDORSEMENT AGREEMENT - Intellectual Property Rights                 Confidentiality and Non-Use Obligations Agreement,940,2,7,7,1.0
train,paragraph_600_overlap_100,SPHERE3DCORP_06_24_2020-EX-10.12-CONSULTING AGREEMENT,1897,4,12,12,1.0
train,paragraph_600_overlap_100,ENTERPRISEPRODUCTSPARTNERSLP_07_08_1998-EX-10.3-TRANSPORTATION CONTRACT,11141,21,36,36,1.0
train,paragraph_600_overlap_100,HerImports_20161018_8-KA_EX-10.14_9765707_EX-10.14_Maintenance Agreement,1595,4,8,8,1.0
train,paragraph_600_overlap_100,PROLONGINTERNATIONALCORP_03_23_1998-EX-10.16-SPONSORSHIP AGREEMENT,2180,4,11,11,1.0
train,paragraph_600_overlap_100,DYNTEKINC_07_30_1999-EX-10-ONLINE HOSTING AGREEMENT,4009,7,20,20,1.0
train,paragraph_600_overlap_100,ALAMOGORDOFINANCIALCORP_12_16_1999-EX-1-AGENCY AGREEMENT,18815,37,22,22,1.0
train,paragraph_600_overlap_100,StampscomInc_20001114_10-Q_EX-10.47_2631630_EX-10.47_Co-Branding Agreement,11730,21,46,45,0.9782608695652174
train,paragraph_600_overlap_100,InvendaCorp_20000828_S-1A_EX-10.2_2588206_EX-10.2_Co-Branding Agreement,14682,26,63,63,1.0
train,paragraph_600_overlap_100,WebmdHealthCorp_20050908_S-1A_EX-10.7_1027007_EX-10.7_Content License Agreement,2356,5,20,20,1.0
train,paragraph_600_overlap_100,SANDRIDGEENERGYINC_08_06_2009-EX-10.6-OPERATIONS AND MAINTENANCE AGREEMENT,10964,20,34,34,1.0
train,paragraph_600_overlap_100,ON4COMMUNICATIONSINC_07_02_2009-EX-10.1-PROMOTION AGREEMENT,2349,5,13,13,1.0
train,paragraph_600_overlap_100,GluMobileInc_20070319_S-1A_EX-10.09_436630_EX-10.09_Content License Agreement1,17147,32,68,68,1.0
train,paragraph_600_overlap_100,BANUESTRAFINANCIALCORP_09_08_2006-EX-10.16-AGENCY AGREEMENT,7308,14,12,12,1.0
train,paragraph_600_overlap_100,ArtaraTherapeuticsInc_20200110_8-K_EX-10.5_11943350_EX-10.5_License Agreement,5818,12,28,28,1.0
train,paragraph_600_overlap_100,NlsPharmaceuticsLtd_20200228_F-1_EX-10.14_12029046_EX-10.14_Development Agreement,10546,22,29,29,1.0
train,paragraph_600_overlap_100,"VIRTUALSCOPICS,INC_11_12_2010-EX-10.1-STRATEGIC ALLIANCE AGREEMENT",7273,17,31,31,1.0
train,paragraph_600_overlap_100,BellringBrandsInc_20190920_S-1_EX-10.12_11817081_EX-10.12_Manufacturing Agreement1,6565,13,23,23,1.0
train,paragraph_600_overlap_100,BLUEFLYINC_03_27_2002-EX-10.27-e-business Hosting Agreement,5136,10,31,31,1.0
train,paragraph_600_overlap_100,ASIANDRAGONGROUPINC_08_11_2005-EX-10.5-Reseller Agreement,7018,16,20,20,1.0
train,paragraph_600_overlap_100,MANUFACTURERSSERVICESLTD_06_05_2000-EX-10.14-OUTSOURCING AGREEMENT,41962,74,65,65,1.0
train,paragraph_600_overlap_100,LiquidmetalTechnologiesInc_20200205_8-K_EX-10.1_11968198_EX-10.1_Development Agreement,12529,28,56,56,1.0
train,paragraph_600_overlap_100,PlayboyEnterprisesInc_20090220_10-QA_EX-10.2_4091580_EX-10.2_Content License Agreement_ Marketing Agreement_ Sales-Purchase Agreement2,526,1,6,6,1.0
train,paragraph_600_overlap_100,ZtoExpressCaymanInc_20160930_F-1_EX-10.10_9752871_EX-10.10_Transportation Agreement,1468,4,12,12,1.0
train,paragraph_600_overlap_100,2ThemartComInc_19990826_10-12G_EX-10.10_6700288_EX-10.10_Co-Branding Agreement_ Agency Agreement,4467,8,30,30,1.0
train,paragraph_600_overlap_100,MOELIS_CO_03_24_2014-EX-10.19-STRATEGIC ALLIANCE AGREEMENT,18625,42,51,51,1.0
train,paragraph_600_overlap_100,XYBERNAUTCORP_07_12_2002-EX-4-SPONSORSHIP AGREEMENT,6661,13,17,17,1.0
train,paragraph_600_overlap_100,"CARDAX,INC_08_19_2014-EX-10.1-COLLABORATION AGREEMENT",8586,20,23,23,1.0
train,paragraph_600_overlap_100,"MACY_S,INC_05_11_2020-EX-99.4-JOINT FILING AGREEMENT",216,1,5,5,1.0
train,paragraph_600_overlap_100,TALCOTTRESOLUTIONLIFEINSURANCECO-SEPARATEACCOUNTTWELVE_04_30_2020-EX-99.8(L)-SERVICE AGREEMENT,4724,10,12,12,1.0
train,paragraph_600_overlap_100,ArmstrongFlooringInc_20190107_8-K_EX-10.2_11471795_EX-10.2_Intellectual Property Agreement,8284,18,51,51,1.0
train,paragraph_600_overlap_100,PFSFUNDS_06_26_2020-EX-99.H OTH MAT CONT-SERVICES AGREEMENT,2435,5,14,14,1.0
train,paragraph_600_overlap_100,WaterNowInc_20191120_10-Q_EX-10.12_11900227_EX-10.12_Distributor Agreement,7396,14,41,41,1.0
train,paragraph_600_overlap_100,MTITECHNOLOGYCORP_11_16_2004-EX-10.102-Reseller Agreement Premier Addendum,4685,9,18,18,1.0
train,paragraph_600_overlap_100,SCOUTCAMINC_05_12_2020-EX-10.22-SERVICES AGREEMENT,1305,3,18,18,1.0
train,paragraph_600_overlap_100,PharmagenInc_20120803_8-KA_EX-10.1_7693204_EX-10.1_Endorsement Agreement,2778,6,19,19,1.0
train,paragraph_600_overlap_100,DRKOOPCOMINC_04_21_1999-EX-10.28-SPONSORSHIP AGREEMENT,5546,10,18,18,1.0
train,paragraph_600_overlap_100,"VNUE,INC_07_10_2015-EX-10.1-SPONSORSHIP AGREEMENT",3207,8,18,18,1.0
train,paragraph_600_overlap_100,LegacyEducationAllianceInc_20141110_8-K_EX-10.9_8828866_EX-10.9_Endorsement Agreement,3149,7,19,19,1.0
train,paragraph_600_overlap_100,PcquoteComInc_19990721_S-1A_EX-10.11_6377149_EX-10.11_Co-Branding Agreement3,395,1,7,7,1.0
train,paragraph_600_overlap_100,GluMobileInc_20070319_S-1A_EX-10.09_436630_EX-10.09_Content License Agreement4,291,1,8,8,1.0
train,paragraph_600_overlap_100,"OPTIMIZEDTRANSPORTATIONMANAGEMENT,INC_07_26_2000-EX-6.6-DISTRIBUTOR AGREEMENT",1367,3,18,18,1.0
train,paragraph_600_overlap_100,IMAGEWARESYSTEMSINC_12_20_1999-EX-10.22-MAINTENANCE AGREEMENT,2925,6,16,16,1.0
train,paragraph_600_overlap_100,NakedBrandGroupInc_20150731_POS AM (on S-1)_EX-10.75_9196027_EX-10.75_Endorsement Agreement,7601,14,35,35,1.0
train,paragraph_600_overlap_100,ZONDWINDSYSTEMPARTNERSLTDSERIES85-B_04_03_2006-EX-10-MANAGEMENT AND MAINTENANCE AGREEMENT,1368,3,8,8,1.0
train,paragraph_600_overlap_100,IbioInc_20200313_8-K_EX-10.1_12052678_EX-10.1_Development Agreement,4657,10,18,18,1.0
train,paragraph_600_overlap_100,BellringBrandsInc_20190920_S-1_EX-10.12_11817081_EX-10.12_Manufacturing Agreement4,258,1,8,8,1.0
train,paragraph_600_overlap_100,ParatekPharmaceuticalsInc_20170505_10-KA_EX-10.29_10323872_EX-10.29_Outsourcing Agreement,17726,32,46,46,1.0
train,paragraph_600_overlap_100,JOINTCORP_09_19_2014-EX-10.15-FRANCHISE AGREEMENT,26623,57,86,86,1.0
train,paragraph_600_overlap_100,VnueInc_20150914_8-K_EX-10.1_9259571_EX-10.1_Promotion Agreement,1634,4,12,12,1.0
train,paragraph_600_overlap_100,NEXSTARFINANCEHOLDINGSINC_03_27_2002-EX-10.26-OUTSOURCING AGREEMENT,18265,35,25,25,1.0
train,paragraph_600_overlap_100,SUNTRONCORP_05_17_2006-EX-10.22-MAINTENANCE AGREEMENT,4818,10,27,27,1.0
train,paragraph_600_overlap_100,"SPIENERGYCO,LTD_03_09_2011-EX-99.5-OPERATIONS AND MAINTENANCE AGREEMENT",8153,16,21,21,1.0
train,paragraph_600_overlap_100,SteelVaultCorp_20081224_10-K_EX-10.16_3074935_EX-10.16_Affiliate Agreement,2709,6,16,16,1.0
train,paragraph_600_overlap_100,"KIROMICBIOPHARMA,INC_04_08_2020-EX-10.28-JOINT VENTURE AGREEMENT",5749,11,25,25,1.0
train,paragraph_600_overlap_100,PlayboyEnterprisesInc_20090220_10-QA_EX-10.2_4091580_EX-10.2_Content License Agreement_ Marketing Agreement_ Sales-Purchase Agreement1,17994,34,70,70,1.0
train,paragraph_600_overlap_100,TubeMediaCorp_20060310_8-K_EX-10.1_513921_EX-10.1_Affiliate Agreement,10728,23,49,49,1.0
train,paragraph_600_overlap_100,"MARSHALLHOLDINGSINTERNATIONAL,INC_04_14_2004-EX-10.15-ENDORSEMENT AGREEMENT",1716,3,16,16,1.0
train,paragraph_600_overlap_100,BLACKBOXSTOCKSINC_08_05_2014-EX-10.1-DISTRIBUTOR AGREEMENT,2706,6,21,21,1.0
train,paragraph_600_overlap_100,WARNERCHILCOTTPLC_12_31_2003-EX-4.36-DEVELOPMENT AGREEMENT,4152,8,13,13,1.0
train,paragraph_600_overlap_100,VertexEnergyInc_20200113_8-K_EX-10.1_11943624_EX-10.1_Marketing Agreement,7280,17,26,26,1.0
train,paragraph_600_overlap_100,NETZEEINC_11_14_2002-EX-10.3-MAINTENANCE AGREEMENT,464,1,9,9,1.0
train,paragraph_600_overlap_100,REGANHOLDINGCORP_03_31_2008-EX-10-LICENSE AND HOSTING AGREEMENT,8824,16,22,21,0.9545454545454546
train,paragraph_600_overlap_100,MidwestEnergyEmissionsCorp_20080604_8-K_EX-10.2_3093976_EX-10.2_Content License Agreement,5199,10,31,31,1.0
train,paragraph_600_overlap_100,HYDRONTECHNOLOGIESINC_03_31_1997-EX-10.47-SPONSORSHIP AGREEMENT,4114,8,14,14,1.0
train,paragraph_600_overlap_100,CcRealEstateIncomeFundadv_20181205_POS 8C_EX-99.(H)(3)_11447739_EX-99.(H)(3)_Marketing Agreement,4695,11,14,14,1.0
train,paragraph_600_overlap_100,"BLUEROCKRESIDENTIALGROWTHREIT,INC_06_01_2016-EX-1.1-AGENCY AGREEMENT",20909,47,17,16,0.9411764705882353
train,paragraph_600_overlap_100,"TALLGRASSENERGY,LP_02_20_2020-EX-99.26-JOINT FILING AGREEMENT",621,2,12,12,1.0
train,paragraph_600_overlap_100,KINGPHARMACEUTICALSINC_08_09_2006-EX-10.1-PROMOTION AGREEMENT,26840,50,64,64,1.0
train,paragraph_600_overlap_100,PerformanceSportsBrandsInc_20110909_S-1_EX-10.10_7220214_EX-10.10_Endorsement Agreement,4118,8,24,24,1.0
test,fixed_300_no_overlap,LohaCompanyltd_20191209_F-1_EX-10.16_11917878_EX-10.16_Supply Agreement,1880,7,7,5,0.7142857142857143
test,fixed_300_no_overlap,CENTRACKINTERNATIONALINC_10_29_1999-EX-10.3-WEB SITE HOSTING AGREEMENT,2280,8,17,17,1.0
test,fixed_300_no_overlap,DovaPharmaceuticalsInc_20181108_10-Q_EX-10.2_11414857_EX-10.2_Promotion Agreement,26789,90,51,42,0.8235294117647058
test,fixed_300_no_overlap,"PACIRA PHARMACEUTICALS, INC. - A_R STRATEGIC LICENSING, DISTRIBUTION AND MARKETING AGREEMENT ",22756,76,83,62,0.7469879518072289
test,fixed_300_no_overlap,ThriventVariableInsuranceAccountB_20190701_N-6_EX-99.D(IV)_11720968_EX-99.D(IV)_Endorsement Agreement,735,3,5,5,1.0
test,fixed_300_no_overlap,"HERTZGLOBALHOLDINGS,INC_07_07_2016-EX-10.4-INTELLECTUAL PROPERTY AGREEMENT",4904,17,30,28,0.9333333333333333
test,fixed_300_no_overlap,TUNIUCORP_03_06_2014-EX-10-COOPERATION AGREEMENT,2760,10,21,19,0.9047619047619048
test,fixed_300_no_overlap,CYBERIANOUTPOSTINC_07_09_1998-EX-10.13-PROMOTION AGREEMENT,3450,12,22,17,0.7727272727272727
test,fixed_300_no_overlap,MSCIINC_02_28_2008-EX-10.10-,1851,7,18,17,0.9444444444444444
test,fixed_300_no_overlap,CHERRYHILLMORTGAGEINVESTMENTCORP_09_26_2013-EX-10.1-Strategic Alliance Agreement,4441,15,9,9,1.0
test,fixed_300_no_overlap,"WASTE2ENERGYHOLDINGS,INC_06_03_2010-EX-10.2-STRATEGIC ALLIANCE AGREEMENT",6187,21,16,15,0.9375
test,fixed_300_no_overlap,GridironBionutrientsInc_20171206_8-K_EX-10.2_10972556_EX-10.2_Endorsement Agreement,529,2,12,11,0.9166666666666666
test,fixed_300_no_overlap,FreezeTagInc_20180411_8-K_EX-10.1_11139603_EX-10.1_Sponsorship Agreement,4102,14,23,22,0.9565217391304348
test,fixed_300_no_overlap,WEBHELPCOMINC_03_22_2000-EX-10.8-HOSTING AGREEMENT,2955,10,20,17,0.85
test,fixed_300_no_overlap,"Columbia Laboratories, (Bermuda) Ltd. - AMEND NO. 2 TO MANUFACTURING AND SUPPLY AGREEMENT",7145,24,21,20,0.9523809523809523
test,fixed_300_no_overlap,N2KINC_10_16_1997-EX-10.16-SPONSORSHIP AGREEMENT,5558,19,40,37,0.925
test,fixed_300_no_overlap,ArconicRolledProductsCorp_20191217_10-12B_EX-2.7_11923804_EX-2.7_Trademark License Agreement,2828,10,20,18,0.9
test,fixed_300_no_overlap,STWRESOURCESHOLDINGCORP_08_06_2014-EX-10.1-COOPERATION AGREEMENT,4448,15,25,21,0.84
test,fixed_300_no_overlap,HarpoonTherapeuticsInc_20200312_10-K_EX-10.18_12051356_EX-10.18_Development Agreement,38518,129,70,57,0.8142857142857143
test,fixed_300_no_overlap,CardlyticsInc_20180112_S-1_EX-10.16_11002987_EX-10.16_Maintenance Agreement3,251,1,7,7,1.0
test,fixed_300_no_overlap,AIRSPANNETWORKSINC_04_11_2000-EX-10.5-Distributor Agreement,10292,35,43,39,0.9069767441860465
test,fixed_300_no_overlap,GRANTIERRAENERGYINC_05_07_2012-EX-10.6-TRANSPORTATION CONTRACT,35339,118,33,31,0.9393939393939394
test,fixed_300_no_overlap,"VIVINT SOLAR, INC. - NON-COMPETITION AGREEMENT",506,2,8,8,1.0
test,fixed_300_no_overlap,CHIPMOSTECHNOLOGIESBERMUDALTD_04_18_2016-EX-4.72-Strategic Alliance Agreement,2026,7,11,10,0.9090909090909091
test,fixed_300_no_overlap,RitterPharmaceuticalsInc_20200313_S-4A_EX-10.54_12055220_EX-10.54_Development Agreement,18871,63,49,40,0.8163265306122449
test,fixed_300_no_overlap,AMBASSADOREYEWEARGROUPINC_11_17_1997-EX-10.28-ENDORSEMENT AGREEMENT,5780,20,40,35,0.875
test,fixed_300_no_overlap,USASYNTHETICFUELCORP_10_21_2010-EX-10.10-STRATEGIC ALLIANCE AGREEMENT,8033,27,19,17,0.8947368421052632
test,fixed_300_no_overlap,WESTERN COPPER - NON-COMPETITION AGREEMENT,2626,9,17,15,0.8823529411764706
test,fixed_300_no_overlap,"HEMISPHERX - Sales, Marketing, Distribution, and Supply Agreement",10901,37,43,39,0.9069767441860465
test,fixed_300_no_overlap,MphaseTechnologiesInc_20030911_10-K_EX-10.15_1560667_EX-10.15_Co-Branding Agreement,1169,4,14,14,1.0
test,fixed_300_no_overlap,"BABCOCK_WILCOXENTERPRISES,INC_08_04_2015-EX-10.17-INTELLECTUAL PROPERTY AGREEMENT between THE BABCOCK _ WILCOX COMPANY and BABCOCK _ WILCOX ENTERPRISES, INC.",16565,56,55,39,0.7090909090909091
test,fixed_300_no_overlap,"VAPOTHERM, INC. - Manufacturing and Supply Agreement",11847,40,24,23,0.9583333333333334
test,fixed_300_no_overlap,PLAYAHOTELS_RESORTSNV_03_14_2017-EX-10.22-STRATEGIC ALLIANCE AGREEMENT (Hyatt Ziva Cancun),3543,12,17,12,0.7058823529411765
test,fixed_300_no_overlap,"SPOKHOLDINGS,INC_06_19_2020-EX-10.1-COOPERATION AGREEMENT",2842,10,13,12,0.9230769230769231
test,fixed_300_no_overlap,RMRGROUPINC_01_22_2020-EX-99.1-JOINT FILING AGREEMENT,109,1,4,4,1.0
test,fixed_300_no_overlap,PRIMEENERGYRESOURCESCORP_04_02_2007-EX-10.28-COMPLETION AND LIQUIDITY MAINTENANCE AGREEMENT,742,3,10,10,1.0
test,fixed_300_no_overlap,AgapeAtpCorp_20191202_10-KA_EX-10.1_11911128_EX-10.1_Supply Agreement,3292,11,31,29,0.9354838709677419
test,fixed_300_no_overlap,PhoenixNewMediaLtd_20110421_F-1_EX-10.17_6958322_EX-10.17_Content License Agreement,3908,14,20,18,0.9
test,fixed_300_no_overlap,"ONEMAINHOLDINGS,INC_02_20_2020-EX-99.D-JOINT FILING AGREEMENT",944,4,15,15,1.0
test,fixed_300_no_overlap,BerkshireHillsBancorpInc_20120809_10-Q_EX-10.16_7708169_EX-10.16_Endorsement Agreement,4466,15,23,22,0.9565217391304348
test,fixed_300_no_overlap,VALENCETECHNOLOGYINC_02_14_2003-EX-10-JOINT VENTURE CONTRACT,11008,37,24,20,0.8333333333333334
test,fixed_300_no_overlap,Quaker Chemical Corporation - NON COMPETITION AND NON SOLICITATION AGREEMENT,3488,12,21,21,1.0
test,fixed_300_no_overlap,GpaqAcquisitionHoldingsInc_20200123_S-4A_EX-10.8_11951679_EX-10.8_Service Agreement,8649,29,28,24,0.8571428571428571
test,fixed_300_no_overlap,"SUCAMPOPHARMACEUTICALS,INC_11_04_2015-EX-10.2-STRATEGIC ALLIANCE AGREEMENT",9629,33,14,11,0.7857142857142857
test,fixed_300_no_overlap,KENTUCKYUTILITIESCO_03_25_2003-EX-10.65-TRANSPORTATION AGREEMENT,2578,9,15,15,1.0
test,fixed_300_no_overlap,AFSALABANCORPINC_08_01_1996-EX-1.1-AGENCY AGREEMENT,17813,60,22,18,0.8181818181818182
test,fixed_300_no_overlap,SigaTechnologiesInc_20190603_8-K_EX-10.1_11695818_EX-10.1_Promotion Agreement,22348,75,42,32,0.7619047619047619
test,fixed_300_no_overlap,HPILHOLDING_01_07_2015-EX-99.1-COOPERATION AGREEMENT,2626,9,14,13,0.9285714285714286
test,fixed_300_no_overlap,FEDERATEDGOVERNMENTINCOMESECURITIESINC_04_28_2020-EX-99.SERV AGREE-SERVICES AGREEMENT_POWEROF,2213,8,9,8,0.8888888888888888
test,fixed_300_no_overlap,"CURAEGISTECHNOLOGIES,INC_05_26_2010-EX-1-CORPORATE SPONSORSHIP AGREEMENT",1975,7,19,17,0.8947368421052632
test,fixed_300_no_overlap,GridironBionutrientsInc_20171206_8-K_EX-10.1_10972555_EX-10.1_Endorsement Agreement,4601,16,29,27,0.9310344827586207
test,fixed_300_no_overlap,WOMENSGOLFUNLIMITEDINC_03_29_2000-EX-10.13-ENDORSEMENT AGREEMENT,4539,16,48,40,0.8333333333333334
test,fixed_300_no_overlap,ScansourceInc_20190509_10-Q_EX-10.2_11661422_EX-10.2_Distributor Agreement,2131,8,21,20,0.9523809523809523
test,fixed_300_no_overlap,SoupmanInc_20150814_8-K_EX-10.1_9230148_EX-10.1_Franchise Agreement4,492,2,4,4,1.0
test,fixed_300_no_overlap,BOLIVARMININGCORP_05_23_2003-EX-2.1-VISP WEB SITE BUILDING AND HOSTING AGREEMENT,1736,6,14,13,0.9285714285714286
test,fixed_300_no_overlap,"GALERATHERAPEUTICS,INC_02_14_2020-EX-99.A-JOINT FILING AGREEMENT",623,3,14,14,1.0
test,fixed_300_no_overlap,"Reinsurance Group of America, Incorporated - A_R REMARKETING  AGREEMENT",16074,54,21,20,0.9523809523809523
test,fixed_300_no_overlap,PaperexchangeComInc_20000322_S-1A_EX-10.4_5202103_EX-10.4_Co-Branding Agreement,12480,42,62,58,0.9354838709677419
test,fixed_300_no_overlap,BIOPURECORP_06_30_1999-EX-10.13-AGENCY AGREEMENT,5757,20,28,23,0.8214285714285714
test,fixed_300_no_overlap,TRIZETTOGROUPINC_08_18_1999-EX-10.17-TECHNICAL INFRASTRUCTURE MAINTENANCE AGREEMENT,2208,8,18,17,0.9444444444444444
test,fixed_300_no_overlap,"SPIENERGYCO,LTD_07_10_2014-EX-10-Cooperation Agreement of 50MWp Photovoltaic Grid-connected Power Generation Project in Yangqiao of~1",413,2,6,6,1.0
test,fixed_300_no_overlap,SoupmanInc_20150814_8-K_EX-10.1_9230148_EX-10.1_Franchise Agreement1,22750,76,81,65,0.8024691358024691
test,fixed_300_no_overlap,IntegrityMediaInc_20010329_10-K405_EX-10.17_2373875_EX-10.17_Co-Branding Agreement,3545,12,30,24,0.8
test,fixed_300_no_overlap,WatchitMediaInc_20061201_8-K_EX-10.1_4148672_EX-10.1_Content License Agreement,342,2,8,7,0.875
test,fixed_300_no_overlap,"OMINTO,INC_03_29_2004-EX-10-RESELLER AGREEMENT",3983,14,22,22,1.0
test,fixed_300_no_overlap,"GSITECHNOLOGYINC_11_16_2009-EX-10.2-INTELLECTUAL PROPERTY AGREEMENT between SONY ELECTRONICS INC. and GSI TECHNOLOGY, INC.",5558,19,24,21,0.875
test,fixed_300_no_overlap,MusclepharmCorp_20170208_10-KA_EX-10.38_9893581_EX-10.38_Co-Branding Agreement,13393,45,72,65,0.9027777777777778
test,fixed_300_no_overlap,"PAXMEDICA,INC_07_02_2020-EX-10.12-Master Service Agreement",2694,9,21,19,0.9047619047619048
test,fixed_300_no_overlap,"DRIVENDELIVERIES,INC_05_22_2020-EX-10.4-CONSULTING AGREEMENT",4188,14,24,22,0.9166666666666666
test,fixed_300_no_overlap,"HALITRON,INC_03_01_2005-EX-10.15-SPONSORSHIP AND DEVELOPMENT AGREEMENT",4429,15,32,29,0.90625
test,fixed_300_no_overlap,WestPharmaceuticalServicesInc_20200116_8-K_EX-10.1_11947529_EX-10.1_Supply Agreement,12651,43,43,36,0.8372093023255814
test,fixed_300_no_overlap,PANDIONTHERAPEUTICSHOLDCOLLC_05_22_2020-EX-10.17-CONSULTING AGREEMENT,3527,12,23,17,0.7391304347826086
test,fixed_300_no_overlap,BizzingoInc_20120322_8-K_EX-10.17_7504499_EX-10.17_Endorsement Agreement,3696,13,23,18,0.782608695652174
test,fixed_300_no_overlap,PHLVARIABLEINSURANCECOCT_08_17_2009-EX-10.1-STRATEGIC ALLIANCE AGREEMENT,15724,53,26,24,0.9230769230769231
test,fixed_300_no_overlap,"MFAFINANCIAL,INC_07_06_2020-EX-99.D-JOINT FILING AGREEMENT",578,2,21,21,1.0
test,fixed_300_no_overlap,PROFOUNDMEDICALCORP_08_29_2019-EX-4.5-SUPPLY AGREEMENT,10152,34,32,26,0.8125
test,fixed_300_no_overlap,TRICITYBANKSHARESCORP_05_15_1998-EX-10-OUTSOURCING AGREEMENT,15402,52,38,31,0.8157894736842105
test,fixed_300_no_overlap,"HC2HOLDINGS,INC_05_14_2020-EX-10.1-COOPERATION AGREEMENT",8562,29,16,14,0.875
test,fixed_300_no_overlap,Monsanto Company - SECOND A_R EXCLUSIVE AGENCY AND MARKETING AGREEMENT ,33833,113,95,75,0.7894736842105263
test,fixed_300_no_overlap,ElPolloLocoHoldingsInc_20200306_10-K_EX-10.16_12041700_EX-10.16_Development Agreement,9315,32,33,29,0.8787878787878788
test,fixed_300_no_overlap,ACCELERATEDTECHNOLOGIESHOLDINGCORP_04_24_2003-EX-10.13-JOINT VENTURE AGREEMENT,1911,7,13,9,0.6923076923076923
test,fixed_300_no_overlap,SEASPINEHOLDINGSCORP_10_10_2018-EX-10.1-SUPPLY AGREEMENT,10675,36,37,32,0.8648648648648649
test,fixed_300_no_overlap,HfEnterprisesInc_20191223_S-1_EX-10.22_11931299_EX-10.22_Development Agreement,2923,10,23,20,0.8695652173913043
test,fixed_300_no_overlap,ICORECONNECTINC_10_13_2010-EX-7.1-Strategic Alliance Agreement,3913,14,21,21,1.0
test,fixed_300_no_overlap,TEARDROPGOLFCO_10_23_1996-EX-10.12-ENDORSEMENT AGREEMENT,3682,13,24,22,0.9166666666666666
test,fixed_300_no_overlap,ScansourceInc_20190822_10-K_EX-10.39_11793959_EX-10.39_Distributor Agreement,1605,6,7,7,1.0
test,fixed_300_no_overlap,LOOKSMARTLTD_07_20_2012-EX-99.(D)(I)-SPONSORSHIP AGREEMENT,3945,14,14,13,0.9285714285714286
test,fixed_300_no_overlap,PcquoteComInc_19990721_S-1A_EX-10.11_6377149_EX-10.11_Co-Branding Agreement2,123,1,7,7,1.0
test,fixed_300_no_overlap,IMPCOTECHNOLOGIESINC_04_15_2003-EX-10.65-JOINT VENTURE AGREEMENT,10211,35,22,19,0.8636363636363636
test,fixed_300_no_overlap,EbixInc_20010515_10-Q_EX-10.3_4049767_EX-10.3_Co-Branding Agreement,6272,21,28,24,0.8571428571428571
test,fixed_300_no_overlap,EcoScienceSolutionsInc_20180406_8-K_EX-10.1_11135398_EX-10.1_Sponsorship Agreement,1236,5,11,11,1.0
test,fixed_300_no_overlap,"GOOSEHEADINSURANCE,INC_04_02_2018-EX-10.6-Franchise Agreement",47733,160,97,80,0.8247422680412371
test,fixed_300_no_overlap,IdeanomicsInc_20151124_8-K_EX-10.2_9354744_EX-10.2_Content License Agreement,5426,19,24,21,0.875
test,fixed_300_no_overlap,"PRECIGEN,INC_01_22_2020-EX-99.1-JOINT FILING AGREEMENT",145,1,4,4,1.0
test,fixed_300_no_overlap,PhotronicsInc_20171219_10-QA_EX-10.28_10982650_EX-10.28_Outsourcing Agreement,3937,14,19,16,0.8421052631578947
test,fixed_300_no_overlap,EMERALDHEALTHTHERAPEUTICSINC_06_10_2020-EX-4.5-CONSULTING AGREEMENT - DR. GAETANO MORELLO N.D. INC.,3192,11,13,13,1.0
test,fixed_300_no_overlap,PcquoteComInc_19990721_S-1A_EX-10.11_6377149_EX-10.11_Co-Branding Agreement1,3025,11,15,15,1.0
test,fixed_300_no_overlap,ALCOSTORESINC_12_14_2005-EX-10.26-AGENCY AGREEMENT,1807,7,11,10,0.9090909090909091
test,fixed_300_no_overlap,INGEVITYCORP_05_16_2016-EX-10.5-INTELLECTUAL PROPERTY AGREEMENT,9967,34,41,31,0.7560975609756098
test,fixed_300_no_overlap,"NOVOINTEGRATEDSCIENCES,INC_12_23_2019-EX-10.1-JOINT VENTURE AGREEMENT",3412,12,19,17,0.8947368421052632
test,fixed_300_no_overlap,XinhuaSportsEntertainmentLtd_20070221_F-1_EX-99.4_645553_EX-99.4_Content License Agreement,2472,9,26,26,1.0
test,fixed_300_no_overlap,MERITLIFEINSURANCECO_06_19_2020-EX-10.(XIV)-MASTER SERVICES AGREEMENT,3328,12,24,22,0.9166666666666666
test,fixed_500_no_overlap,LohaCompanyltd_20191209_F-1_EX-10.16_11917878_EX-10.16_Supply Agreement,1880,4,7,7,1.0
test,fixed_500_no_overlap,CENTRACKINTERNATIONALINC_10_29_1999-EX-10.3-WEB SITE HOSTING AGREEMENT,2280,5,17,17,1.0
test,fixed_500_no_overlap,DovaPharmaceuticalsInc_20181108_10-Q_EX-10.2_11414857_EX-10.2_Promotion Agreement,26789,54,51,46,0.9019607843137255
test,fixed_500_no_overlap,"PACIRA PHARMACEUTICALS, INC. - A_R STRATEGIC LICENSING, DISTRIBUTION AND MARKETING AGREEMENT ",22756,46,83,76,0.9156626506024096
test,fixed_500_no_overlap,ThriventVariableInsuranceAccountB_20190701_N-6_EX-99.D(IV)_11720968_EX-99.D(IV)_Endorsement Agreement,735,2,5,5,1.0
test,fixed_500_no_overlap,"HERTZGLOBALHOLDINGS,INC_07_07_2016-EX-10.4-INTELLECTUAL PROPERTY AGREEMENT",4904,10,30,30,1.0
test,fixed_500_no_overlap,TUNIUCORP_03_06_2014-EX-10-COOPERATION AGREEMENT,2760,6,21,19,0.9047619047619048
test,fixed_500_no_overlap,CYBERIANOUTPOSTINC_07_09_1998-EX-10.13-PROMOTION AGREEMENT,3450,7,22,22,1.0
test,fixed_500_no_overlap,MSCIINC_02_28_2008-EX-10.10-,1851,4,18,16,0.8888888888888888
test,fixed_500_no_overlap,CHERRYHILLMORTGAGEINVESTMENTCORP_09_26_2013-EX-10.1-Strategic Alliance Agreement,4441,9,9,9,1.0
test,fixed_500_no_overlap,"WASTE2ENERGYHOLDINGS,INC_06_03_2010-EX-10.2-STRATEGIC ALLIANCE AGREEMENT",6187,13,16,14,0.875
test,fixed_500_no_overlap,GridironBionutrientsInc_20171206_8-K_EX-10.2_10972556_EX-10.2_Endorsement Agreement,529,2,12,12,1.0
test,fixed_500_no_overlap,FreezeTagInc_20180411_8-K_EX-10.1_11139603_EX-10.1_Sponsorship Agreement,4102,9,23,22,0.9565217391304348
test,fixed_500_no_overlap,WEBHELPCOMINC_03_22_2000-EX-10.8-HOSTING AGREEMENT,2955,6,20,19,0.95
test,fixed_500_no_overlap,"Columbia Laboratories, (Bermuda) Ltd. - AMEND NO. 2 TO MANUFACTURING AND SUPPLY AGREEMENT",7145,15,21,20,0.9523809523809523
test,fixed_500_no_overlap,N2KINC_10_16_1997-EX-10.16-SPONSORSHIP AGREEMENT,5558,12,40,37,0.925
test,fixed_500_no_overlap,ArconicRolledProductsCorp_20191217_10-12B_EX-2.7_11923804_EX-2.7_Trademark License Agreement,2828,6,20,18,0.9
test,fixed_500_no_overlap,STWRESOURCESHOLDINGCORP_08_06_2014-EX-10.1-COOPERATION AGREEMENT,4448,9,25,23,0.92
test,fixed_500_no_overlap,HarpoonTherapeuticsInc_20200312_10-K_EX-10.18_12051356_EX-10.18_Development Agreement,38518,78,70,59,0.8428571428571429
test,fixed_500_no_overlap,CardlyticsInc_20180112_S-1_EX-10.16_11002987_EX-10.16_Maintenance Agreement3,251,1,7,7,1.0
test,fixed_500_no_overlap,AIRSPANNETWORKSINC_04_11_2000-EX-10.5-Distributor Agreement,10292,21,43,37,0.8604651162790697
test,fixed_500_no_overlap,GRANTIERRAENERGYINC_05_07_2012-EX-10.6-TRANSPORTATION CONTRACT,35339,71,33,31,0.9393939393939394
test,fixed_500_no_overlap,"VIVINT SOLAR, INC. - NON-COMPETITION AGREEMENT",506,2,8,8,1.0
test,fixed_500_no_overlap,CHIPMOSTECHNOLOGIESBERMUDALTD_04_18_2016-EX-4.72-Strategic Alliance Agreement,2026,5,11,11,1.0
test,fixed_500_no_overlap,RitterPharmaceuticalsInc_20200313_S-4A_EX-10.54_12055220_EX-10.54_Development Agreement,18871,38,49,43,0.8775510204081632
test,fixed_500_no_overlap,AMBASSADOREYEWEARGROUPINC_11_17_1997-EX-10.28-ENDORSEMENT AGREEMENT,5780,12,40,38,0.95
test,fixed_500_no_overlap,USASYNTHETICFUELCORP_10_21_2010-EX-10.10-STRATEGIC ALLIANCE AGREEMENT,8033,17,19,17,0.8947368421052632
test,fixed_500_no_overlap,WESTERN COPPER - NON-COMPETITION AGREEMENT,2626,6,17,16,0.9411764705882353
test,fixed_500_no_overlap,"HEMISPHERX - Sales, Marketing, Distribution, and Supply Agreement",10901,22,43,41,0.9534883720930233
test,fixed_500_no_overlap,MphaseTechnologiesInc_20030911_10-K_EX-10.15_1560667_EX-10.15_Co-Branding Agreement,1169,3,14,14,1.0
test,fixed_500_no_overlap,"BABCOCK_WILCOXENTERPRISES,INC_08_04_2015-EX-10.17-INTELLECTUAL PROPERTY AGREEMENT between THE BABCOCK _ WILCOX COMPANY and BABCOCK _ WILCOX ENTERPRISES, INC.",16565,34,55,46,0.8363636363636363
test,fixed_500_no_overlap,"VAPOTHERM, INC. - Manufacturing and Supply Agreement",11847,24,24,19,0.7916666666666666
test,fixed_500_no_overlap,PLAYAHOTELS_RESORTSNV_03_14_2017-EX-10.22-STRATEGIC ALLIANCE AGREEMENT (Hyatt Ziva Cancun),3543,8,17,15,0.8823529411764706
test,fixed_500_no_overlap,"SPOKHOLDINGS,INC_06_19_2020-EX-10.1-COOPERATION AGREEMENT",2842,6,13,13,1.0
test,fixed_500_no_overlap,RMRGROUPINC_01_22_2020-EX-99.1-JOINT FILING AGREEMENT,109,1,4,4,1.0
test,fixed_500_no_overlap,PRIMEENERGYRESOURCESCORP_04_02_2007-EX-10.28-COMPLETION AND LIQUIDITY MAINTENANCE AGREEMENT,742,2,10,10,1.0
test,fixed_500_no_overlap,AgapeAtpCorp_20191202_10-KA_EX-10.1_11911128_EX-10.1_Supply Agreement,3292,7,31,28,0.9032258064516129
test,fixed_500_no_overlap,PhoenixNewMediaLtd_20110421_F-1_EX-10.17_6958322_EX-10.17_Content License Agreement,3908,8,20,17,0.85
test,fixed_500_no_overlap,"ONEMAINHOLDINGS,INC_02_20_2020-EX-99.D-JOINT FILING AGREEMENT",944,2,15,15,1.0
test,fixed_500_no_overlap,BerkshireHillsBancorpInc_20120809_10-Q_EX-10.16_7708169_EX-10.16_Endorsement Agreement,4466,9,23,22,0.9565217391304348
test,fixed_500_no_overlap,VALENCETECHNOLOGYINC_02_14_2003-EX-10-JOINT VENTURE CONTRACT,11008,23,24,22,0.9166666666666666
test,fixed_500_no_overlap,Quaker Chemical Corporation - NON COMPETITION AND NON SOLICITATION AGREEMENT,3488,7,21,19,0.9047619047619048
test,fixed_500_no_overlap,GpaqAcquisitionHoldingsInc_20200123_S-4A_EX-10.8_11951679_EX-10.8_Service Agreement,8649,18,28,24,0.8571428571428571
test,fixed_500_no_overlap,"SUCAMPOPHARMACEUTICALS,INC_11_04_2015-EX-10.2-STRATEGIC ALLIANCE AGREEMENT",9629,20,14,13,0.9285714285714286
test,fixed_500_no_overlap,KENTUCKYUTILITIESCO_03_25_2003-EX-10.65-TRANSPORTATION AGREEMENT,2578,6,15,15,1.0
test,fixed_500_no_overlap,AFSALABANCORPINC_08_01_1996-EX-1.1-AGENCY AGREEMENT,17813,36,22,19,0.8636363636363636
test,fixed_500_no_overlap,SigaTechnologiesInc_20190603_8-K_EX-10.1_11695818_EX-10.1_Promotion Agreement,22348,45,42,34,0.8095238095238095
test,fixed_500_no_overlap,HPILHOLDING_01_07_2015-EX-99.1-COOPERATION AGREEMENT,2626,6,14,13,0.9285714285714286
test,fixed_500_no_overlap,FEDERATEDGOVERNMENTINCOMESECURITIESINC_04_28_2020-EX-99.SERV AGREE-SERVICES AGREEMENT_POWEROF,2213,5,9,9,1.0
test,fixed_500_no_overlap,"CURAEGISTECHNOLOGIES,INC_05_26_2010-EX-1-CORPORATE SPONSORSHIP AGREEMENT",1975,4,19,19,1.0
test,fixed_500_no_overlap,GridironBionutrientsInc_20171206_8-K_EX-10.1_10972555_EX-10.1_Endorsement Agreement,4601,10,29,28,0.9655172413793104
test,fixed_500_no_overlap,WOMENSGOLFUNLIMITEDINC_03_29_2000-EX-10.13-ENDORSEMENT AGREEMENT,4539,10,48,46,0.9583333333333334
test,fixed_500_no_overlap,ScansourceInc_20190509_10-Q_EX-10.2_11661422_EX-10.2_Distributor Agreement,2131,5,21,21,1.0
test,fixed_500_no_overlap,SoupmanInc_20150814_8-K_EX-10.1_9230148_EX-10.1_Franchise Agreement4,492,1,4,4,1.0
test,fixed_500_no_overlap,BOLIVARMININGCORP_05_23_2003-EX-2.1-VISP WEB SITE BUILDING AND HOSTING AGREEMENT,1736,4,14,13,0.9285714285714286
test,fixed_500_no_overlap,"GALERATHERAPEUTICS,INC_02_14_2020-EX-99.A-JOINT FILING AGREEMENT",623,2,14,14,1.0
test,fixed_500_no_overlap,"Reinsurance Group of America, Incorporated - A_R REMARKETING  AGREEMENT",16074,33,21,20,0.9523809523809523
test,fixed_500_no_overlap,PaperexchangeComInc_20000322_S-1A_EX-10.4_5202103_EX-10.4_Co-Branding Agreement,12480,25,62,55,0.8870967741935484
test,fixed_500_no_overlap,BIOPURECORP_06_30_1999-EX-10.13-AGENCY AGREEMENT,5757,12,28,25,0.8928571428571429
test,fixed_500_no_overlap,TRIZETTOGROUPINC_08_18_1999-EX-10.17-TECHNICAL INFRASTRUCTURE MAINTENANCE AGREEMENT,2208,5,18,17,0.9444444444444444
test,fixed_500_no_overlap,"SPIENERGYCO,LTD_07_10_2014-EX-10-Cooperation Agreement of 50MWp Photovoltaic Grid-connected Power Generation Project in Yangqiao of~1",413,1,6,6,1.0
test,fixed_500_no_overlap,SoupmanInc_20150814_8-K_EX-10.1_9230148_EX-10.1_Franchise Agreement1,22750,46,81,74,0.9135802469135802
test,fixed_500_no_overlap,IntegrityMediaInc_20010329_10-K405_EX-10.17_2373875_EX-10.17_Co-Branding Agreement,3545,8,30,27,0.9
test,fixed_500_no_overlap,WatchitMediaInc_20061201_8-K_EX-10.1_4148672_EX-10.1_Content License Agreement,342,1,8,8,1.0
test,fixed_500_no_overlap,"OMINTO,INC_03_29_2004-EX-10-RESELLER AGREEMENT",3983,8,22,22,1.0
test,fixed_500_no_overlap,"GSITECHNOLOGYINC_11_16_2009-EX-10.2-INTELLECTUAL PROPERTY AGREEMENT between SONY ELECTRONICS INC. and GSI TECHNOLOGY, INC.",5558,12,24,24,1.0
test,fixed_500_no_overlap,MusclepharmCorp_20170208_10-KA_EX-10.38_9893581_EX-10.38_Co-Branding Agreement,13393,27,72,65,0.9027777777777778
test,fixed_500_no_overlap,"PAXMEDICA,INC_07_02_2020-EX-10.12-Master Service Agreement",2694,6,21,20,0.9523809523809523
test,fixed_500_no_overlap,"DRIVENDELIVERIES,INC_05_22_2020-EX-10.4-CONSULTING AGREEMENT",4188,9,24,24,1.0
test,fixed_500_no_overlap,"HALITRON,INC_03_01_2005-EX-10.15-SPONSORSHIP AND DEVELOPMENT AGREEMENT",4429,9,32,30,0.9375
test,fixed_500_no_overlap,WestPharmaceuticalServicesInc_20200116_8-K_EX-10.1_11947529_EX-10.1_Supply Agreement,12651,26,43,40,0.9302325581395349
test,fixed_500_no_overlap,PANDIONTHERAPEUTICSHOLDCOLLC_05_22_2020-EX-10.17-CONSULTING AGREEMENT,3527,8,23,21,0.9130434782608695
test,fixed_500_no_overlap,BizzingoInc_20120322_8-K_EX-10.17_7504499_EX-10.17_Endorsement Agreement,3696,8,23,23,1.0
test,fixed_500_no_overlap,PHLVARIABLEINSURANCECOCT_08_17_2009-EX-10.1-STRATEGIC ALLIANCE AGREEMENT,15724,32,26,21,0.8076923076923077
test,fixed_500_no_overlap,"MFAFINANCIAL,INC_07_06_2020-EX-99.D-JOINT FILING AGREEMENT",578,2,21,20,0.9523809523809523
test,fixed_500_no_overlap,PROFOUNDMEDICALCORP_08_29_2019-EX-4.5-SUPPLY AGREEMENT,10152,21,32,27,0.84375
test,fixed_500_no_overlap,TRICITYBANKSHARESCORP_05_15_1998-EX-10-OUTSOURCING AGREEMENT,15402,31,38,34,0.8947368421052632
test,fixed_500_no_overlap,"HC2HOLDINGS,INC_05_14_2020-EX-10.1-COOPERATION AGREEMENT",8562,18,16,15,0.9375
test,fixed_500_no_overlap,Monsanto Company - SECOND A_R EXCLUSIVE AGENCY AND MARKETING AGREEMENT ,33833,68,95,77,0.8105263157894737
test,fixed_500_no_overlap,ElPolloLocoHoldingsInc_20200306_10-K_EX-10.16_12041700_EX-10.16_Development Agreement,9315,19,33,29,0.8787878787878788
test,fixed_500_no_overlap,ACCELERATEDTECHNOLOGIESHOLDINGCORP_04_24_2003-EX-10.13-JOINT VENTURE AGREEMENT,1911,4,13,12,0.9230769230769231
test,fixed_500_no_overlap,SEASPINEHOLDINGSCORP_10_10_2018-EX-10.1-SUPPLY AGREEMENT,10675,22,37,35,0.9459459459459459
test,fixed_500_no_overlap,HfEnterprisesInc_20191223_S-1_EX-10.22_11931299_EX-10.22_Development Agreement,2923,6,23,22,0.9565217391304348
test,fixed_500_no_overlap,ICORECONNECTINC_10_13_2010-EX-7.1-Strategic Alliance Agreement,3913,8,21,21,1.0
test,fixed_500_no_overlap,TEARDROPGOLFCO_10_23_1996-EX-10.12-ENDORSEMENT AGREEMENT,3682,8,24,23,0.9583333333333334
test,fixed_500_no_overlap,ScansourceInc_20190822_10-K_EX-10.39_11793959_EX-10.39_Distributor Agreement,1605,4,7,7,1.0
test,fixed_500_no_overlap,LOOKSMARTLTD_07_20_2012-EX-99.(D)(I)-SPONSORSHIP AGREEMENT,3945,8,14,14,1.0
test,fixed_500_no_overlap,PcquoteComInc_19990721_S-1A_EX-10.11_6377149_EX-10.11_Co-Branding Agreement2,123,1,7,7,1.0
test,fixed_500_no_overlap,IMPCOTECHNOLOGIESINC_04_15_2003-EX-10.65-JOINT VENTURE AGREEMENT,10211,21,22,19,0.8636363636363636
test,fixed_500_no_overlap,EbixInc_20010515_10-Q_EX-10.3_4049767_EX-10.3_Co-Branding Agreement,6272,13,28,25,0.8928571428571429
test,fixed_500_no_overlap,EcoScienceSolutionsInc_20180406_8-K_EX-10.1_11135398_EX-10.1_Sponsorship Agreement,1236,3,11,10,0.9090909090909091
test,fixed_500_no_overlap,"GOOSEHEADINSURANCE,INC_04_02_2018-EX-10.6-Franchise Agreement",47733,96,97,86,0.8865979381443299
test,fixed_500_no_overlap,IdeanomicsInc_20151124_8-K_EX-10.2_9354744_EX-10.2_Content License Agreement,5426,11,24,24,1.0
test,fixed_500_no_overlap,"PRECIGEN,INC_01_22_2020-EX-99.1-JOINT FILING AGREEMENT",145,1,4,4,1.0
test,fixed_500_no_overlap,PhotronicsInc_20171219_10-QA_EX-10.28_10982650_EX-10.28_Outsourcing Agreement,3937,8,19,17,0.8947368421052632
test,fixed_500_no_overlap,EMERALDHEALTHTHERAPEUTICSINC_06_10_2020-EX-4.5-CONSULTING AGREEMENT - DR. GAETANO MORELLO N.D. INC.,3192,7,13,13,1.0
test,fixed_500_no_overlap,PcquoteComInc_19990721_S-1A_EX-10.11_6377149_EX-10.11_Co-Branding Agreement1,3025,7,15,15,1.0
test,fixed_500_no_overlap,ALCOSTORESINC_12_14_2005-EX-10.26-AGENCY AGREEMENT,1807,4,11,10,0.9090909090909091
test,fixed_500_no_overlap,INGEVITYCORP_05_16_2016-EX-10.5-INTELLECTUAL PROPERTY AGREEMENT,9967,20,41,33,0.8048780487804879
test,fixed_500_no_overlap,"NOVOINTEGRATEDSCIENCES,INC_12_23_2019-EX-10.1-JOINT VENTURE AGREEMENT",3412,7,19,19,1.0
test,fixed_500_no_overlap,XinhuaSportsEntertainmentLtd_20070221_F-1_EX-99.4_645553_EX-99.4_Content License Agreement,2472,5,26,26,1.0
test,fixed_500_no_overlap,MERITLIFEINSURANCECO_06_19_2020-EX-10.(XIV)-MASTER SERVICES AGREEMENT,3328,7,24,24,1.0
test,fixed_500_overlap_100,LohaCompanyltd_20191209_F-1_EX-10.16_11917878_EX-10.16_Supply Agreement,1880,5,7,7,1.0
test,fixed_500_overlap_100,CENTRACKINTERNATIONALINC_10_29_1999-EX-10.3-WEB SITE HOSTING AGREEMENT,2280,6,17,17,1.0
test,fixed_500_overlap_100,DovaPharmaceuticalsInc_20181108_10-Q_EX-10.2_11414857_EX-10.2_Promotion Agreement,26789,67,51,50,0.9803921568627451
test,fixed_500_overlap_100,"PACIRA PHARMACEUTICALS, INC. - A_R STRATEGIC LICENSING, DISTRIBUTION AND MARKETING AGREEMENT ",22756,57,83,82,0.9879518072289156
test,fixed_500_overlap_100,ThriventVariableInsuranceAccountB_20190701_N-6_EX-99.D(IV)_11720968_EX-99.D(IV)_Endorsement Agreement,735,2,5,5,1.0
test,fixed_500_overlap_100,"HERTZGLOBALHOLDINGS,INC_07_07_2016-EX-10.4-INTELLECTUAL PROPERTY AGREEMENT",4904,13,30,30,1.0
test,fixed_500_overlap_100,TUNIUCORP_03_06_2014-EX-10-COOPERATION AGREEMENT,2760,7,21,21,1.0
test,fixed_500_overlap_100,CYBERIANOUTPOSTINC_07_09_1998-EX-10.13-PROMOTION AGREEMENT,3450,9,22,22,1.0
test,fixed_500_overlap_100,MSCIINC_02_28_2008-EX-10.10-,1851,5,18,18,1.0
test,fixed_500_overlap_100,CHERRYHILLMORTGAGEINVESTMENTCORP_09_26_2013-EX-10.1-Strategic Alliance Agreement,4441,11,9,9,1.0
test,fixed_500_overlap_100,"WASTE2ENERGYHOLDINGS,INC_06_03_2010-EX-10.2-STRATEGIC ALLIANCE AGREEMENT",6187,16,16,16,1.0
test,fixed_500_overlap_100,GridironBionutrientsInc_20171206_8-K_EX-10.2_10972556_EX-10.2_Endorsement Agreement,529,2,12,12,1.0
test,fixed_500_overlap_100,FreezeTagInc_20180411_8-K_EX-10.1_11139603_EX-10.1_Sponsorship Agreement,4102,11,23,23,1.0
test,fixed_500_overlap_100,WEBHELPCOMINC_03_22_2000-EX-10.8-HOSTING AGREEMENT,2955,8,20,20,1.0
test,fixed_500_overlap_100,"Columbia Laboratories, (Bermuda) Ltd. - AMEND NO. 2 TO MANUFACTURING AND SUPPLY AGREEMENT",7145,18,21,21,1.0
test,fixed_500_overlap_100,N2KINC_10_16_1997-EX-10.16-SPONSORSHIP AGREEMENT,5558,14,40,40,1.0
test,fixed_500_overlap_100,ArconicRolledProductsCorp_20191217_10-12B_EX-2.7_11923804_EX-2.7_Trademark License Agreement,2828,7,20,20,1.0
test,fixed_500_overlap_100,STWRESOURCESHOLDINGCORP_08_06_2014-EX-10.1-COOPERATION AGREEMENT,4448,11,25,25,1.0
test,fixed_500_overlap_100,HarpoonTherapeuticsInc_20200312_10-K_EX-10.18_12051356_EX-10.18_Development Agreement,38518,97,70,68,0.9714285714285714
test,fixed_500_overlap_100,CardlyticsInc_20180112_S-1_EX-10.16_11002987_EX-10.16_Maintenance Agreement3,251,1,7,7,1.0
test,fixed_500_overlap_100,AIRSPANNETWORKSINC_04_11_2000-EX-10.5-Distributor Agreement,10292,26,43,43,1.0
test,fixed_500_overlap_100,GRANTIERRAENERGYINC_05_07_2012-EX-10.6-TRANSPORTATION CONTRACT,35339,89,33,32,0.9696969696969697
test,fixed_500_overlap_100,"VIVINT SOLAR, INC. - NON-COMPETITION AGREEMENT",506,2,8,8,1.0
test,fixed_500_overlap_100,CHIPMOSTECHNOLOGIESBERMUDALTD_04_18_2016-EX-4.72-Strategic Alliance Agreement,2026,5,11,11,1.0
test,fixed_500_overlap_100,RitterPharmaceuticalsInc_20200313_S-4A_EX-10.54_12055220_EX-10.54_Development Agreement,18871,47,49,49,1.0
test,fixed_500_overlap_100,AMBASSADOREYEWEARGROUPINC_11_17_1997-EX-10.28-ENDORSEMENT AGREEMENT,5780,15,40,40,1.0
test,fixed_500_overlap_100,USASYNTHETICFUELCORP_10_21_2010-EX-10.10-STRATEGIC ALLIANCE AGREEMENT,8033,20,19,19,1.0
test,fixed_500_overlap_100,WESTERN COPPER - NON-COMPETITION AGREEMENT,2626,7,17,17,1.0
test,fixed_500_overlap_100,"HEMISPHERX - Sales, Marketing, Distribution, and Supply Agreement",10901,28,43,43,1.0
test,fixed_500_overlap_100,MphaseTechnologiesInc_20030911_10-K_EX-10.15_1560667_EX-10.15_Co-Branding Agreement,1169,3,14,14,1.0
test,fixed_500_overlap_100,"BABCOCK_WILCOXENTERPRISES,INC_08_04_2015-EX-10.17-INTELLECTUAL PROPERTY AGREEMENT between THE BABCOCK _ WILCOX COMPANY and BABCOCK _ WILCOX ENTERPRISES, INC.",16565,42,55,45,0.8181818181818182
test,fixed_500_overlap_100,"VAPOTHERM, INC. - Manufacturing and Supply Agreement",11847,30,24,24,1.0
test,fixed_500_overlap_100,PLAYAHOTELS_RESORTSNV_03_14_2017-EX-10.22-STRATEGIC ALLIANCE AGREEMENT (Hyatt Ziva Cancun),3543,9,17,17,1.0
test,fixed_500_overlap_100,"SPOKHOLDINGS,INC_06_19_2020-EX-10.1-COOPERATION AGREEMENT",2842,7,13,13,1.0
test,fixed_500_overlap_100,RMRGROUPINC_01_22_2020-EX-99.1-JOINT FILING AGREEMENT,109,1,4,4,1.0
test,fixed_500_overlap_100,PRIMEENERGYRESOURCESCORP_04_02_2007-EX-10.28-COMPLETION AND LIQUIDITY MAINTENANCE AGREEMENT,742,2,10,10,1.0
test,fixed_500_overlap_100,AgapeAtpCorp_20191202_10-KA_EX-10.1_11911128_EX-10.1_Supply Agreement,3292,8,31,31,1.0
test,fixed_500_overlap_100,PhoenixNewMediaLtd_20110421_F-1_EX-10.17_6958322_EX-10.17_Content License Agreement,3908,10,20,20,1.0
test,fixed_500_overlap_100,"ONEMAINHOLDINGS,INC_02_20_2020-EX-99.D-JOINT FILING AGREEMENT",944,3,15,15,1.0
test,fixed_500_overlap_100,BerkshireHillsBancorpInc_20120809_10-Q_EX-10.16_7708169_EX-10.16_Endorsement Agreement,4466,11,23,23,1.0
test,fixed_500_overlap_100,VALENCETECHNOLOGYINC_02_14_2003-EX-10-JOINT VENTURE CONTRACT,11008,28,24,24,1.0
test,fixed_500_overlap_100,Quaker Chemical Corporation - NON COMPETITION AND NON SOLICITATION AGREEMENT,3488,9,21,21,1.0
test,fixed_500_overlap_100,GpaqAcquisitionHoldingsInc_20200123_S-4A_EX-10.8_11951679_EX-10.8_Service Agreement,8649,22,28,28,1.0
test,fixed_500_overlap_100,"SUCAMPOPHARMACEUTICALS,INC_11_04_2015-EX-10.2-STRATEGIC ALLIANCE AGREEMENT",9629,24,14,14,1.0
test,fixed_500_overlap_100,KENTUCKYUTILITIESCO_03_25_2003-EX-10.65-TRANSPORTATION AGREEMENT,2578,7,15,15,1.0
test,fixed_500_overlap_100,AFSALABANCORPINC_08_01_1996-EX-1.1-AGENCY AGREEMENT,17813,45,22,22,1.0
test,fixed_500_overlap_100,SigaTechnologiesInc_20190603_8-K_EX-10.1_11695818_EX-10.1_Promotion Agreement,22348,56,42,42,1.0
test,fixed_500_overlap_100,HPILHOLDING_01_07_2015-EX-99.1-COOPERATION AGREEMENT,2626,7,14,14,1.0
test,fixed_500_overlap_100,FEDERATEDGOVERNMENTINCOMESECURITIESINC_04_28_2020-EX-99.SERV AGREE-SERVICES AGREEMENT_POWEROF,2213,6,9,9,1.0
test,fixed_500_overlap_100,"CURAEGISTECHNOLOGIES,INC_05_26_2010-EX-1-CORPORATE SPONSORSHIP AGREEMENT",1975,5,19,19,1.0
test,fixed_500_overlap_100,GridironBionutrientsInc_20171206_8-K_EX-10.1_10972555_EX-10.1_Endorsement Agreement,4601,12,29,29,1.0
test,fixed_500_overlap_100,WOMENSGOLFUNLIMITEDINC_03_29_2000-EX-10.13-ENDORSEMENT AGREEMENT,4539,12,48,48,1.0
test,fixed_500_overlap_100,ScansourceInc_20190509_10-Q_EX-10.2_11661422_EX-10.2_Distributor Agreement,2131,6,21,21,1.0
test,fixed_500_overlap_100,SoupmanInc_20150814_8-K_EX-10.1_9230148_EX-10.1_Franchise Agreement4,492,1,4,4,1.0
test,fixed_500_overlap_100,BOLIVARMININGCORP_05_23_2003-EX-2.1-VISP WEB SITE BUILDING AND HOSTING AGREEMENT,1736,5,14,14,1.0
test,fixed_500_overlap_100,"GALERATHERAPEUTICS,INC_02_14_2020-EX-99.A-JOINT FILING AGREEMENT",623,2,14,14,1.0
test,fixed_500_overlap_100,"Reinsurance Group of America, Incorporated - A_R REMARKETING  AGREEMENT",16074,40,21,21,1.0
test,fixed_500_overlap_100,PaperexchangeComInc_20000322_S-1A_EX-10.4_5202103_EX-10.4_Co-Branding Agreement,12480,31,62,61,0.9838709677419355
test,fixed_500_overlap_100,BIOPURECORP_06_30_1999-EX-10.13-AGENCY AGREEMENT,5757,15,28,28,1.0
test,fixed_500_overlap_100,TRIZETTOGROUPINC_08_18_1999-EX-10.17-TECHNICAL INFRASTRUCTURE MAINTENANCE AGREEMENT,2208,6,18,18,1.0
test,fixed_500_overlap_100,"SPIENERGYCO,LTD_07_10_2014-EX-10-Cooperation Agreement of 50MWp Photovoltaic Grid-connected Power Generation Project in Yangqiao of~1",413,1,6,6,1.0
test,fixed_500_overlap_100,SoupmanInc_20150814_8-K_EX-10.1_9230148_EX-10.1_Franchise Agreement1,22750,57,81,80,0.9876543209876543
test,fixed_500_overlap_100,IntegrityMediaInc_20010329_10-K405_EX-10.17_2373875_EX-10.17_Co-Branding Agreement,3545,9,30,30,1.0
test,fixed_500_overlap_100,WatchitMediaInc_20061201_8-K_EX-10.1_4148672_EX-10.1_Content License Agreement,342,1,8,8,1.0
test,fixed_500_overlap_100,"OMINTO,INC_03_29_2004-EX-10-RESELLER AGREEMENT",3983,10,22,22,1.0
test,fixed_500_overlap_100,"GSITECHNOLOGYINC_11_16_2009-EX-10.2-INTELLECTUAL PROPERTY AGREEMENT between SONY ELECTRONICS INC. and GSI TECHNOLOGY, INC.",5558,14,24,24,1.0
test,fixed_500_overlap_100,MusclepharmCorp_20170208_10-KA_EX-10.38_9893581_EX-10.38_Co-Branding Agreement,13393,34,72,72,1.0
test,fixed_500_overlap_100,"PAXMEDICA,INC_07_02_2020-EX-10.12-Master Service Agreement",2694,7,21,21,1.0
test,fixed_500_overlap_100,"DRIVENDELIVERIES,INC_05_22_2020-EX-10.4-CONSULTING AGREEMENT",4188,11,24,24,1.0
test,fixed_500_overlap_100,"HALITRON,INC_03_01_2005-EX-10.15-SPONSORSHIP AND DEVELOPMENT AGREEMENT",4429,11,32,32,1.0
test,fixed_500_overlap_100,WestPharmaceuticalServicesInc_20200116_8-K_EX-10.1_11947529_EX-10.1_Supply Agreement,12651,32,43,43,1.0
test,fixed_500_overlap_100,PANDIONTHERAPEUTICSHOLDCOLLC_05_22_2020-EX-10.17-CONSULTING AGREEMENT,3527,9,23,23,1.0
test,fixed_500_overlap_100,BizzingoInc_20120322_8-K_EX-10.17_7504499_EX-10.17_Endorsement Agreement,3696,9,23,23,1.0
test,fixed_500_overlap_100,PHLVARIABLEINSURANCECOCT_08_17_2009-EX-10.1-STRATEGIC ALLIANCE AGREEMENT,15724,40,26,26,1.0
test,fixed_500_overlap_100,"MFAFINANCIAL,INC_07_06_2020-EX-99.D-JOINT FILING AGREEMENT",578,2,21,21,1.0
test,fixed_500_overlap_100,PROFOUNDMEDICALCORP_08_29_2019-EX-4.5-SUPPLY AGREEMENT,10152,26,32,31,0.96875
test,fixed_500_overlap_100,TRICITYBANKSHARESCORP_05_15_1998-EX-10-OUTSOURCING AGREEMENT,15402,39,38,36,0.9473684210526315
test,fixed_500_overlap_100,"HC2HOLDINGS,INC_05_14_2020-EX-10.1-COOPERATION AGREEMENT",8562,22,16,16,1.0
test,fixed_500_overlap_100,Monsanto Company - SECOND A_R EXCLUSIVE AGENCY AND MARKETING AGREEMENT ,33833,85,95,94,0.9894736842105263
test,fixed_500_overlap_100,ElPolloLocoHoldingsInc_20200306_10-K_EX-10.16_12041700_EX-10.16_Development Agreement,9315,24,33,33,1.0
test,fixed_500_overlap_100,ACCELERATEDTECHNOLOGIESHOLDINGCORP_04_24_2003-EX-10.13-JOINT VENTURE AGREEMENT,1911,5,13,13,1.0
test,fixed_500_overlap_100,SEASPINEHOLDINGSCORP_10_10_2018-EX-10.1-SUPPLY AGREEMENT,10675,27,37,37,1.0
test,fixed_500_overlap_100,HfEnterprisesInc_20191223_S-1_EX-10.22_11931299_EX-10.22_Development Agreement,2923,8,23,23,1.0
test,fixed_500_overlap_100,ICORECONNECTINC_10_13_2010-EX-7.1-Strategic Alliance Agreement,3913,10,21,21,1.0
test,fixed_500_overlap_100,TEARDROPGOLFCO_10_23_1996-EX-10.12-ENDORSEMENT AGREEMENT,3682,9,24,24,1.0
test,fixed_500_overlap_100,ScansourceInc_20190822_10-K_EX-10.39_11793959_EX-10.39_Distributor Agreement,1605,4,7,7,1.0
test,fixed_500_overlap_100,LOOKSMARTLTD_07_20_2012-EX-99.(D)(I)-SPONSORSHIP AGREEMENT,3945,10,14,14,1.0
test,fixed_500_overlap_100,PcquoteComInc_19990721_S-1A_EX-10.11_6377149_EX-10.11_Co-Branding Agreement2,123,1,7,7,1.0
test,fixed_500_overlap_100,IMPCOTECHNOLOGIESINC_04_15_2003-EX-10.65-JOINT VENTURE AGREEMENT,10211,26,22,22,1.0
test,fixed_500_overlap_100,EbixInc_20010515_10-Q_EX-10.3_4049767_EX-10.3_Co-Branding Agreement,6272,16,28,28,1.0
test,fixed_500_overlap_100,EcoScienceSolutionsInc_20180406_8-K_EX-10.1_11135398_EX-10.1_Sponsorship Agreement,1236,3,11,11,1.0
test,fixed_500_overlap_100,"GOOSEHEADINSURANCE,INC_04_02_2018-EX-10.6-Franchise Agreement",47733,120,97,96,0.9896907216494846
test,fixed_500_overlap_100,IdeanomicsInc_20151124_8-K_EX-10.2_9354744_EX-10.2_Content License Agreement,5426,14,24,24,1.0
test,fixed_500_overlap_100,"PRECIGEN,INC_01_22_2020-EX-99.1-JOINT FILING AGREEMENT",145,1,4,4,1.0
test,fixed_500_overlap_100,PhotronicsInc_20171219_10-QA_EX-10.28_10982650_EX-10.28_Outsourcing Agreement,3937,10,19,19,1.0
test,fixed_500_overlap_100,EMERALDHEALTHTHERAPEUTICSINC_06_10_2020-EX-4.5-CONSULTING AGREEMENT - DR. GAETANO MORELLO N.D. INC.,3192,8,13,13,1.0
test,fixed_500_overlap_100,PcquoteComInc_19990721_S-1A_EX-10.11_6377149_EX-10.11_Co-Branding Agreement1,3025,8,15,15,1.0
test,fixed_500_overlap_100,ALCOSTORESINC_12_14_2005-EX-10.26-AGENCY AGREEMENT,1807,5,11,11,1.0
test,fixed_500_overlap_100,INGEVITYCORP_05_16_2016-EX-10.5-INTELLECTUAL PROPERTY AGREEMENT,9967,25,41,40,0.975609756097561
test,fixed_500_overlap_100,"NOVOINTEGRATEDSCIENCES,INC_12_23_2019-EX-10.1-JOINT VENTURE AGREEMENT",3412,9,19,19,1.0
test,fixed_500_overlap_100,XinhuaSportsEntertainmentLtd_20070221_F-1_EX-99.4_645553_EX-99.4_Content License Agreement,2472,6,26,26,1.0
test,fixed_500_overlap_100,MERITLIFEINSURANCECO_06_19_2020-EX-10.(XIV)-MASTER SERVICES AGREEMENT,3328,9,24,24,1.0
test,paragraph_500_no_overlap,LohaCompanyltd_20191209_F-1_EX-10.16_11917878_EX-10.16_Supply Agreement,1880,6,7,7,1.0
test,paragraph_500_no_overlap,CENTRACKINTERNATIONALINC_10_29_1999-EX-10.3-WEB SITE HOSTING AGREEMENT,2280,5,17,17,1.0
test,paragraph_500_no_overlap,DovaPharmaceuticalsInc_20181108_10-Q_EX-10.2_11414857_EX-10.2_Promotion Agreement,26789,64,51,51,1.0
test,paragraph_500_no_overlap,"PACIRA PHARMACEUTICALS, INC. - A_R STRATEGIC LICENSING, DISTRIBUTION AND MARKETING AGREEMENT ",22756,53,83,82,0.9879518072289156
test,paragraph_500_no_overlap,ThriventVariableInsuranceAccountB_20190701_N-6_EX-99.D(IV)_11720968_EX-99.D(IV)_Endorsement Agreement,735,2,5,5,1.0
test,paragraph_500_no_overlap,"HERTZGLOBALHOLDINGS,INC_07_07_2016-EX-10.4-INTELLECTUAL PROPERTY AGREEMENT",4904,12,30,30,1.0
test,paragraph_500_no_overlap,TUNIUCORP_03_06_2014-EX-10-COOPERATION AGREEMENT,2760,7,21,21,1.0
test,paragraph_500_no_overlap,CYBERIANOUTPOSTINC_07_09_1998-EX-10.13-PROMOTION AGREEMENT,3450,8,22,22,1.0
test,paragraph_500_no_overlap,MSCIINC_02_28_2008-EX-10.10-,1851,4,18,18,1.0
test,paragraph_500_no_overlap,CHERRYHILLMORTGAGEINVESTMENTCORP_09_26_2013-EX-10.1-Strategic Alliance Agreement,4441,11,9,9,1.0
test,paragraph_500_no_overlap,"WASTE2ENERGYHOLDINGS,INC_06_03_2010-EX-10.2-STRATEGIC ALLIANCE AGREEMENT",6187,17,16,16,1.0
test,paragraph_500_no_overlap,GridironBionutrientsInc_20171206_8-K_EX-10.2_10972556_EX-10.2_Endorsement Agreement,529,2,12,12,1.0
test,paragraph_500_no_overlap,FreezeTagInc_20180411_8-K_EX-10.1_11139603_EX-10.1_Sponsorship Agreement,4102,12,23,22,0.9565217391304348
test,paragraph_500_no_overlap,WEBHELPCOMINC_03_22_2000-EX-10.8-HOSTING AGREEMENT,2955,8,20,20,1.0
test,paragraph_500_no_overlap,"Columbia Laboratories, (Bermuda) Ltd. - AMEND NO. 2 TO MANUFACTURING AND SUPPLY AGREEMENT",7145,17,21,21,1.0
test,paragraph_500_no_overlap,N2KINC_10_16_1997-EX-10.16-SPONSORSHIP AGREEMENT,5558,12,40,40,1.0
test,paragraph_500_no_overlap,ArconicRolledProductsCorp_20191217_10-12B_EX-2.7_11923804_EX-2.7_Trademark License Agreement,2828,7,20,20,1.0
test,paragraph_500_no_overlap,STWRESOURCESHOLDINGCORP_08_06_2014-EX-10.1-COOPERATION AGREEMENT,4448,14,25,25,1.0
test,paragraph_500_no_overlap,HarpoonTherapeuticsInc_20200312_10-K_EX-10.18_12051356_EX-10.18_Development Agreement,38518,90,70,67,0.9571428571428572
test,paragraph_500_no_overlap,CardlyticsInc_20180112_S-1_EX-10.16_11002987_EX-10.16_Maintenance Agreement3,251,1,7,7,1.0
test,paragraph_500_no_overlap,AIRSPANNETWORKSINC_04_11_2000-EX-10.5-Distributor Agreement,10292,24,43,43,1.0
test,paragraph_500_no_overlap,GRANTIERRAENERGYINC_05_07_2012-EX-10.6-TRANSPORTATION CONTRACT,35339,87,33,31,0.9393939393939394
test,paragraph_500_no_overlap,"VIVINT SOLAR, INC. - NON-COMPETITION AGREEMENT",506,2,8,8,1.0
test,paragraph_500_no_overlap,CHIPMOSTECHNOLOGIESBERMUDALTD_04_18_2016-EX-4.72-Strategic Alliance Agreement,2026,5,11,11,1.0
test,paragraph_500_no_overlap,RitterPharmaceuticalsInc_20200313_S-4A_EX-10.54_12055220_EX-10.54_Development Agreement,18871,53,49,49,1.0
test,paragraph_500_no_overlap,AMBASSADOREYEWEARGROUPINC_11_17_1997-EX-10.28-ENDORSEMENT AGREEMENT,5780,13,40,40,1.0
test,paragraph_500_no_overlap,USASYNTHETICFUELCORP_10_21_2010-EX-10.10-STRATEGIC ALLIANCE AGREEMENT,8033,21,19,19,1.0
test,paragraph_500_no_overlap,WESTERN COPPER - NON-COMPETITION AGREEMENT,2626,6,17,17,1.0
test,paragraph_500_no_overlap,"HEMISPHERX - Sales, Marketing, Distribution, and Supply Agreement",10901,30,43,43,1.0
test,paragraph_500_no_overlap,MphaseTechnologiesInc_20030911_10-K_EX-10.15_1560667_EX-10.15_Co-Branding Agreement,1169,3,14,14,1.0
test,paragraph_500_no_overlap,"BABCOCK_WILCOXENTERPRISES,INC_08_04_2015-EX-10.17-INTELLECTUAL PROPERTY AGREEMENT between THE BABCOCK _ WILCOX COMPANY and BABCOCK _ WILCOX ENTERPRISES, INC.",16565,40,55,55,1.0
test,paragraph_500_no_overlap,"VAPOTHERM, INC. - Manufacturing and Supply Agreement",11847,27,24,24,1.0
test,paragraph_500_no_overlap,PLAYAHOTELS_RESORTSNV_03_14_2017-EX-10.22-STRATEGIC ALLIANCE AGREEMENT (Hyatt Ziva Cancun),3543,8,17,17,1.0
test,paragraph_500_no_overlap,"SPOKHOLDINGS,INC_06_19_2020-EX-10.1-COOPERATION AGREEMENT",2842,9,13,13,1.0
test,paragraph_500_no_overlap,RMRGROUPINC_01_22_2020-EX-99.1-JOINT FILING AGREEMENT,109,1,4,4,1.0
test,paragraph_500_no_overlap,PRIMEENERGYRESOURCESCORP_04_02_2007-EX-10.28-COMPLETION AND LIQUIDITY MAINTENANCE AGREEMENT,742,2,10,10,1.0
test,paragraph_500_no_overlap,AgapeAtpCorp_20191202_10-KA_EX-10.1_11911128_EX-10.1_Supply Agreement,3292,10,31,31,1.0
test,paragraph_500_no_overlap,PhoenixNewMediaLtd_20110421_F-1_EX-10.17_6958322_EX-10.17_Content License Agreement,3908,10,20,20,1.0
test,paragraph_500_no_overlap,"ONEMAINHOLDINGS,INC_02_20_2020-EX-99.D-JOINT FILING AGREEMENT",944,2,15,15,1.0
test,paragraph_500_no_overlap,BerkshireHillsBancorpInc_20120809_10-Q_EX-10.16_7708169_EX-10.16_Endorsement Agreement,4466,11,23,23,1.0
test,paragraph_500_no_overlap,VALENCETECHNOLOGYINC_02_14_2003-EX-10-JOINT VENTURE CONTRACT,11008,25,24,24,1.0
test,paragraph_500_no_overlap,Quaker Chemical Corporation - NON COMPETITION AND NON SOLICITATION AGREEMENT,3488,8,21,21,1.0
test,paragraph_500_no_overlap,GpaqAcquisitionHoldingsInc_20200123_S-4A_EX-10.8_11951679_EX-10.8_Service Agreement,8649,22,28,28,1.0
test,paragraph_500_no_overlap,"SUCAMPOPHARMACEUTICALS,INC_11_04_2015-EX-10.2-STRATEGIC ALLIANCE AGREEMENT",9629,25,14,14,1.0
test,paragraph_500_no_overlap,KENTUCKYUTILITIESCO_03_25_2003-EX-10.65-TRANSPORTATION AGREEMENT,2578,6,15,15,1.0
test,paragraph_500_no_overlap,AFSALABANCORPINC_08_01_1996-EX-1.1-AGENCY AGREEMENT,17813,44,22,22,1.0
test,paragraph_500_no_overlap,SigaTechnologiesInc_20190603_8-K_EX-10.1_11695818_EX-10.1_Promotion Agreement,22348,57,42,42,1.0
test,paragraph_500_no_overlap,HPILHOLDING_01_07_2015-EX-99.1-COOPERATION AGREEMENT,2626,8,14,14,1.0
test,paragraph_500_no_overlap,FEDERATEDGOVERNMENTINCOMESECURITIESINC_04_28_2020-EX-99.SERV AGREE-SERVICES AGREEMENT_POWEROF,2213,6,9,9,1.0
test,paragraph_500_no_overlap,"CURAEGISTECHNOLOGIES,INC_05_26_2010-EX-1-CORPORATE SPONSORSHIP AGREEMENT",1975,5,19,19,1.0
test,paragraph_500_no_overlap,GridironBionutrientsInc_20171206_8-K_EX-10.1_10972555_EX-10.1_Endorsement Agreement,4601,13,29,29,1.0
test,paragraph_500_no_overlap,WOMENSGOLFUNLIMITEDINC_03_29_2000-EX-10.13-ENDORSEMENT AGREEMENT,4539,10,48,47,0.9791666666666666
test,paragraph_500_no_overlap,ScansourceInc_20190509_10-Q_EX-10.2_11661422_EX-10.2_Distributor Agreement,2131,5,21,21,1.0
test,paragraph_500_no_overlap,SoupmanInc_20150814_8-K_EX-10.1_9230148_EX-10.1_Franchise Agreement4,492,1,4,4,1.0
test,paragraph_500_no_overlap,BOLIVARMININGCORP_05_23_2003-EX-2.1-VISP WEB SITE BUILDING AND HOSTING AGREEMENT,1736,5,14,13,0.9285714285714286
test,paragraph_500_no_overlap,"GALERATHERAPEUTICS,INC_02_14_2020-EX-99.A-JOINT FILING AGREEMENT",623,2,14,14,1.0
test,paragraph_500_no_overlap,"Reinsurance Group of America, Incorporated - A_R REMARKETING  AGREEMENT",16074,39,21,21,1.0
test,paragraph_500_no_overlap,PaperexchangeComInc_20000322_S-1A_EX-10.4_5202103_EX-10.4_Co-Branding Agreement,12480,28,62,62,1.0
test,paragraph_500_no_overlap,BIOPURECORP_06_30_1999-EX-10.13-AGENCY AGREEMENT,5757,13,28,28,1.0
test,paragraph_500_no_overlap,TRIZETTOGROUPINC_08_18_1999-EX-10.17-TECHNICAL INFRASTRUCTURE MAINTENANCE AGREEMENT,2208,5,18,18,1.0
test,paragraph_500_no_overlap,"SPIENERGYCO,LTD_07_10_2014-EX-10-Cooperation Agreement of 50MWp Photovoltaic Grid-connected Power Generation Project in Yangqiao of~1",413,1,6,6,1.0
test,paragraph_500_no_overlap,SoupmanInc_20150814_8-K_EX-10.1_9230148_EX-10.1_Franchise Agreement1,22750,65,81,80,0.9876543209876543
test,paragraph_500_no_overlap,IntegrityMediaInc_20010329_10-K405_EX-10.17_2373875_EX-10.17_Co-Branding Agreement,3545,8,30,30,1.0
test,paragraph_500_no_overlap,WatchitMediaInc_20061201_8-K_EX-10.1_4148672_EX-10.1_Content License Agreement,342,1,8,8,1.0
test,paragraph_500_no_overlap,"OMINTO,INC_03_29_2004-EX-10-RESELLER AGREEMENT",3983,9,22,22,1.0
test,paragraph_500_no_overlap,"GSITECHNOLOGYINC_11_16_2009-EX-10.2-INTELLECTUAL PROPERTY AGREEMENT between SONY ELECTRONICS INC. and GSI TECHNOLOGY, INC.",5558,17,24,24,1.0
test,paragraph_500_no_overlap,MusclepharmCorp_20170208_10-KA_EX-10.38_9893581_EX-10.38_Co-Branding Agreement,13393,37,72,72,1.0
test,paragraph_500_no_overlap,"PAXMEDICA,INC_07_02_2020-EX-10.12-Master Service Agreement",2694,9,21,21,1.0
test,paragraph_500_no_overlap,"DRIVENDELIVERIES,INC_05_22_2020-EX-10.4-CONSULTING AGREEMENT",4188,12,24,24,1.0
test,paragraph_500_no_overlap,"HALITRON,INC_03_01_2005-EX-10.15-SPONSORSHIP AND DEVELOPMENT AGREEMENT",4429,10,32,32,1.0
test,paragraph_500_no_overlap,WestPharmaceuticalServicesInc_20200116_8-K_EX-10.1_11947529_EX-10.1_Supply Agreement,12651,29,43,42,0.9767441860465116
test,paragraph_500_no_overlap,PANDIONTHERAPEUTICSHOLDCOLLC_05_22_2020-EX-10.17-CONSULTING AGREEMENT,3527,8,23,23,1.0
test,paragraph_500_no_overlap,BizzingoInc_20120322_8-K_EX-10.17_7504499_EX-10.17_Endorsement Agreement,3696,9,23,23,1.0
test,paragraph_500_no_overlap,PHLVARIABLEINSURANCECOCT_08_17_2009-EX-10.1-STRATEGIC ALLIANCE AGREEMENT,15724,35,26,25,0.9615384615384616
test,paragraph_500_no_overlap,"MFAFINANCIAL,INC_07_06_2020-EX-99.D-JOINT FILING AGREEMENT",578,2,21,21,1.0
test,paragraph_500_no_overlap,PROFOUNDMEDICALCORP_08_29_2019-EX-4.5-SUPPLY AGREEMENT,10152,26,32,32,1.0
test,paragraph_500_no_overlap,TRICITYBANKSHARESCORP_05_15_1998-EX-10-OUTSOURCING AGREEMENT,15402,36,38,36,0.9473684210526315
test,paragraph_500_no_overlap,"HC2HOLDINGS,INC_05_14_2020-EX-10.1-COOPERATION AGREEMENT",8562,22,16,16,1.0
test,paragraph_500_no_overlap,Monsanto Company - SECOND A_R EXCLUSIVE AGENCY AND MARKETING AGREEMENT ,33833,76,95,95,1.0
test,paragraph_500_no_overlap,ElPolloLocoHoldingsInc_20200306_10-K_EX-10.16_12041700_EX-10.16_Development Agreement,9315,22,33,33,1.0
test,paragraph_500_no_overlap,ACCELERATEDTECHNOLOGIESHOLDINGCORP_04_24_2003-EX-10.13-JOINT VENTURE AGREEMENT,1911,5,13,13,1.0
test,paragraph_500_no_overlap,SEASPINEHOLDINGSCORP_10_10_2018-EX-10.1-SUPPLY AGREEMENT,10675,24,37,37,1.0
test,paragraph_500_no_overlap,HfEnterprisesInc_20191223_S-1_EX-10.22_11931299_EX-10.22_Development Agreement,2923,7,23,22,0.9565217391304348
test,paragraph_500_no_overlap,ICORECONNECTINC_10_13_2010-EX-7.1-Strategic Alliance Agreement,3913,10,21,21,1.0
test,paragraph_500_no_overlap,TEARDROPGOLFCO_10_23_1996-EX-10.12-ENDORSEMENT AGREEMENT,3682,8,24,24,1.0
test,paragraph_500_no_overlap,ScansourceInc_20190822_10-K_EX-10.39_11793959_EX-10.39_Distributor Agreement,1605,4,7,7,1.0
test,paragraph_500_no_overlap,LOOKSMARTLTD_07_20_2012-EX-99.(D)(I)-SPONSORSHIP AGREEMENT,3945,10,14,14,1.0
test,paragraph_500_no_overlap,PcquoteComInc_19990721_S-1A_EX-10.11_6377149_EX-10.11_Co-Branding Agreement2,123,1,7,7,1.0
test,paragraph_500_no_overlap,IMPCOTECHNOLOGIESINC_04_15_2003-EX-10.65-JOINT VENTURE AGREEMENT,10211,26,22,22,1.0
test,paragraph_500_no_overlap,EbixInc_20010515_10-Q_EX-10.3_4049767_EX-10.3_Co-Branding Agreement,6272,14,28,28,1.0
test,paragraph_500_no_overlap,EcoScienceSolutionsInc_20180406_8-K_EX-10.1_11135398_EX-10.1_Sponsorship Agreement,1236,3,11,11,1.0
test,paragraph_500_no_overlap,"GOOSEHEADINSURANCE,INC_04_02_2018-EX-10.6-Franchise Agreement",47733,139,97,93,0.9587628865979382
test,paragraph_500_no_overlap,IdeanomicsInc_20151124_8-K_EX-10.2_9354744_EX-10.2_Content License Agreement,5426,14,24,24,1.0
test,paragraph_500_no_overlap,"PRECIGEN,INC_01_22_2020-EX-99.1-JOINT FILING AGREEMENT",145,1,4,4,1.0
test,paragraph_500_no_overlap,PhotronicsInc_20171219_10-QA_EX-10.28_10982650_EX-10.28_Outsourcing Agreement,3937,9,19,19,1.0
test,paragraph_500_no_overlap,EMERALDHEALTHTHERAPEUTICSINC_06_10_2020-EX-4.5-CONSULTING AGREEMENT - DR. GAETANO MORELLO N.D. INC.,3192,8,13,13,1.0
test,paragraph_500_no_overlap,PcquoteComInc_19990721_S-1A_EX-10.11_6377149_EX-10.11_Co-Branding Agreement1,3025,7,15,15,1.0
test,paragraph_500_no_overlap,ALCOSTORESINC_12_14_2005-EX-10.26-AGENCY AGREEMENT,1807,5,11,11,1.0
test,paragraph_500_no_overlap,INGEVITYCORP_05_16_2016-EX-10.5-INTELLECTUAL PROPERTY AGREEMENT,9967,31,41,41,1.0
test,paragraph_500_no_overlap,"NOVOINTEGRATEDSCIENCES,INC_12_23_2019-EX-10.1-JOINT VENTURE AGREEMENT",3412,9,19,19,1.0
test,paragraph_500_no_overlap,XinhuaSportsEntertainmentLtd_20070221_F-1_EX-99.4_645553_EX-99.4_Content License Agreement,2472,6,26,26,1.0
test,paragraph_500_no_overlap,MERITLIFEINSURANCECO_06_19_2020-EX-10.(XIV)-MASTER SERVICES AGREEMENT,3328,9,24,24,1.0
test,paragraph_500_overlap_75,LohaCompanyltd_20191209_F-1_EX-10.16_11917878_EX-10.16_Supply Agreement,1880,6,7,7,1.0
test,paragraph_500_overlap_75,CENTRACKINTERNATIONALINC_10_29_1999-EX-10.3-WEB SITE HOSTING AGREEMENT,2280,5,17,17,1.0
test,paragraph_500_overlap_75,DovaPharmaceuticalsInc_20181108_10-Q_EX-10.2_11414857_EX-10.2_Promotion Agreement,26789,64,51,51,1.0
test,paragraph_500_overlap_75,"PACIRA PHARMACEUTICALS, INC. - A_R STRATEGIC LICENSING, DISTRIBUTION AND MARKETING AGREEMENT ",22756,53,83,82,0.9879518072289156
test,paragraph_500_overlap_75,ThriventVariableInsuranceAccountB_20190701_N-6_EX-99.D(IV)_11720968_EX-99.D(IV)_Endorsement Agreement,735,2,5,5,1.0
test,paragraph_500_overlap_75,"HERTZGLOBALHOLDINGS,INC_07_07_2016-EX-10.4-INTELLECTUAL PROPERTY AGREEMENT",4904,12,30,30,1.0
test,paragraph_500_overlap_75,TUNIUCORP_03_06_2014-EX-10-COOPERATION AGREEMENT,2760,7,21,21,1.0
test,paragraph_500_overlap_75,CYBERIANOUTPOSTINC_07_09_1998-EX-10.13-PROMOTION AGREEMENT,3450,8,22,22,1.0
test,paragraph_500_overlap_75,MSCIINC_02_28_2008-EX-10.10-,1851,4,18,18,1.0
test,paragraph_500_overlap_75,CHERRYHILLMORTGAGEINVESTMENTCORP_09_26_2013-EX-10.1-Strategic Alliance Agreement,4441,11,9,9,1.0
test,paragraph_500_overlap_75,"WASTE2ENERGYHOLDINGS,INC_06_03_2010-EX-10.2-STRATEGIC ALLIANCE AGREEMENT",6187,17,16,16,1.0
test,paragraph_500_overlap_75,GridironBionutrientsInc_20171206_8-K_EX-10.2_10972556_EX-10.2_Endorsement Agreement,529,2,12,12,1.0
test,paragraph_500_overlap_75,FreezeTagInc_20180411_8-K_EX-10.1_11139603_EX-10.1_Sponsorship Agreement,4102,12,23,23,1.0
test,paragraph_500_overlap_75,WEBHELPCOMINC_03_22_2000-EX-10.8-HOSTING AGREEMENT,2955,8,20,20,1.0
test,paragraph_500_overlap_75,"Columbia Laboratories, (Bermuda) Ltd. - AMEND NO. 2 TO MANUFACTURING AND SUPPLY AGREEMENT",7145,17,21,21,1.0
test,paragraph_500_overlap_75,N2KINC_10_16_1997-EX-10.16-SPONSORSHIP AGREEMENT,5558,12,40,40,1.0
test,paragraph_500_overlap_75,ArconicRolledProductsCorp_20191217_10-12B_EX-2.7_11923804_EX-2.7_Trademark License Agreement,2828,7,20,20,1.0
test,paragraph_500_overlap_75,STWRESOURCESHOLDINGCORP_08_06_2014-EX-10.1-COOPERATION AGREEMENT,4448,14,25,25,1.0
test,paragraph_500_overlap_75,HarpoonTherapeuticsInc_20200312_10-K_EX-10.18_12051356_EX-10.18_Development Agreement,38518,90,70,70,1.0
test,paragraph_500_overlap_75,CardlyticsInc_20180112_S-1_EX-10.16_11002987_EX-10.16_Maintenance Agreement3,251,1,7,7,1.0
test,paragraph_500_overlap_75,AIRSPANNETWORKSINC_04_11_2000-EX-10.5-Distributor Agreement,10292,24,43,43,1.0
test,paragraph_500_overlap_75,GRANTIERRAENERGYINC_05_07_2012-EX-10.6-TRANSPORTATION CONTRACT,35339,87,33,32,0.9696969696969697
test,paragraph_500_overlap_75,"VIVINT SOLAR, INC. - NON-COMPETITION AGREEMENT",506,2,8,8,1.0
test,paragraph_500_overlap_75,CHIPMOSTECHNOLOGIESBERMUDALTD_04_18_2016-EX-4.72-Strategic Alliance Agreement,2026,5,11,11,1.0
test,paragraph_500_overlap_75,RitterPharmaceuticalsInc_20200313_S-4A_EX-10.54_12055220_EX-10.54_Development Agreement,18871,53,49,49,1.0
test,paragraph_500_overlap_75,AMBASSADOREYEWEARGROUPINC_11_17_1997-EX-10.28-ENDORSEMENT AGREEMENT,5780,13,40,40,1.0
test,paragraph_500_overlap_75,USASYNTHETICFUELCORP_10_21_2010-EX-10.10-STRATEGIC ALLIANCE AGREEMENT,8033,21,19,19,1.0
test,paragraph_500_overlap_75,WESTERN COPPER - NON-COMPETITION AGREEMENT,2626,6,17,17,1.0
test,paragraph_500_overlap_75,"HEMISPHERX - Sales, Marketing, Distribution, and Supply Agreement",10901,30,43,43,1.0
test,paragraph_500_overlap_75,MphaseTechnologiesInc_20030911_10-K_EX-10.15_1560667_EX-10.15_Co-Branding Agreement,1169,3,14,14,1.0
test,paragraph_500_overlap_75,"BABCOCK_WILCOXENTERPRISES,INC_08_04_2015-EX-10.17-INTELLECTUAL PROPERTY AGREEMENT between THE BABCOCK _ WILCOX COMPANY and BABCOCK _ WILCOX ENTERPRISES, INC.",16565,40,55,55,1.0
test,paragraph_500_overlap_75,"VAPOTHERM, INC. - Manufacturing and Supply Agreement",11847,27,24,24,1.0
test,paragraph_500_overlap_75,PLAYAHOTELS_RESORTSNV_03_14_2017-EX-10.22-STRATEGIC ALLIANCE AGREEMENT (Hyatt Ziva Cancun),3543,8,17,17,1.0
test,paragraph_500_overlap_75,"SPOKHOLDINGS,INC_06_19_2020-EX-10.1-COOPERATION AGREEMENT",2842,9,13,13,1.0
test,paragraph_500_overlap_75,RMRGROUPINC_01_22_2020-EX-99.1-JOINT FILING AGREEMENT,109,1,4,4,1.0
test,paragraph_500_overlap_75,PRIMEENERGYRESOURCESCORP_04_02_2007-EX-10.28-COMPLETION AND LIQUIDITY MAINTENANCE AGREEMENT,742,2,10,10,1.0
test,paragraph_500_overlap_75,AgapeAtpCorp_20191202_10-KA_EX-10.1_11911128_EX-10.1_Supply Agreement,3292,10,31,31,1.0
test,paragraph_500_overlap_75,PhoenixNewMediaLtd_20110421_F-1_EX-10.17_6958322_EX-10.17_Content License Agreement,3908,10,20,20,1.0
test,paragraph_500_overlap_75,"ONEMAINHOLDINGS,INC_02_20_2020-EX-99.D-JOINT FILING AGREEMENT",944,2,15,15,1.0
test,paragraph_500_overlap_75,BerkshireHillsBancorpInc_20120809_10-Q_EX-10.16_7708169_EX-10.16_Endorsement Agreement,4466,11,23,23,1.0
test,paragraph_500_overlap_75,VALENCETECHNOLOGYINC_02_14_2003-EX-10-JOINT VENTURE CONTRACT,11008,25,24,24,1.0
test,paragraph_500_overlap_75,Quaker Chemical Corporation - NON COMPETITION AND NON SOLICITATION AGREEMENT,3488,8,21,21,1.0
test,paragraph_500_overlap_75,GpaqAcquisitionHoldingsInc_20200123_S-4A_EX-10.8_11951679_EX-10.8_Service Agreement,8649,22,28,28,1.0
test,paragraph_500_overlap_75,"SUCAMPOPHARMACEUTICALS,INC_11_04_2015-EX-10.2-STRATEGIC ALLIANCE AGREEMENT",9629,25,14,14,1.0
test,paragraph_500_overlap_75,KENTUCKYUTILITIESCO_03_25_2003-EX-10.65-TRANSPORTATION AGREEMENT,2578,6,15,15,1.0
test,paragraph_500_overlap_75,AFSALABANCORPINC_08_01_1996-EX-1.1-AGENCY AGREEMENT,17813,44,22,22,1.0
test,paragraph_500_overlap_75,SigaTechnologiesInc_20190603_8-K_EX-10.1_11695818_EX-10.1_Promotion Agreement,22348,57,42,42,1.0
test,paragraph_500_overlap_75,HPILHOLDING_01_07_2015-EX-99.1-COOPERATION AGREEMENT,2626,8,14,14,1.0
test,paragraph_500_overlap_75,FEDERATEDGOVERNMENTINCOMESECURITIESINC_04_28_2020-EX-99.SERV AGREE-SERVICES AGREEMENT_POWEROF,2213,6,9,9,1.0
test,paragraph_500_overlap_75,"CURAEGISTECHNOLOGIES,INC_05_26_2010-EX-1-CORPORATE SPONSORSHIP AGREEMENT",1975,5,19,19,1.0
test,paragraph_500_overlap_75,GridironBionutrientsInc_20171206_8-K_EX-10.1_10972555_EX-10.1_Endorsement Agreement,4601,13,29,29,1.0
test,paragraph_500_overlap_75,WOMENSGOLFUNLIMITEDINC_03_29_2000-EX-10.13-ENDORSEMENT AGREEMENT,4539,10,48,48,1.0
test,paragraph_500_overlap_75,ScansourceInc_20190509_10-Q_EX-10.2_11661422_EX-10.2_Distributor Agreement,2131,5,21,21,1.0
test,paragraph_500_overlap_75,SoupmanInc_20150814_8-K_EX-10.1_9230148_EX-10.1_Franchise Agreement4,492,1,4,4,1.0
test,paragraph_500_overlap_75,BOLIVARMININGCORP_05_23_2003-EX-2.1-VISP WEB SITE BUILDING AND HOSTING AGREEMENT,1736,5,14,14,1.0
test,paragraph_500_overlap_75,"GALERATHERAPEUTICS,INC_02_14_2020-EX-99.A-JOINT FILING AGREEMENT",623,2,14,14,1.0
test,paragraph_500_overlap_75,"Reinsurance Group of America, Incorporated - A_R REMARKETING  AGREEMENT",16074,39,21,21,1.0
test,paragraph_500_overlap_75,PaperexchangeComInc_20000322_S-1A_EX-10.4_5202103_EX-10.4_Co-Branding Agreement,12480,28,62,62,1.0
test,paragraph_500_overlap_75,BIOPURECORP_06_30_1999-EX-10.13-AGENCY AGREEMENT,5757,13,28,28,1.0
test,paragraph_500_overlap_75,TRIZETTOGROUPINC_08_18_1999-EX-10.17-TECHNICAL INFRASTRUCTURE MAINTENANCE AGREEMENT,2208,5,18,18,1.0
test,paragraph_500_overlap_75,"SPIENERGYCO,LTD_07_10_2014-EX-10-Cooperation Agreement of 50MWp Photovoltaic Grid-connected Power Generation Project in Yangqiao of~1",413,1,6,6,1.0
test,paragraph_500_overlap_75,SoupmanInc_20150814_8-K_EX-10.1_9230148_EX-10.1_Franchise Agreement1,22750,65,81,80,0.9876543209876543
test,paragraph_500_overlap_75,IntegrityMediaInc_20010329_10-K405_EX-10.17_2373875_EX-10.17_Co-Branding Agreement,3545,8,30,30,1.0
test,paragraph_500_overlap_75,WatchitMediaInc_20061201_8-K_EX-10.1_4148672_EX-10.1_Content License Agreement,342,1,8,8,1.0
test,paragraph_500_overlap_75,"OMINTO,INC_03_29_2004-EX-10-RESELLER AGREEMENT",3983,9,22,22,1.0
test,paragraph_500_overlap_75,"GSITECHNOLOGYINC_11_16_2009-EX-10.2-INTELLECTUAL PROPERTY AGREEMENT between SONY ELECTRONICS INC. and GSI TECHNOLOGY, INC.",5558,17,24,24,1.0
test,paragraph_500_overlap_75,MusclepharmCorp_20170208_10-KA_EX-10.38_9893581_EX-10.38_Co-Branding Agreement,13393,37,72,72,1.0
test,paragraph_500_overlap_75,"PAXMEDICA,INC_07_02_2020-EX-10.12-Master Service Agreement",2694,9,21,21,1.0
test,paragraph_500_overlap_75,"DRIVENDELIVERIES,INC_05_22_2020-EX-10.4-CONSULTING AGREEMENT",4188,12,24,24,1.0
test,paragraph_500_overlap_75,"HALITRON,INC_03_01_2005-EX-10.15-SPONSORSHIP AND DEVELOPMENT AGREEMENT",4429,10,32,32,1.0
test,paragraph_500_overlap_75,WestPharmaceuticalServicesInc_20200116_8-K_EX-10.1_11947529_EX-10.1_Supply Agreement,12651,29,43,42,0.9767441860465116
test,paragraph_500_overlap_75,PANDIONTHERAPEUTICSHOLDCOLLC_05_22_2020-EX-10.17-CONSULTING AGREEMENT,3527,8,23,23,1.0
test,paragraph_500_overlap_75,BizzingoInc_20120322_8-K_EX-10.17_7504499_EX-10.17_Endorsement Agreement,3696,9,23,23,1.0
test,paragraph_500_overlap_75,PHLVARIABLEINSURANCECOCT_08_17_2009-EX-10.1-STRATEGIC ALLIANCE AGREEMENT,15724,35,26,25,0.9615384615384616
test,paragraph_500_overlap_75,"MFAFINANCIAL,INC_07_06_2020-EX-99.D-JOINT FILING AGREEMENT",578,2,21,21,1.0
test,paragraph_500_overlap_75,PROFOUNDMEDICALCORP_08_29_2019-EX-4.5-SUPPLY AGREEMENT,10152,26,32,32,1.0
test,paragraph_500_overlap_75,TRICITYBANKSHARESCORP_05_15_1998-EX-10-OUTSOURCING AGREEMENT,15402,36,38,38,1.0
test,paragraph_500_overlap_75,"HC2HOLDINGS,INC_05_14_2020-EX-10.1-COOPERATION AGREEMENT",8562,22,16,16,1.0
test,paragraph_500_overlap_75,Monsanto Company - SECOND A_R EXCLUSIVE AGENCY AND MARKETING AGREEMENT ,33833,76,95,95,1.0
test,paragraph_500_overlap_75,ElPolloLocoHoldingsInc_20200306_10-K_EX-10.16_12041700_EX-10.16_Development Agreement,9315,22,33,33,1.0
test,paragraph_500_overlap_75,ACCELERATEDTECHNOLOGIESHOLDINGCORP_04_24_2003-EX-10.13-JOINT VENTURE AGREEMENT,1911,5,13,13,1.0
test,paragraph_500_overlap_75,SEASPINEHOLDINGSCORP_10_10_2018-EX-10.1-SUPPLY AGREEMENT,10675,24,37,37,1.0
test,paragraph_500_overlap_75,HfEnterprisesInc_20191223_S-1_EX-10.22_11931299_EX-10.22_Development Agreement,2923,7,23,22,0.9565217391304348
test,paragraph_500_overlap_75,ICORECONNECTINC_10_13_2010-EX-7.1-Strategic Alliance Agreement,3913,10,21,21,1.0
test,paragraph_500_overlap_75,TEARDROPGOLFCO_10_23_1996-EX-10.12-ENDORSEMENT AGREEMENT,3682,8,24,24,1.0
test,paragraph_500_overlap_75,ScansourceInc_20190822_10-K_EX-10.39_11793959_EX-10.39_Distributor Agreement,1605,4,7,7,1.0
test,paragraph_500_overlap_75,LOOKSMARTLTD_07_20_2012-EX-99.(D)(I)-SPONSORSHIP AGREEMENT,3945,10,14,14,1.0
test,paragraph_500_overlap_75,PcquoteComInc_19990721_S-1A_EX-10.11_6377149_EX-10.11_Co-Branding Agreement2,123,1,7,7,1.0
test,paragraph_500_overlap_75,IMPCOTECHNOLOGIESINC_04_15_2003-EX-10.65-JOINT VENTURE AGREEMENT,10211,26,22,22,1.0
test,paragraph_500_overlap_75,EbixInc_20010515_10-Q_EX-10.3_4049767_EX-10.3_Co-Branding Agreement,6272,14,28,28,1.0
test,paragraph_500_overlap_75,EcoScienceSolutionsInc_20180406_8-K_EX-10.1_11135398_EX-10.1_Sponsorship Agreement,1236,3,11,11,1.0
test,paragraph_500_overlap_75,"GOOSEHEADINSURANCE,INC_04_02_2018-EX-10.6-Franchise Agreement",47733,139,97,96,0.9896907216494846
test,paragraph_500_overlap_75,IdeanomicsInc_20151124_8-K_EX-10.2_9354744_EX-10.2_Content License Agreement,5426,14,24,24,1.0
test,paragraph_500_overlap_75,"PRECIGEN,INC_01_22_2020-EX-99.1-JOINT FILING AGREEMENT",145,1,4,4,1.0
test,paragraph_500_overlap_75,PhotronicsInc_20171219_10-QA_EX-10.28_10982650_EX-10.28_Outsourcing Agreement,3937,9,19,19,1.0
test,paragraph_500_overlap_75,EMERALDHEALTHTHERAPEUTICSINC_06_10_2020-EX-4.5-CONSULTING AGREEMENT - DR. GAETANO MORELLO N.D. INC.,3192,8,13,13,1.0
test,paragraph_500_overlap_75,PcquoteComInc_19990721_S-1A_EX-10.11_6377149_EX-10.11_Co-Branding Agreement1,3025,7,15,15,1.0
test,paragraph_500_overlap_75,ALCOSTORESINC_12_14_2005-EX-10.26-AGENCY AGREEMENT,1807,5,11,11,1.0
test,paragraph_500_overlap_75,INGEVITYCORP_05_16_2016-EX-10.5-INTELLECTUAL PROPERTY AGREEMENT,9967,31,41,41,1.0
test,paragraph_500_overlap_75,"NOVOINTEGRATEDSCIENCES,INC_12_23_2019-EX-10.1-JOINT VENTURE AGREEMENT",3412,9,19,19,1.0
test,paragraph_500_overlap_75,XinhuaSportsEntertainmentLtd_20070221_F-1_EX-99.4_645553_EX-99.4_Content License Agreement,2472,6,26,26,1.0
test,paragraph_500_overlap_75,MERITLIFEINSURANCECO_06_19_2020-EX-10.(XIV)-MASTER SERVICES AGREEMENT,3328,9,24,24,1.0
test,paragraph_600_overlap_100,LohaCompanyltd_20191209_F-1_EX-10.16_11917878_EX-10.16_Supply Agreement,1880,4,7,7,1.0
test,paragraph_600_overlap_100,CENTRACKINTERNATIONALINC_10_29_1999-EX-10.3-WEB SITE HOSTING AGREEMENT,2280,5,17,17,1.0
test,paragraph_600_overlap_100,DovaPharmaceuticalsInc_20181108_10-Q_EX-10.2_11414857_EX-10.2_Promotion Agreement,26789,51,51,51,1.0
test,paragraph_600_overlap_100,"PACIRA PHARMACEUTICALS, INC. - A_R STRATEGIC LICENSING, DISTRIBUTION AND MARKETING AGREEMENT ",22756,44,83,82,0.9879518072289156
test,paragraph_600_overlap_100,ThriventVariableInsuranceAccountB_20190701_N-6_EX-99.D(IV)_11720968_EX-99.D(IV)_Endorsement Agreement,735,2,5,5,1.0
test,paragraph_600_overlap_100,"HERTZGLOBALHOLDINGS,INC_07_07_2016-EX-10.4-INTELLECTUAL PROPERTY AGREEMENT",4904,11,30,30,1.0
test,paragraph_600_overlap_100,TUNIUCORP_03_06_2014-EX-10-COOPERATION AGREEMENT,2760,5,21,21,1.0
test,paragraph_600_overlap_100,CYBERIANOUTPOSTINC_07_09_1998-EX-10.13-PROMOTION AGREEMENT,3450,7,22,22,1.0
test,paragraph_600_overlap_100,MSCIINC_02_28_2008-EX-10.10-,1851,4,18,18,1.0
test,paragraph_600_overlap_100,CHERRYHILLMORTGAGEINVESTMENTCORP_09_26_2013-EX-10.1-Strategic Alliance Agreement,4441,9,9,9,1.0
test,paragraph_600_overlap_100,"WASTE2ENERGYHOLDINGS,INC_06_03_2010-EX-10.2-STRATEGIC ALLIANCE AGREEMENT",6187,16,16,16,1.0
test,paragraph_600_overlap_100,GridironBionutrientsInc_20171206_8-K_EX-10.2_10972556_EX-10.2_Endorsement Agreement,529,1,12,12,1.0
test,paragraph_600_overlap_100,FreezeTagInc_20180411_8-K_EX-10.1_11139603_EX-10.1_Sponsorship Agreement,4102,9,23,23,1.0
test,paragraph_600_overlap_100,WEBHELPCOMINC_03_22_2000-EX-10.8-HOSTING AGREEMENT,2955,6,20,20,1.0
test,paragraph_600_overlap_100,"Columbia Laboratories, (Bermuda) Ltd. - AMEND NO. 2 TO MANUFACTURING AND SUPPLY AGREEMENT",7145,14,21,21,1.0
test,paragraph_600_overlap_100,N2KINC_10_16_1997-EX-10.16-SPONSORSHIP AGREEMENT,5558,10,40,40,1.0
test,paragraph_600_overlap_100,ArconicRolledProductsCorp_20191217_10-12B_EX-2.7_11923804_EX-2.7_Trademark License Agreement,2828,7,20,20,1.0
test,paragraph_600_overlap_100,STWRESOURCESHOLDINGCORP_08_06_2014-EX-10.1-COOPERATION AGREEMENT,4448,10,25,25,1.0
test,paragraph_600_overlap_100,HarpoonTherapeuticsInc_20200312_10-K_EX-10.18_12051356_EX-10.18_Development Agreement,38518,72,70,70,1.0
test,paragraph_600_overlap_100,CardlyticsInc_20180112_S-1_EX-10.16_11002987_EX-10.16_Maintenance Agreement3,251,1,7,7,1.0
test,paragraph_600_overlap_100,AIRSPANNETWORKSINC_04_11_2000-EX-10.5-Distributor Agreement,10292,19,43,43,1.0
test,paragraph_600_overlap_100,GRANTIERRAENERGYINC_05_07_2012-EX-10.6-TRANSPORTATION CONTRACT,35339,76,33,33,1.0
test,paragraph_600_overlap_100,"VIVINT SOLAR, INC. - NON-COMPETITION AGREEMENT",506,1,8,8,1.0
test,paragraph_600_overlap_100,CHIPMOSTECHNOLOGIESBERMUDALTD_04_18_2016-EX-4.72-Strategic Alliance Agreement,2026,4,11,11,1.0
test,paragraph_600_overlap_100,RitterPharmaceuticalsInc_20200313_S-4A_EX-10.54_12055220_EX-10.54_Development Agreement,18871,44,49,48,0.9795918367346939
test,paragraph_600_overlap_100,AMBASSADOREYEWEARGROUPINC_11_17_1997-EX-10.28-ENDORSEMENT AGREEMENT,5780,11,40,40,1.0
test,paragraph_600_overlap_100,USASYNTHETICFUELCORP_10_21_2010-EX-10.10-STRATEGIC ALLIANCE AGREEMENT,8033,19,19,19,1.0
test,paragraph_600_overlap_100,WESTERN COPPER - NON-COMPETITION AGREEMENT,2626,5,17,17,1.0
test,paragraph_600_overlap_100,"HEMISPHERX - Sales, Marketing, Distribution, and Supply Agreement",10901,24,43,43,1.0
test,paragraph_600_overlap_100,MphaseTechnologiesInc_20030911_10-K_EX-10.15_1560667_EX-10.15_Co-Branding Agreement,1169,2,14,14,1.0
test,paragraph_600_overlap_100,"BABCOCK_WILCOXENTERPRISES,INC_08_04_2015-EX-10.17-INTELLECTUAL PROPERTY AGREEMENT between THE BABCOCK _ WILCOX COMPANY and BABCOCK _ WILCOX ENTERPRISES, INC.",16565,32,55,55,1.0
test,paragraph_600_overlap_100,"VAPOTHERM, INC. - Manufacturing and Supply Agreement",11847,22,24,24,1.0
test,paragraph_600_overlap_100,PLAYAHOTELS_RESORTSNV_03_14_2017-EX-10.22-STRATEGIC ALLIANCE AGREEMENT (Hyatt Ziva Cancun),3543,7,17,17,1.0
test,paragraph_600_overlap_100,"SPOKHOLDINGS,INC_06_19_2020-EX-10.1-COOPERATION AGREEMENT",2842,6,13,13,1.0
test,paragraph_600_overlap_100,RMRGROUPINC_01_22_2020-EX-99.1-JOINT FILING AGREEMENT,109,1,4,4,1.0
test,paragraph_600_overlap_100,PRIMEENERGYRESOURCESCORP_04_02_2007-EX-10.28-COMPLETION AND LIQUIDITY MAINTENANCE AGREEMENT,742,2,10,10,1.0
test,paragraph_600_overlap_100,AgapeAtpCorp_20191202_10-KA_EX-10.1_11911128_EX-10.1_Supply Agreement,3292,8,31,31,1.0
test,paragraph_600_overlap_100,PhoenixNewMediaLtd_20110421_F-1_EX-10.17_6958322_EX-10.17_Content License Agreement,3908,10,20,20,1.0
test,paragraph_600_overlap_100,"ONEMAINHOLDINGS,INC_02_20_2020-EX-99.D-JOINT FILING AGREEMENT",944,2,15,15,1.0
test,paragraph_600_overlap_100,BerkshireHillsBancorpInc_20120809_10-Q_EX-10.16_7708169_EX-10.16_Endorsement Agreement,4466,11,23,23,1.0
test,paragraph_600_overlap_100,VALENCETECHNOLOGYINC_02_14_2003-EX-10-JOINT VENTURE CONTRACT,11008,20,24,24,1.0
test,paragraph_600_overlap_100,Quaker Chemical Corporation - NON COMPETITION AND NON SOLICITATION AGREEMENT,3488,8,21,21,1.0
test,paragraph_600_overlap_100,GpaqAcquisitionHoldingsInc_20200123_S-4A_EX-10.8_11951679_EX-10.8_Service Agreement,8649,19,28,28,1.0
test,paragraph_600_overlap_100,"SUCAMPOPHARMACEUTICALS,INC_11_04_2015-EX-10.2-STRATEGIC ALLIANCE AGREEMENT",9629,23,14,14,1.0
test,paragraph_600_overlap_100,KENTUCKYUTILITIESCO_03_25_2003-EX-10.65-TRANSPORTATION AGREEMENT,2578,6,15,15,1.0
test,paragraph_600_overlap_100,AFSALABANCORPINC_08_01_1996-EX-1.1-AGENCY AGREEMENT,17813,37,22,22,1.0
test,paragraph_600_overlap_100,SigaTechnologiesInc_20190603_8-K_EX-10.1_11695818_EX-10.1_Promotion Agreement,22348,47,42,42,1.0
test,paragraph_600_overlap_100,HPILHOLDING_01_07_2015-EX-99.1-COOPERATION AGREEMENT,2626,7,14,14,1.0
test,paragraph_600_overlap_100,FEDERATEDGOVERNMENTINCOMESECURITIESINC_04_28_2020-EX-99.SERV AGREE-SERVICES AGREEMENT_POWEROF,2213,5,9,9,1.0
test,paragraph_600_overlap_100,"CURAEGISTECHNOLOGIES,INC_05_26_2010-EX-1-CORPORATE SPONSORSHIP AGREEMENT",1975,4,19,19,1.0
test,paragraph_600_overlap_100,GridironBionutrientsInc_20171206_8-K_EX-10.1_10972555_EX-10.1_Endorsement Agreement,4601,10,29,29,1.0
test,paragraph_600_overlap_100,WOMENSGOLFUNLIMITEDINC_03_29_2000-EX-10.13-ENDORSEMENT AGREEMENT,4539,8,48,48,1.0
test,paragraph_600_overlap_100,ScansourceInc_20190509_10-Q_EX-10.2_11661422_EX-10.2_Distributor Agreement,2131,4,21,21,1.0
test,paragraph_600_overlap_100,SoupmanInc_20150814_8-K_EX-10.1_9230148_EX-10.1_Franchise Agreement4,492,1,4,4,1.0
test,paragraph_600_overlap_100,BOLIVARMININGCORP_05_23_2003-EX-2.1-VISP WEB SITE BUILDING AND HOSTING AGREEMENT,1736,4,14,14,1.0
test,paragraph_600_overlap_100,"GALERATHERAPEUTICS,INC_02_14_2020-EX-99.A-JOINT FILING AGREEMENT",623,2,14,14,1.0
test,paragraph_600_overlap_100,"Reinsurance Group of America, Incorporated - A_R REMARKETING  AGREEMENT",16074,30,21,21,1.0
test,paragraph_600_overlap_100,PaperexchangeComInc_20000322_S-1A_EX-10.4_5202103_EX-10.4_Co-Branding Agreement,12480,23,62,62,1.0
test,paragraph_600_overlap_100,BIOPURECORP_06_30_1999-EX-10.13-AGENCY AGREEMENT,5757,11,28,28,1.0
test,paragraph_600_overlap_100,TRIZETTOGROUPINC_08_18_1999-EX-10.17-TECHNICAL INFRASTRUCTURE MAINTENANCE AGREEMENT,2208,4,18,18,1.0
test,paragraph_600_overlap_100,"SPIENERGYCO,LTD_07_10_2014-EX-10-Cooperation Agreement of 50MWp Photovoltaic Grid-connected Power Generation Project in Yangqiao of~1",413,1,6,6,1.0
test,paragraph_600_overlap_100,SoupmanInc_20150814_8-K_EX-10.1_9230148_EX-10.1_Franchise Agreement1,22750,48,81,80,0.9876543209876543
test,paragraph_600_overlap_100,IntegrityMediaInc_20010329_10-K405_EX-10.17_2373875_EX-10.17_Co-Branding Agreement,3545,7,30,30,1.0
test,paragraph_600_overlap_100,WatchitMediaInc_20061201_8-K_EX-10.1_4148672_EX-10.1_Content License Agreement,342,1,8,8,1.0
test,paragraph_600_overlap_100,"OMINTO,INC_03_29_2004-EX-10-RESELLER AGREEMENT",3983,8,22,22,1.0
test,paragraph_600_overlap_100,"GSITECHNOLOGYINC_11_16_2009-EX-10.2-INTELLECTUAL PROPERTY AGREEMENT between SONY ELECTRONICS INC. and GSI TECHNOLOGY, INC.",5558,13,24,24,1.0
test,paragraph_600_overlap_100,MusclepharmCorp_20170208_10-KA_EX-10.38_9893581_EX-10.38_Co-Branding Agreement,13393,26,72,72,1.0
test,paragraph_600_overlap_100,"PAXMEDICA,INC_07_02_2020-EX-10.12-Master Service Agreement",2694,6,21,21,1.0
test,paragraph_600_overlap_100,"DRIVENDELIVERIES,INC_05_22_2020-EX-10.4-CONSULTING AGREEMENT",4188,10,24,24,1.0
test,paragraph_600_overlap_100,"HALITRON,INC_03_01_2005-EX-10.15-SPONSORSHIP AND DEVELOPMENT AGREEMENT",4429,8,32,32,1.0
test,paragraph_600_overlap_100,WestPharmaceuticalServicesInc_20200116_8-K_EX-10.1_11947529_EX-10.1_Supply Agreement,12651,23,43,43,1.0
test,paragraph_600_overlap_100,PANDIONTHERAPEUTICSHOLDCOLLC_05_22_2020-EX-10.17-CONSULTING AGREEMENT,3527,7,23,23,1.0
test,paragraph_600_overlap_100,BizzingoInc_20120322_8-K_EX-10.17_7504499_EX-10.17_Endorsement Agreement,3696,9,23,23,1.0
test,paragraph_600_overlap_100,PHLVARIABLEINSURANCECOCT_08_17_2009-EX-10.1-STRATEGIC ALLIANCE AGREEMENT,15724,28,26,26,1.0
test,paragraph_600_overlap_100,"MFAFINANCIAL,INC_07_06_2020-EX-99.D-JOINT FILING AGREEMENT",578,1,21,21,1.0
test,paragraph_600_overlap_100,PROFOUNDMEDICALCORP_08_29_2019-EX-4.5-SUPPLY AGREEMENT,10152,22,32,32,1.0
test,paragraph_600_overlap_100,TRICITYBANKSHARESCORP_05_15_1998-EX-10-OUTSOURCING AGREEMENT,15402,28,38,37,0.9736842105263158
test,paragraph_600_overlap_100,"HC2HOLDINGS,INC_05_14_2020-EX-10.1-COOPERATION AGREEMENT",8562,17,16,16,1.0
test,paragraph_600_overlap_100,Monsanto Company - SECOND A_R EXCLUSIVE AGENCY AND MARKETING AGREEMENT ,33833,62,95,95,1.0
test,paragraph_600_overlap_100,ElPolloLocoHoldingsInc_20200306_10-K_EX-10.16_12041700_EX-10.16_Development Agreement,9315,18,33,33,1.0
test,paragraph_600_overlap_100,ACCELERATEDTECHNOLOGIESHOLDINGCORP_04_24_2003-EX-10.13-JOINT VENTURE AGREEMENT,1911,4,13,13,1.0
test,paragraph_600_overlap_100,SEASPINEHOLDINGSCORP_10_10_2018-EX-10.1-SUPPLY AGREEMENT,10675,21,37,37,1.0
test,paragraph_600_overlap_100,HfEnterprisesInc_20191223_S-1_EX-10.22_11931299_EX-10.22_Development Agreement,2923,6,23,23,1.0
test,paragraph_600_overlap_100,ICORECONNECTINC_10_13_2010-EX-7.1-Strategic Alliance Agreement,3913,9,21,21,1.0
test,paragraph_600_overlap_100,TEARDROPGOLFCO_10_23_1996-EX-10.12-ENDORSEMENT AGREEMENT,3682,7,24,24,1.0
test,paragraph_600_overlap_100,ScansourceInc_20190822_10-K_EX-10.39_11793959_EX-10.39_Distributor Agreement,1605,3,7,7,1.0
test,paragraph_600_overlap_100,LOOKSMARTLTD_07_20_2012-EX-99.(D)(I)-SPONSORSHIP AGREEMENT,3945,10,14,14,1.0
test,paragraph_600_overlap_100,PcquoteComInc_19990721_S-1A_EX-10.11_6377149_EX-10.11_Co-Branding Agreement2,123,1,7,7,1.0
test,paragraph_600_overlap_100,IMPCOTECHNOLOGIESINC_04_15_2003-EX-10.65-JOINT VENTURE AGREEMENT,10211,24,22,22,1.0
test,paragraph_600_overlap_100,EbixInc_20010515_10-Q_EX-10.3_4049767_EX-10.3_Co-Branding Agreement,6272,12,28,28,1.0
test,paragraph_600_overlap_100,EcoScienceSolutionsInc_20180406_8-K_EX-10.1_11135398_EX-10.1_Sponsorship Agreement,1236,3,11,11,1.0
test,paragraph_600_overlap_100,"GOOSEHEADINSURANCE,INC_04_02_2018-EX-10.6-Franchise Agreement",47733,94,97,96,0.9896907216494846
test,paragraph_600_overlap_100,IdeanomicsInc_20151124_8-K_EX-10.2_9354744_EX-10.2_Content License Agreement,5426,12,24,24,1.0
test,paragraph_600_overlap_100,"PRECIGEN,INC_01_22_2020-EX-99.1-JOINT FILING AGREEMENT",145,1,4,4,1.0
test,paragraph_600_overlap_100,PhotronicsInc_20171219_10-QA_EX-10.28_10982650_EX-10.28_Outsourcing Agreement,3937,8,19,19,1.0
test,paragraph_600_overlap_100,EMERALDHEALTHTHERAPEUTICSINC_06_10_2020-EX-4.5-CONSULTING AGREEMENT - DR. GAETANO MORELLO N.D. INC.,3192,7,13,13,1.0
test,paragraph_600_overlap_100,PcquoteComInc_19990721_S-1A_EX-10.11_6377149_EX-10.11_Co-Branding Agreement1,3025,6,15,15,1.0
test,paragraph_600_overlap_100,ALCOSTORESINC_12_14_2005-EX-10.26-AGENCY AGREEMENT,1807,4,11,11,1.0
test,paragraph_600_overlap_100,INGEVITYCORP_05_16_2016-EX-10.5-INTELLECTUAL PROPERTY AGREEMENT,9967,22,41,41,1.0
test,paragraph_600_overlap_100,"NOVOINTEGRATEDSCIENCES,INC_12_23_2019-EX-10.1-JOINT VENTURE AGREEMENT",3412,9,19,19,1.0
test,paragraph_600_overlap_100,XinhuaSportsEntertainmentLtd_20070221_F-1_EX-99.4_645553_EX-99.4_Content License Agreement,2472,5,26,26,1.0
test,paragraph_600_overlap_100,MERITLIFEINSURANCECO_06_19_2020-EX-10.(XIV)-MASTER SERVICES AGREEMENT,3328,8,24,24,1.0
train,fixed_350_overlap_50,LIMEENERGYCO_09_09_1999-EX-10-DISTRIBUTOR AGREEMENT,5998,20,46,46,1.0
train,fixed_350_overlap_50,"WHITESMOKE,INC_11_08_2011-EX-10.26-PROMOTION AND DISTRIBUTION AGREEMENT",11313,38,27,27,1.0
train,fixed_350_overlap_50,NELNETINC_04_08_2020-EX-1-JOINT FILING AGREEMENT,170,1,4,4,1.0
train,fixed_350_overlap_50,ADAMSGOLFINC_03_21_2005-EX-10.17-ENDORSEMENT AGREEMENT,3770,13,23,23,1.0
train,fixed_350_overlap_50,"KIROMICBIOPHARMA,INC_05_11_2020-EX-10.23-CONSULTING AGREEMENT",2766,10,24,24,1.0
train,fixed_350_overlap_50,"VEONEER,INC_02_21_2020-EX-10.11-JOINT VENTURE AGREEMENT",1334,5,16,16,1.0
train,fixed_350_overlap_50,"MetLife, Inc. - Remarketing Agreement",17518,59,16,15,0.9375
train,fixed_350_overlap_50,"FTENETWORKS,INC_02_18_2016-EX-99.4-STRATEGIC ALLIANCE AGREEMENT",5761,20,33,32,0.9696969696969697
train,fixed_350_overlap_50,DOMINIADVISORTRUST_02_18_2005-EX-99.(H)(2)-SPONSORSHIP AGREEMENT,1847,6,13,13,1.0
train,fixed_350_overlap_50,PfHospitalityGroupInc_20150923_10-12G_EX-10.1_9266710_EX-10.1_Franchise Agreement3,1014,4,12,12,1.0
train,fixed_350_overlap_50,CerenceInc_20191002_8-K_EX-10.4_11827494_EX-10.4_Intellectual Property Agreement,9608,32,40,36,0.9
train,fixed_350_overlap_50,ReynoldsConsumerProductsInc_20191115_S-1_EX-10.18_11896469_EX-10.18_Supply Agreement,9599,32,26,24,0.9230769230769231
train,fixed_350_overlap_50,IntegrityFunds_20200121_485BPOS_EX-99.E UNDR CONTR_11948727_EX-99.E UNDR CONTR_Service Agreement,3784,13,12,10,0.8333333333333334
train,fixed_350_overlap_50,PREMIERBIOMEDICALINC_05_14_2020-EX-10.2-INTELLECTUAL PROPERTY AGREEMENT,3596,12,22,19,0.8636363636363636
train,fixed_350_overlap_50,"SIBANNAC,INC_12_04_2017-EX-2.1-Strategic Alliance Agreement",1236,4,14,14,1.0
train,fixed_350_overlap_50,INTRICONCORP_03_10_2009-EX-10.22-Strategic Alliance Agreement,7774,26,35,35,1.0
train,fixed_350_overlap_50,BONTONSTORESINC_04_20_2018-EX-99.3-AGENCY AGREEMENT,26842,90,43,42,0.9767441860465116
train,fixed_350_overlap_50,"ON2TECHNOLOGIES,INC_11_17_2006-EX-10.3-SUPPORT AND MAINTENANCE AGREEMENT",8844,30,17,17,1.0
train,fixed_350_overlap_50,Freecook_20180605_S-1_EX-10.3_11233807_EX-10.3_Hosting Agreement,997,4,10,10,1.0
train,fixed_350_overlap_50,OPERALTD_04_30_2020-EX-4.14-SERVICE AGREEMENT,3326,11,21,21,1.0
train,fixed_350_overlap_50,"BORROWMONEYCOM,INC_06_11_2020-EX-10.1-JOINT VENTURE AGREEMENT",3507,12,11,11,1.0
train,fixed_350_overlap_50,ZEBRATECHNOLOGIESCORP_04_16_2014-EX-10.1-INTELLECTUAL PROPERTY AGREEMENT,19581,66,45,33,0.7333333333333333
train,fixed_350_overlap_50,ChinaRealEstateInformationCorp_20090929_F-1_EX-10.32_4771615_EX-10.32_Content License Agreement,7522,25,24,23,0.9583333333333334
train,fixed_350_overlap_50,GLOBALTECHNOLOGIESLTD_06_08_2020-EX-10.16-CONSULTING AGREEMENT,3199,11,12,12,1.0
train,fixed_350_overlap_50,PfHospitalityGroupInc_20150923_10-12G_EX-10.1_9266710_EX-10.1_Franchise Agreement1,24389,82,84,79,0.9404761904761905
train,fixed_350_overlap_50,CORIOINC_07_20_2000-EX-10.5-LICENSE AND HOSTING AGREEMENT,8396,28,53,50,0.9433962264150944
train,fixed_350_overlap_50,SENMIAOTECHNOLOGYLTD_02_19_2019-EX-10.5-Collaboration Agreement,11876,40,33,32,0.9696969696969697
train,fixed_350_overlap_50,HealthcareIntegratedTechnologiesInc_20190812_8-K_EX-10.1_11776966_EX-10.1_Reseller Agreement,3519,12,22,21,0.9545454545454546
train,fixed_350_overlap_50,LOYALTYPOINTINC_11_16_2004-EX-10.2-RESELLER AGREEMENT,12890,43,30,29,0.9666666666666667
train,fixed_350_overlap_50,BNCMORTGAGEINC_05_17_1999-EX-10.4-LICENSING AND WEB SITE HOSTING AGREEMENT,4739,16,17,16,0.9411764705882353
train,fixed_350_overlap_50,ENERGOUSCORP_03_16_2017-EX-10.24-STRATEGIC ALLIANCE AGREEMENT,12422,42,67,65,0.9701492537313433
train,fixed_350_overlap_50,CytodynInc_20200109_10-Q_EX-10.5_11941634_EX-10.5_License Agreement,24801,83,52,50,0.9615384615384616
train,fixed_350_overlap_50,NICELTD_06_26_2003-EX-4.5-OUTSOURCING AGREEMENT,18608,62,29,28,0.9655172413793104
train,fixed_350_overlap_50,ImpresseCorp_20000322_S-1A_EX-10.11_5199234_EX-10.11_Co-Branding Agreement,7249,24,32,32,1.0
train,fixed_350_overlap_50,AlliedEsportsEntertainmentInc_20190815_8-K_EX-10.19_11788293_EX-10.19_Content License Agreement,5471,19,30,28,0.9333333333333333
train,fixed_350_overlap_50,CreditcardscomInc_20070810_S-1_EX-10.33_362297_EX-10.33_Affiliate Agreement,4045,14,13,13,1.0
train,fixed_350_overlap_50,GALACTICOMMTECHNOLOGIESINC_11_07_1997-EX-10.46-WEB HOSTING AGREEMENT,223,1,5,5,1.0
train,fixed_350_overlap_50,"Zounds Hearing, Inc. - MANUFACTURING DESIGN MARKETING AGREEMENT",6897,23,31,31,1.0
train,fixed_350_overlap_50,CUROGROUPHOLDINGSCORP_05_04_2020-EX-10.3-SERVICING AGREEMENT,5793,20,12,12,1.0
train,fixed_350_overlap_50,SouthernStarEnergyInc_20051202_SB-2A_EX-9_801890_EX-9_Affiliate Agreement,3607,12,17,17,1.0
train,fixed_350_overlap_50,ConformisInc_20191101_10-Q_EX-10.6_11861402_EX-10.6_Development Agreement,9583,32,33,30,0.9090909090909091
train,fixed_350_overlap_50,Principal Life Insurance Company - Broker Dealer Marketing and Servicing Agreement,4366,15,15,15,1.0
train,fixed_350_overlap_50,LegacyEducationAllianceInc_20200330_10-K_EX-10.18_12090678_EX-10.18_Development Agreement,7337,25,49,47,0.9591836734693877
train,fixed_350_overlap_50,VerizonAbsLlc_20200123_8-K_EX-10.4_11952335_EX-10.4_Service Agreement,45143,151,26,25,0.9615384615384616
train,fixed_350_overlap_50,VERICELCORP_08_06_2019-EX-10.10-SUPPLY AGREEMENT,15862,53,39,35,0.8974358974358975
train,fixed_350_overlap_50,WPPPLC_04_30_2020-EX-4.28-SERVICE AGREEMENT,10958,37,26,25,0.9615384615384616
train,fixed_350_overlap_50,WORLDWIDESTRATEGIESINC_11_02_2005-EX-10-RESELLER AGREEMENT,10830,36,43,43,1.0
train,fixed_350_overlap_50,FEDERATEDGOVERNMENTINCOMESECURITIESINC_04_28_2020-EX-99.SERV AGREE-SERVICES AGREEMENT_SECONDAMENDMENT,820,3,8,8,1.0
train,fixed_350_overlap_50,AzulSa_20170303_F-1A_EX-10.3_9943903_EX-10.3_Maintenance Agreement2,2549,9,13,13,1.0
train,fixed_350_overlap_50,PelicanDeliversInc_20200211_S-1_EX-10.3_11975895_EX-10.3_Development Agreement1,2820,10,6,6,1.0
train,fixed_350_overlap_50,ORBSATCORP_08_17_2007-EX-7.3-STRATEGIC ALLIANCE AGREEMENT,2909,10,19,19,1.0
train,fixed_350_overlap_50,DRAGONSYSTEMSINC_01_08_1999-EX-10.17-OUTSOURCING AGREEMENT,1088,4,13,13,1.0
train,fixed_350_overlap_50,SEPARATEACCOUNTIIOFAGL_05_02_2011-EX-99.(J)(4)-UNCONDITIONAL CAPITAL MAINTENANCE AGREEMENT,2845,10,13,12,0.9230769230769231
train,fixed_350_overlap_50,ImperialGardenResortInc_20161028_DRS (on F-1)_EX-10.13_9963189_EX-10.13_Outsourcing Agreement,1849,6,7,7,1.0
train,fixed_350_overlap_50,"VIRGINGALACTICHOLDINGS,INC_04_08_2020-EX-99.1-JOINT FILING STATEMENT",188,1,6,6,1.0
train,fixed_350_overlap_50,FuseMedicalInc_20190321_10-K_EX-10.43_11575454_EX-10.43_Distributor Agreement,5339,18,21,21,1.0
train,fixed_350_overlap_50,ASPIRITYHOLDINGSLLC_05_07_2012-EX-10.6-OUTSOURCING AGREEMENT,10095,34,28,28,1.0
train,fixed_350_overlap_50,"OASYSMOBILE,INC_07_05_2001-EX-10.17-OUTSOURCING AGREEMENT",8147,27,47,46,0.9787234042553191
train,fixed_350_overlap_50,MEDIWOUNDLTD_01_15_2014-EX-10.6-SUPPLY AGREEMENT,7708,26,27,27,1.0
train,fixed_350_overlap_50,UpjohnInc_20200121_10-12G_EX-2.6_11948692_EX-2.6_Manufacturing Agreement_ Supply Agreement,33948,113,95,87,0.9157894736842105
train,fixed_350_overlap_50,"Antares Pharma, Inc. - Manufacturing Agreement",16365,55,20,20,1.0
train,fixed_350_overlap_50,RareElementResourcesLtd_20171019_SC 13D_EX-99.4_10897534_EX-99.4_Intellectual Property Agreement,5415,18,33,31,0.9393939393939394
train,fixed_350_overlap_50,VARIABLESEPARATEACCOUNT_04_30_2014-EX-13.C-UNCONDITIONAL CAPITAL MAINTENANCE AGREEMENT,2381,8,14,13,0.9285714285714286
train,fixed_350_overlap_50,ABILITYINC_06_15_2020-EX-4.25-SERVICES AGREEMENT,4115,14,16,16,1.0
train,fixed_350_overlap_50,ELECTRAMECCANICA VEHICLES CORP. - Manufacturing Agreement,7251,25,30,26,0.8666666666666667
train,fixed_350_overlap_50,GopageCorp_20140221_10-K_EX-10.1_8432966_EX-10.1_Content License Agreement,6030,20,25,25,1.0
train,fixed_350_overlap_50,BICYCLETHERAPEUTICSPLC_03_10_2020-EX-10.11-SERVICE AGREEMENT,9252,31,27,23,0.8518518518518519
train,fixed_350_overlap_50,TELEGLOBEINTERNATIONALHOLDINGSLTD_03_29_2004-EX-10.10-CONSTRUCTION AND MAINTENANCE AGREEMENT,15095,51,62,62,1.0
train,fixed_350_overlap_50,INTERNATIONALFASTFOODCORP_04_04_1997-EX-99-FRANCHISE AGREEMENT,16157,54,65,65,1.0
train,fixed_350_overlap_50,BIOCEPTINC_08_19_2013-EX-10-COLLABORATION AGREEMENT,12142,41,40,35,0.875
train,fixed_350_overlap_50,PACIFICSYSTEMSCONTROLTECHNOLOGYINC_08_24_2000-EX-10.53-SPONSORSHIP AGREEMENT,682,3,9,9,1.0
train,fixed_350_overlap_50,NANOPHASETECHNOLOGIESCORP_11_01_2005-EX-99.1-DISTRIBUTOR AGREEMENT,7663,26,37,34,0.918918918918919
train,fixed_350_overlap_50,AzulSa_20170303_F-1A_EX-10.3_9943903_EX-10.3_Maintenance Agreement1,34155,114,41,39,0.9512195121951219
train,fixed_350_overlap_50,PelicanDeliversInc_20200211_S-1_EX-10.3_11975895_EX-10.3_Development Agreement2,4870,17,21,20,0.9523809523809523
train,fixed_350_overlap_50,"NETGEAR,INC_04_21_2003-EX-10.16-AMENDMENT TO THE DISTRIBUTOR AGREEMENT BETWEEN INGRAM MICRO AND NETGEAR",973,4,8,8,1.0
train,fixed_350_overlap_50,NEONSYSTEMSINC_03_01_1999-EX-10.5-DISTRIBUTOR AGREEMENT_Amendment,2848,10,32,31,0.96875
train,fixed_350_overlap_50,SPARKLINGSPRINGWATERHOLDINGSLTD_07_03_2002-EX-10.13-SOFTWARE LICENSE AND MAINTENANCE AGREEMENT,3885,13,28,28,1.0
train,fixed_350_overlap_50,NUVEEN - REMARKETING AGREEMENT,11298,38,17,15,0.8823529411764706
train,fixed_350_overlap_50,SECURIANFUNDSTRUST_05_01_2012-EX-99.28.H.9-NET INVESTMENT INCOME MAINTENANCE AGREEMENT,1538,5,13,13,1.0
train,fixed_350_overlap_50,WELLSFARGOMORTGAGEBACKEDSECURITIES2006-6TRUST_05_11_2006-EX-10.3-Yield Maintenance Agreement,5299,18,12,12,1.0
train,fixed_350_overlap_50,REWALKROBOTICSLTD_07_10_2014-EX-10.2-STRATEGIC ALLIANCE AGREEMENT,2320,8,15,13,0.8666666666666667
train,fixed_350_overlap_50,PenntexMidstreamPartnersLp_20150416_S-1A_EX-10.4_9042833_EX-10.4_Transportation Agreement,7965,27,20,20,1.0
train,fixed_350_overlap_50,FerroglobePlc_20150624_F-4A_EX-10.20_9154746_EX-10.20_Outsourcing Agreement,4627,16,13,13,1.0
train,fixed_350_overlap_50,TodosMedicalLtd_20190328_20-F_EX-4.10_11587157_EX-4.10_Marketing Agreement_ Reseller Agreement,5066,17,31,29,0.9354838709677419
train,fixed_350_overlap_50,PrecheckHealthServicesInc_20200320_8-K_EX-99.2_12070169_EX-99.2_Distributor Agreement,970,4,13,13,1.0
train,fixed_350_overlap_50,INKTOMICORP_06_08_1998-EX-10.14-SOFTWARE HOSTING AGREEMENT,9916,33,29,25,0.8620689655172413
train,fixed_350_overlap_50,"OAKTREECAPITALGROUP,LLC_03_02_2020-EX-10.8-Services Agreement",3194,11,14,14,1.0
train,fixed_350_overlap_50,BANGIINC_05_25_2005-EX-10-Premium Managed Hosting Agreement,302,1,6,6,1.0
train,fixed_350_overlap_50,AMERICANPHYSICIANSCAPITALINC_03_31_2003-EX-10.26-AGENCY AGREEMENT,2901,10,25,25,1.0
train,fixed_350_overlap_50,GULFSOUTHMEDICALSUPPLYINC_12_24_1997-EX-4-AFFILIATE AGREEMENT,2765,10,9,9,1.0
train,fixed_350_overlap_50,"BELLRINGBRANDS,INC_02_07_2020-EX-10.18-MASTER SUPPLY AGREEMENT",5813,20,28,27,0.9642857142857143
train,fixed_350_overlap_50,AimmuneTherapeuticsInc_20200205_8-K_EX-10.3_11967170_EX-10.3_Development Agreement,25298,85,56,51,0.9107142857142857
train,fixed_350_overlap_50,HEALTHGATEDATACORP_11_24_1999-EX-10.1-HOSTING AND MANAGEMENT AGREEMENT (1),17975,60,51,50,0.9803921568627451
train,fixed_350_overlap_50,"INTELLIGENTHIGHWAYSOLUTIONS,INC_01_18_2018-EX-10.1-Strategic Alliance Agreement",1217,4,14,14,1.0
train,fixed_350_overlap_50,ATMOSENERGYCORP_11_22_2002-EX-10.17-TRANSPORTATION SERVICE AGREEMENT,2588,9,18,18,1.0
train,fixed_350_overlap_50,PacificapEntertainmentHoldingsInc_20051115_8-KA_EX-1.01_4300894_EX-1.01_Content License Agreement,2500,9,15,15,1.0
train,fixed_350_overlap_50,ReedsInc_20191113_10-Q_EX-10.4_11888303_EX-10.4_Development Agreement,4301,15,19,17,0.8947368421052632
train,fixed_350_overlap_50,RgcResourcesInc_20151216_8-K_EX-10.3_9372751_EX-10.3_Franchise Agreement,805,3,10,10,1.0
train,fixed_350_overlap_50,"BELLICUMPHARMACEUTICALS,INC_05_07_2019-EX-10.1-Supply Agreement",28275,95,69,66,0.9565217391304348
train,fixed_350_overlap_50,MARTINMIDSTREAMPARTNERSLP_01_23_2004-EX-10.3-TRANSPORTATION SERVICES AGREEMENT,2175,8,17,17,1.0
train,fixed_350_overlap_50,RUBIOSRESTAURANTSINC_03_31_2008-EX-10.75-SPONSORSHIP AGREEMENT,5760,20,20,18,0.9
train,fixed_350_overlap_50,CardlyticsInc_20180112_S-1_EX-10.16_11002987_EX-10.16_Maintenance Agreement2,387,2,6,6,1.0
train,fixed_350_overlap_50,"XLITECHNOLOGIES,INC_12_11_2015-EX-10.1-Sponsorship Agreement",2851,10,16,16,1.0
train,fixed_350_overlap_50,ScansourceInc_20190822_10-K_EX-10.38_11793958_EX-10.38_Distributor Agreement2,2044,7,18,18,1.0
train,fixed_350_overlap_50,VERTEXENERGYINC_08_14_2014-EX-10.24-OPERATION AND MAINTENANCE AGREEMENT,8601,29,29,29,1.0
train,fixed_350_overlap_50,NYLIACVARIABLEANNUITYSEPARATEACCOUNTIII_04_10_2020-EX-99.8.KK-SERVICE AGREEMENT,1072,4,12,12,1.0
train,fixed_350_overlap_50,AlliedEsportsEntertainmentInc_20190815_8-K_EX-10.34_11788308_EX-10.34_Sponsorship Agreement,5852,20,25,25,1.0
train,fixed_350_overlap_50,SLOVAKWIRELESSFINANCECOBV_03_28_2001-EX-4.(B)(II).3-Maintenance and support contract for SICAP(R) modules,3435,12,9,9,1.0
train,fixed_350_overlap_50,ANIXABIOSCIENCESINC_06_09_2020-EX-10.1-COLLABORATION AGREEMENT,6178,21,31,30,0.967741935483871
train,fixed_350_overlap_50,"ELFBEAUTY,INC_07_02_2020-EX-10.1-COOPERATION AGREEMENT",7265,25,17,17,1.0
train,fixed_350_overlap_50,DigitalCinemaDestinationsCorp_20111220_S-1_EX-10.10_7346719_EX-10.10_Affiliate Agreement,16673,56,63,57,0.9047619047619048
train,fixed_350_overlap_50,VERTICALNETINC_04_01_2002-EX-10.19-MAINTENANCE AND SUPPORT AGREEMENT,10705,36,31,27,0.8709677419354839
train,fixed_350_overlap_50,TcPipelinesLp_20160226_10-K_EX-99.12_9454048_EX-99.12_Transportation Agreement,916,3,11,11,1.0
train,fixed_350_overlap_50,HUBEIMINKANGPHARMACEUTICALLTD_09_19_2006-EX-10.1-OUTSOURCING AGREEMENT,1836,6,13,13,1.0
train,fixed_350_overlap_50,ACCURAYINC_09_01_2010-EX-10.31-DISTRIBUTOR AGREEMENT,13349,45,30,27,0.9
train,fixed_350_overlap_50,"MIDDLEBROOKPHARMACEUTICALS,INC_03_18_2010-EX-10.1-PROMOTION AGREEMENT",8879,30,23,22,0.9565217391304348
train,fixed_350_overlap_50,ArcGroupInc_20171211_8-K_EX-10.1_10976103_EX-10.1_Sponsorship Agreement,2622,9,9,8,0.8888888888888888
train,fixed_350_overlap_50,AtnInternationalInc_20191108_10-Q_EX-10.1_11878541_EX-10.1_Maintenance Agreement,34973,117,70,69,0.9857142857142858
train,fixed_350_overlap_50,"SightLife Surgical, Inc. - STRATEGIC SALES _ MARKETING AGREEMENT",3604,12,23,23,1.0
train,fixed_350_overlap_50,InmodeLtd_20190729_F-1A_EX-10.9_11743243_EX-10.9_Manufacturing Agreement,6122,21,23,23,1.0
train,fixed_350_overlap_50,FUSIONPHARMACEUTICALSINC_06_05_2020-EX-10.17-Supply Agreement - FUSION,6318,21,29,29,1.0
train,fixed_350_overlap_50,URSCORPNEW_03_17_2014-EX-99-COOPERATION AGREEMENT,6004,20,9,7,0.7777777777777778
train,fixed_350_overlap_50,GpaqAcquisitionHoldingsInc_20200123_S-4A_EX-10.6_11951677_EX-10.6_License Agreement,7187,24,45,44,0.9777777777777777
train,fixed_350_overlap_50,SalesforcecomInc_20171122_10-Q_EX-10.1_10961535_EX-10.1_Reseller Agreement,435,2,6,6,1.0
train,fixed_350_overlap_50,SLINGERBAGINC_05_27_2020-EX-10.7-CONSULTING AGREEMENT,5346,18,15,14,0.9333333333333333
train,fixed_350_overlap_50,IGENEBIOTECHNOLOGYINC_05_13_2003-EX-1-JOINT VENTURE AGREEMENT,11330,38,28,26,0.9285714285714286
train,fixed_350_overlap_50,ENERGYXXILTD_05_08_2015-EX-10.13-Transportation AGREEMENT,9243,31,23,22,0.9565217391304348
train,fixed_350_overlap_50,EtonPharmaceuticalsInc_20191114_10-Q_EX-10.1_11893941_EX-10.1_Development Agreement,10256,35,27,26,0.9629629629629629
train,fixed_350_overlap_50,ScansourceInc_20190822_10-K_EX-10.38_11793958_EX-10.38_Distributor Agreement1,12904,43,42,41,0.9761904761904762
train,fixed_350_overlap_50,CardlyticsInc_20180112_S-1_EX-10.16_11002987_EX-10.16_Maintenance Agreement1,25087,84,93,91,0.978494623655914
train,fixed_350_overlap_50,"NETGEAR,INC_04_21_2003-EX-10.16-DISTRIBUTOR AGREEMENT",6029,20,45,44,0.9777777777777777
train,fixed_350_overlap_50,EcoScienceSolutionsInc_20171117_8-K_EX-10.1_10956472_EX-10.1_Endorsement Agreement,2843,10,17,17,1.0
train,fixed_350_overlap_50,AMERICASSHOPPINGMALLINC_12_10_1999-EX-10.2-SITE DEVELOPMENT AND HOSTING AGREEMENT,2892,10,22,22,1.0
train,fixed_350_overlap_50,DataCallTechnologies_20060918_SB-2A_EX-10.9_944510_EX-10.9_Content License Agreement,1666,6,22,22,1.0
train,fixed_350_overlap_50,JINGWEIINTERNATIONALLTD_10_04_2007-EX-10.7-INTELLECTUAL PROPERTY AGREEMENT,2356,8,18,18,1.0
train,fixed_350_overlap_50,FEDERATEDGOVERNMENTINCOMESECURITIESINC_04_28_2020-EX-99.SERV AGREE-SERVICES AGREEMENT,1762,6,13,11,0.8461538461538461
train,fixed_350_overlap_50,MRSFIELDSORIGINALCOOKIESINC_01_29_1998-EX-10-FRANCHISE AGREEMENT,33705,113,78,73,0.9358974358974359
train,fixed_350_overlap_50,PalmerSquareCapitalBdcInc_20200116_10-12GA_EX-10.6_11949289_EX-10.6_Trademark License Agreement,2306,8,19,19,1.0
train,fixed_350_overlap_50,LUCIDINC_04_15_2011-EX-10.9-DISTRIBUTOR AGREEMENT,2351,8,20,20,1.0
train,fixed_350_overlap_50,UsioInc_20040428_SB-2_EX-10.11_1723988_EX-10.11_Affiliate Agreement 2,3740,13,28,27,0.9642857142857143
train,fixed_350_overlap_50,EmmisCommunicationsCorp_20191125_8-K_EX-10.6_11906433_EX-10.6_Marketing Agreement,2709,9,11,11,1.0
train,fixed_350_overlap_50,ENTERTAINMENTGAMINGASIAINC_02_15_2005-EX-10.5-DISTRIBUTOR AGREEMENT,6920,23,38,37,0.9736842105263158
train,fixed_350_overlap_50,"Magenta Therapeutics, Inc. - Master Development and Manufacturing Agreement",11308,38,33,32,0.9696969696969697
train,fixed_350_overlap_50,"GRIDIRONBIONUTRIENTS,INC_02_05_2020-EX-10.3-SUPPLY AGREEMENT",903,3,10,10,1.0
train,fixed_350_overlap_50,PapaJohnsInternationalInc_20190617_8-K_EX-10.1_11707365_EX-10.1_Endorsement Agreement,10661,36,35,34,0.9714285714285714
train,fixed_350_overlap_50,SUMMAFOURINC_06_19_1998-EX-10.3-SOFTWARE LICENSE AND MAINTENANCE AGREEMENT,14158,48,34,34,1.0
train,fixed_350_overlap_50,MACROGENICSINC_08_02_2013-EX-10-COLLABORATION AGREEMENT,25333,85,51,50,0.9803921568627451
train,fixed_350_overlap_50,GSVINC_05_15_1998-EX-10-SPONSORSHIP AGREEMENT,5880,20,22,21,0.9545454545454546
train,fixed_350_overlap_50,MorganStanleyDirectLendingFund_20191119_10-12GA_EX-10.5_11898508_EX-10.5_Trademark License Agreement,2438,8,27,25,0.9259259259259259
train,fixed_350_overlap_50,ELANDIAINTERNATIONALINC_04_25_2007-EX-10.21-Outsourcing Agreement,12396,42,25,25,1.0
train,fixed_350_overlap_50,PareteumCorp_20081001_8-K_EX-99.1_2654808_EX-99.1_Hosting Agreement,10213,34,23,22,0.9565217391304348
train,fixed_350_overlap_50,PhasebioPharmaceuticalsInc_20200330_10-K_EX-10.21_12086810_EX-10.21_Development Agreement,45650,152,88,80,0.9090909090909091
train,fixed_350_overlap_50,"KUBIENT,INC_07_02_2020-EX-10.14-MASTER SERVICES AGREEMENT_Part2",1185,4,13,13,1.0
train,fixed_350_overlap_50,EdietsComInc_20001030_10QSB_EX-10.4_2606646_EX-10.4_Co-Branding Agreement,9075,31,48,48,1.0
train,fixed_350_overlap_50,LECLANCHÉ S.A. - JOINT DEVELOPMENT AND MARKETING AGREEMENT,3207,11,19,19,1.0
train,fixed_350_overlap_50,CardlyticsInc_20180112_S-1_EX-10.16_11002987_EX-10.16_Maintenance Agreement4,756,3,12,12,1.0
train,fixed_350_overlap_50,TomOnlineInc_20060501_20-F_EX-4.46_749700_EX-4.46_Co-Branding Agreement,17487,59,56,46,0.8214285714285714
train,fixed_350_overlap_50,"CERES,INC_01_25_2012-EX-10.20-Collaboration Agreement",45577,152,66,64,0.9696969696969697
train,fixed_350_overlap_50,"INTERSECTENT,INC_05_11_2020-EX-10.1-SUPPLY AGREEMENT",5973,20,18,18,1.0
train,fixed_350_overlap_50,"TRANSPHORM,INC_02_14_2020-EX-10.12(1)-JOINT VENTURE AGREEMENT",15468,52,35,31,0.8857142857142857
train,fixed_350_overlap_50,EuromediaHoldingsCorp_20070215_10SB12G_EX-10.B(01)_525118_EX-10.B(01)_Content License Agreement,4580,16,30,29,0.9666666666666667
train,fixed_350_overlap_50,"Sonos, Inc. - Manufacturing Agreement ",17177,58,53,53,1.0
train,fixed_350_overlap_50,"ASHWORTHINC_01_29_1999-EX-10.(D)-PROMOTION AGREEMENT AND NANTZ COMMUNICATIONS, INC.",3589,12,27,27,1.0
train,fixed_350_overlap_50,LIGHTBRIDGECORP_11_23_2015-EX-10.26-STRATEGIC ALLIANCE AGREEMENT,3023,10,11,11,1.0
train,fixed_350_overlap_50,"XLITECHNOLOGIES,INC_12_02_2015-EX-10.02-STRATEGIC ALLIANCE AGREEMENT",875,3,9,9,1.0
train,fixed_350_overlap_50,HYPERIONSOFTWARECORP_09_28_1994-EX-10.47-EXCLUSIVE DISTRIBUTOR AGREEMENT,5290,18,30,30,1.0
train,fixed_350_overlap_50,BUFFALOWILDWINGSINC_06_05_1998-EX-10.3-FRANCHISE AGREEMENT,23663,79,86,79,0.9186046511627907
train,fixed_350_overlap_50,ReynoldsConsumerProductsInc_20200121_S-1A_EX-10.22_11948918_EX-10.22_Service Agreement,17207,58,26,23,0.8846153846153846
train,fixed_350_overlap_50,"GWG HOLDINGS, INC. - ORDERLY MARKETING AGREEMENT",4177,14,12,12,1.0
train,fixed_350_overlap_50,BLACKROCKMUNIHOLDINGSINVESTMENTQUALITYFUND_04_07_2020-EX-99.01-JOINT FILING AGREEMENT,201,1,6,6,1.0
train,fixed_350_overlap_50,ALLISONTRANSMISSIONHOLDINGSINC_12_15_2014-EX-99.1-COOPERATION AGREEMENT,5202,18,18,17,0.9444444444444444
train,fixed_350_overlap_50,WARNINGMANAGEMENTSERVICESINC_12_10_1999-EX-10-ENDORSEMENT AGREEMENT,4602,16,32,30,0.9375
train,fixed_350_overlap_50,LinkPlusCorp_20050802_8-K_EX-10_3240252_EX-10_Affiliate Agreement,2899,10,32,32,1.0
train,fixed_350_overlap_50,SMITHELECTRICVEHICLESCORP_04_04_2012-EX-10.26-FLEET MAINTENANCE AGREEMENT,13201,44,29,28,0.9655172413793104
train,fixed_350_overlap_50,CHINARECYCLINGENERGYCORP_11_14_2013-EX-10.6-Cooperation Agreement,2664,9,13,13,1.0
train,fixed_350_overlap_50,"KUBIENT,INC_07_02_2020-EX-10.14-MASTER SERVICES AGREEMENT_Part1",4014,14,20,20,1.0
train,fixed_350_overlap_50,NeoformaInc_19991202_S-1A_EX-10.26_5224521_EX-10.26_Co-Branding Agreement,13370,45,70,69,0.9857142857142858
train,fixed_350_overlap_50,AULAMERICANUNITTRUST_04_24_2020-EX-99.8.77-SERVICING AGREEMENT,5607,19,16,16,1.0
train,fixed_350_overlap_50,VIOLINMEMORYINC_12_12_2012-EX-10.14-SPONSORSHIP AGREEMENT,8499,29,30,30,1.0
train,fixed_350_overlap_50,RaeSystemsInc_20001114_10-Q_EX-10.57_2631790_EX-10.57_Co-Branding Agreement,5582,19,29,29,1.0
train,fixed_350_overlap_50,QBIOMEDINC_04_08_2020-EX-99.1-JOINT FILING AGREEMENT,429,2,13,13,1.0
train,fixed_350_overlap_50,ZogenixInc_20190509_10-Q_EX-10.2_11663313_EX-10.2_Distributor Agreement,26626,89,70,66,0.9428571428571428
train,fixed_350_overlap_50,LeadersonlineInc_20000427_S-1A_EX-10.8_4991089_EX-10.8_Co-Branding Agreement,8078,27,44,44,1.0
train,fixed_350_overlap_50,ArcaUsTreasuryFund_20200207_N-2_EX-99.K5_11971930_EX-99.K5_Development Agreement,2316,8,12,12,1.0
train,fixed_350_overlap_50,BIOAMBERINC_04_10_2013-EX-10.34-DEVELOPMENT AGREEMENT - First Amendment,940,3,7,7,1.0
train,fixed_350_overlap_50,"XACCT Technologies, Inc.SUPPORT AND MAINTENANCE AGREEMENT",1796,6,14,14,1.0
train,fixed_350_overlap_50,CHANGEPOINTCORP_03_08_2000-EX-10.6-LICENSE AND HOSTING AGREEMENT,18806,63,82,80,0.975609756097561
train,fixed_350_overlap_50,Apollo Endosurgery - Manufacturing and Supply Agreement,7248,24,24,23,0.9583333333333334
train,fixed_350_overlap_50,"MJBIOTECH,INC_12_06_2018-EX-99.01-JOINT VENTURE AGREEMENT",3709,13,22,22,1.0
train,fixed_350_overlap_50,IDREAMSKYTECHNOLOGYLTD_07_03_2014-EX-10.39-Cooperation Agreement on Mobile Game Business,12072,41,26,25,0.9615384615384616
train,fixed_350_overlap_50,"CANOPETROLEUM,INC_12_13_2007-EX-10.1-Sponsorship Agreement",1449,5,14,14,1.0
train,fixed_350_overlap_50,"HOSPITALITYINVESTORSTRUST,INC_04_07_2014-EX-10.26-FRANCHISE AGREEMENT",23061,77,49,48,0.9795918367346939
train,fixed_350_overlap_50,FulucaiProductionsLtd_20131223_10-Q_EX-10.9_8368347_EX-10.9_Content License Agreement,2804,10,28,28,1.0
train,fixed_350_overlap_50,MPLXLP_06_17_2015-EX-10.1-TRANSPORTATION SERVICES AGREEMENT,8966,30,30,29,0.9666666666666667
train,fixed_350_overlap_50,LOGANSROADHOUSEINC_03_27_1998-EX-10.17-SPONSORSHIP AGREEMENT,2865,10,19,19,1.0
train,fixed_350_overlap_50,FuelcellEnergyInc_20191106_8-K_EX-10.1_11868007_EX-10.1_Development Agreement,15880,53,60,59,0.9833333333333333
train,fixed_350_overlap_50,"THERAVANCEBIOPHARMA,INC_05_08_2020-EX-10.2-SERVICE AGREEMENT",5294,18,16,15,0.9375
train,fixed_350_overlap_50,DYNAMEXINC_06_06_1996-EX-10.4-TRANSPORTATION SERVICES AGREEMENT,6760,23,33,33,1.0
train,fixed_350_overlap_50,ULTRAGENYXPHARMACEUTICALINC_12_23_2013-EX-10.9-SUPPLY AGREEMENT,2274,8,16,16,1.0
train,fixed_350_overlap_50,"NETGEAR,INC_04_21_2003-EX-10.16- AMENDMENT #2 TO THE DISTRIBUTION AGREEMENT",555,2,6,6,1.0
train,fixed_350_overlap_50,SFGFINANCIALCORP_05_12_2009-EX-10.1-SOFTWARE LICENSE AND MAINTENANCE AGREEMENT,7749,26,32,29,0.90625
train,fixed_350_overlap_50,"VAXCYTE,INC_05_22_2020-EX-10.19-SUPPLY AGREEMENT",15227,51,29,26,0.896551724137931
train,fixed_350_overlap_50,"OTISWORLDWIDECORP_04_03_2020-EX-10.4-INTELLECTUAL PROPERTY AGREEMENT by and among UNITED TECHNOLOGIES CORPORATION, OTIS WORLDWIDE CORPORATION and CARRIER ~1",9672,33,32,25,0.78125
train,fixed_350_overlap_50,"GIGGLESN_HUGS,INC_06_23_2016-EX-10.2-STRATEGIC ALLIANCE AGREEMENT",3430,12,19,18,0.9473684210526315
train,fixed_350_overlap_50,ExactSciencesCorp_20180822_8-K_EX-10.1_11331629_EX-10.1_Promotion Agreement,24685,83,43,39,0.9069767441860465
train,fixed_350_overlap_50,GlobalTechnologiesGroupInc_20050928_10KSB_EX-10.9_4148808_EX-10.9_Content License Agreement,5899,20,18,18,1.0
train,fixed_350_overlap_50,HertzGroupRealtyTrustInc_20190920_S-11A_EX-10.8_11816941_EX-10.8_Trademark License Agreement,2236,8,15,15,1.0
train,fixed_350_overlap_50,QuantumGroupIncFl_20090120_8-K_EX-99.2_3672910_EX-99.2_Hosting Agreement,17414,58,32,31,0.96875
train,fixed_350_overlap_50,"PHREESIA,INC_05_28_2019-EX-10.18-STRATEGIC ALLIANCE AGREEMENT",17703,59,51,49,0.9607843137254902
train,fixed_350_overlap_50,"Array BioPharma Inc. - LICENSE, DEVELOPMENT AND COMMERCIALIZATION AGREEMENT",42742,143,65,55,0.8461538461538461
train,fixed_350_overlap_50,MERCATAINC_03_09_2000-EX-10.21-SPONSORSHIP AGREEMENT,3224,11,12,12,1.0
train,fixed_350_overlap_50,"MEDALISTDIVERSIFIEDREIT,INC_05_18_2020-EX-10.1-CONSULTING AGREEMENT",3724,13,34,33,0.9705882352941176
train,fixed_350_overlap_50,"FOUNDATIONMEDICINE,INC_02_02_2015-EX-10.2-Collaboration Agreement",26407,88,75,72,0.96
train,fixed_350_overlap_50,RevolutionMedicinesInc_20200117_S-1_EX-10.1_11948417_EX-10.1_Development Agreement,40936,137,90,83,0.9222222222222223
train,fixed_350_overlap_50,"ETELOS,INC_03_09_2004-EX-10.8-DISTRIBUTOR AGREEMENT",3863,13,25,25,1.0
train,fixed_350_overlap_50,LifewayFoodsInc_20160316_10-K_EX-10.24_9489766_EX-10.24_Endorsement Agreement,1656,6,16,15,0.9375
train,fixed_350_overlap_50,"LEGACYTECHNOLOGYHOLDINGS,INC_12_09_2005-EX-10.2-DISTRIBUTOR AGREEMENT",1937,7,23,23,1.0
train,fixed_350_overlap_50,DeltathreeInc_19991102_S-1A_EX-10.19_6227850_EX-10.19_Co-Branding Agreement_ Service Agreement,4070,14,17,17,1.0
train,fixed_350_overlap_50,"SPRINGBANKPHARMACEUTICALS,INC_04_08_2020-EX-99.A-JOINT FILING AGREEMENT",246,1,6,6,1.0
train,fixed_350_overlap_50,ImineCorp_20180725_S-1_EX-10.5_11275970_EX-10.5_Distributor Agreement,5369,18,23,23,1.0
train,fixed_350_overlap_50,CCAINDUSTRIESINC_04_14_2014-EX-10.1-OUTSOURCING AGREEMENT,4889,17,27,27,1.0
train,fixed_350_overlap_50,Microgenics Corporation - Collaborative Development and Commercialization Agreement,28415,95,54,51,0.9444444444444444
train,fixed_350_overlap_50,VgrabCommunicationsInc_20200129_10-K_EX-10.33_11958828_EX-10.33_Development Agreement,2297,8,13,13,1.0
train,fixed_350_overlap_50,AIRTECHINTERNATIONALGROUPINC_05_08_2000-EX-10.4-FRANCHISE AGREEMENT,11368,38,42,37,0.8809523809523809
train,fixed_350_overlap_50,IMMUNOMEDICSINC_08_07_2019-EX-10.1-PROMOTION AGREEMENT,24022,80,36,36,1.0
train,fixed_350_overlap_50,BravatekSolutionsInc_20170418_8-K_EX-10.1_10205739_EX-10.1_Reseller Agreement,2384,8,17,15,0.8823529411764706
train,fixed_350_overlap_50,SPORTHALEYINC_09_29_1997-EX-10.2-10-ENDORSEMENT AGREEMENT,1537,5,21,21,1.0
train,fixed_350_overlap_50,XENCORINC_10_25_2013-EX-10.24-COLLABORATION AGREEMENT (3),20117,67,66,62,0.9393939393939394
train,fixed_350_overlap_50,NETGROCERINC_07_31_1998-EX-10.15-SPONSORSHIP AGREEMENT,5206,18,26,25,0.9615384615384616
train,fixed_350_overlap_50,CoherusBiosciencesInc_20200227_10-K_EX-10.29_12021376_EX-10.29_Development Agreement,21991,74,56,55,0.9821428571428571
train,fixed_350_overlap_50,DIVERSINETCORP_03_01_2012-EX-4-RESELLER AGREEMENT,11296,38,43,42,0.9767441860465116
train,fixed_350_overlap_50,NmfSlfIInc_20200115_10-12GA_EX-10.5_11946987_EX-10.5_Trademark License Agreement,2694,9,25,24,0.96
train,fixed_350_overlap_50,KALLOINC_11_03_2011-EX-10.1-STRATEGIC ALLIANCE AGREEMENT,11172,38,34,34,1.0
train,fixed_350_overlap_50,MOSSIMOINC_04_14_2000-EX-10.14-ENDORSEMENT AGREEMENT,3480,12,28,28,1.0
train,fixed_350_overlap_50,FEDERATEDGOVERNMENTINCOMESECURITIESINC_04_28_2020-EX-99.SERV AGREE-SERVICES AGREEMENT_AMENDMENT,564,2,8,8,1.0
train,fixed_350_overlap_50,RandWorldwideInc_20010402_8-KA_EX-10.2_2102464_EX-10.2_Co-Branding Agreement,6718,23,34,34,1.0
train,fixed_350_overlap_50,GOLDRESOURCECORP_12_11_2008-EX-10.1-STRATEGIC ALLIANCE AGREEMENT,8786,30,36,34,0.9444444444444444
train,fixed_350_overlap_50,"Loop Industries, Inc. - Marketing Agreement",5244,18,19,19,1.0
train,fixed_350_overlap_50,BloomEnergyCorp_20180321_DRSA (on S-1)_EX-10_11240356_EX-10_Maintenance Agreement,16116,54,36,33,0.9166666666666666
train,fixed_350_overlap_50,AudibleInc_20001113_10-Q_EX-10.32_2599586_EX-10.32_Co-Branding Agreement_ Marketing Agreement_ Investment Distribution Agreement,11211,38,47,42,0.8936170212765957
train,fixed_350_overlap_50,HOLIDAYRVSUPERSTORESINC_04_15_2002-EX-10.13-ENDORSEMENT AGREEMENT,2189,8,17,17,1.0
train,fixed_350_overlap_50,NeuroboPharmaceuticalsInc_20190903_S-4_EX-10.36_11802165_EX-10.36_Manufacturing Agreement_ Supply Agreement,3094,11,11,11,1.0
train,fixed_350_overlap_50,SONUSCORP_03_12_1997-EX-10.11-SPONSORSHIP AGREEMENT,3891,13,10,10,1.0
train,fixed_350_overlap_50,RangeResourcesLouisianaInc_20150417_8-K_EX-10.5_9045501_EX-10.5_Transportation Agreement,15659,53,21,18,0.8571428571428571
train,fixed_350_overlap_50,CHAPARRALRESOURCESINC_03_30_2000-EX-10.66-TRANSPORTATION CONTRACT,3865,13,17,17,1.0
train,fixed_350_overlap_50,AURASYSTEMSINC_06_16_2010-EX-10.25-STRATEGIC ALLIANCE AGREEMENT,6938,23,44,40,0.9090909090909091
train,fixed_350_overlap_50,IpassInc_20181203_8-K_EX-99.1_11445874_EX-99.1_Reseller Agreement,11394,38,30,30,1.0
train,fixed_350_overlap_50,VERSOTECHNOLOGIESINC_12_28_2007-EX-99.3-INTELLECTUAL PROPERTY AGREEMENT,739,3,8,8,1.0
train,fixed_350_overlap_50,EhaveInc_20190515_20-F_EX-4.44_11678816_EX-4.44_License Agreement_ Reseller Agreement,13634,46,62,59,0.9516129032258065
train,fixed_350_overlap_50,"UNITEDNATIONALBANCORP_03_03_1999-EX-99-Outsourcing Agreement with the BISYS Group, Inc.",279,1,7,7,1.0
train,fixed_350_overlap_50,VirtuosoSurgicalInc_20191227_1-A_EX1A-6 MAT CTRCT_11933379_EX1A-6 MAT CTRCT_License Agreement,5675,19,37,37,1.0
train,fixed_350_overlap_50,"ROCKYMOUNTAINCHOCOLATEFACTORY,INC_12_23_2019-EX-10.2-STRATEGIC ALLIANCE AGREEMENT",19420,65,34,29,0.8529411764705882
train,fixed_350_overlap_50,VITAMINSHOPPECOMINC_09_13_1999-EX-10.26-SPONSORSHIP AGREEMENT,8223,28,16,16,1.0
train,fixed_350_overlap_50,"SOLUTIONSVENDINGINTERNATIONAL,INC_03_31_2020-EX1A-1 UNDR AGMT-SERVICES AGREEMENT",1122,4,9,9,1.0
train,fixed_350_overlap_50,InnerscopeHearingTechnologiesInc_20181109_8-K_EX-10.6_11419704_EX-10.6_Distributor Agreement,3360,12,27,27,1.0
train,fixed_350_overlap_50,SmartRxSystemsInc_20180914_1-A_EX1A-6 MAT CTRCT_11351705_EX1A-6 MAT CTRCT_Distributor Agreement,6123,21,25,25,1.0
train,fixed_350_overlap_50,BIOFRONTERAAG_04_29_2019-EX-4.17-SUPPLY AGREEMENT,9771,33,27,27,1.0
train,fixed_350_overlap_50,"CORALGOLDRESOURCES,LTD_05_28_2020-EX-4.1-CONSULTING AGREEMENT",4730,16,20,20,1.0
train,fixed_350_overlap_50,Cerus Corporation - FIRST AMEND TO SUPPLY AND MANUFACTURING AGREEMENT,1796,6,7,7,1.0
train,fixed_350_overlap_50,OLDAPIWIND-DOWNLTD_01_08_2016-EX-1.3-AGENCY AGREEMENT2,630,2,8,8,1.0
train,fixed_350_overlap_50,ATENTOSA_07_06_2020-EX-99.1-JOINT FILING AGREEMENT,357,2,12,12,1.0
train,fixed_350_overlap_50,HealthcentralCom_19991108_S-1A_EX-10.27_6623292_EX-10.27_Co-Branding Agreement,6492,22,34,32,0.9411764705882353
train,fixed_350_overlap_50,GAINSCOINC_01_21_2010-EX-10.41-SPONSORSHIP AGREEMENT,2452,9,26,24,0.9230769230769231
train,fixed_350_overlap_50,"TURNKEYCAPITAL,INC_07_20_2017-EX-1.1-Strategic Alliance Agreement",1988,7,12,12,1.0
train,fixed_350_overlap_50,IVILLAGEINC_03_17_1999-EX-10.16-SPONSORSHIP AGREEMENT,3407,12,26,24,0.9230769230769231
train,fixed_350_overlap_50,"IPAYMENT,INC_05_14_2007-EX-10.1-SPONSORSHIP AGREEMENT",14652,49,34,34,1.0
train,fixed_350_overlap_50,RISEEDUCATIONCAYMANLTD_04_17_2020-EX-4.23-SERVICE AGREEMENT,2394,8,13,13,1.0
train,fixed_350_overlap_50,STARTECGLOBALCOMMUNICATIONSCORP_11_16_1998-EX-10.30-CONSTRUCTION AND MAINTENANCE AGREEMENT,14551,49,74,74,1.0
train,fixed_350_overlap_50,LejuHoldingsLtd_20140121_DRS (on F-1)_EX-10.26_8473102_EX-10.26_Content License Agreement2,327,1,7,7,1.0
train,fixed_350_overlap_50,FIBROGENINC_10_01_2014-EX-10.11-COLLABORATION AGREEMENT,24526,82,51,48,0.9411764705882353
train,fixed_350_overlap_50,"KNOWLABS,INC_08_15_2005-EX-10-INTELLECTUAL PROPERTY AGREEMENT",1970,7,16,16,1.0
train,fixed_350_overlap_50,UAGHINC_04_14_2004-EX-10.18-MAINTENANCE AGREEMENT,2676,9,19,18,0.9473684210526315
train,fixed_350_overlap_50,"ARMSTRONGFLOORING,INC_01_07_2019-EX-10.2-INTELLECTUAL PROPERTY AGREEMENT",10349,35,49,47,0.9591836734693877
train,fixed_350_overlap_50,VitalibisInc_20180316_8-K_EX-10.2_11100168_EX-10.2_Hosting Agreement,7045,24,29,29,1.0
train,fixed_350_overlap_50,HEALTHGATEDATACORP_11_24_1999-EX-10.1-HOSTING AND MANAGEMENT AGREEMENT - Escrow Agreement,4201,14,15,13,0.8666666666666667
train,fixed_350_overlap_50,BNLFINANCIALCORP_03_30_2007-EX-10.8-OUTSOURCING AGREEMENT,6470,22,27,26,0.9629629629629629
train,fixed_350_overlap_50,"IOVANCEBIOTHERAPEUTICS,INC_08_03_2017-EX-10.1-STRATEGIC ALLIANCE AGREEMENT",10693,36,27,25,0.9259259259259259
train,fixed_350_overlap_50,NEONSYSTEMSINC_03_01_1999-EX-10.5-DISTRIBUTOR AGREEMENT_New,8888,30,40,39,0.975
train,fixed_350_overlap_50,TELKOMSALTD_01_30_2003-EX-10-LICENCE AND MAINTENANCE AGREEMENT,16176,54,49,49,1.0
train,fixed_350_overlap_50,"FIDELITYNATIONALINFORMATIONSERVICES,INC_08_05_2009-EX-10.3-INTELLECTUAL PROPERTY AGREEMENT",19341,65,70,59,0.8428571428571429
train,fixed_350_overlap_50,TRUENORTHENERGYCORP_02_08_2007-EX-10.1-DEVELOPMENT AGREEMENT,6961,24,19,18,0.9473684210526315
train,fixed_350_overlap_50,GentechHoldingsInc_20190808_1-A_EX1A-6 MAT CTRCT_11776814_EX1A-6 MAT CTRCT_Distributor Agreement,4097,14,24,24,1.0
train,fixed_350_overlap_50,TICKETSCOMINC_06_22_1999-EX-10.22-SPONSORSHIP AGREEMENT,1155,4,16,16,1.0
train,fixed_350_overlap_50,"ADMA BioManufacturing, LLC -  Amendment #3 to Manufacturing Agreement ",2478,9,16,16,1.0
train,fixed_350_overlap_50,OFGBANCORP_03_28_2007-EX-10.23-OUTSOURCING AGREEMENT,24004,80,44,40,0.9090909090909091
train,fixed_350_overlap_50,"DUOSTECHNOLOGIESGROUP,INC_04_21_2009-EX-10.1-STRATEGIC ALLIANCE AGREEMENT",7148,24,38,38,1.0
train,fixed_350_overlap_50,OLDAPIWIND-DOWNLTD_01_08_2016-EX-1.3-AGENCY AGREEMENT1,15521,52,16,16,1.0
train,fixed_350_overlap_50,"ADIANUTRITION,INC_04_01_2005-EX-10.D2-RESELLER AGREEMENT",4051,14,22,22,1.0
train,fixed_350_overlap_50,"ATHENSBANCSHARESCORP_11_02_2009-EX-1.2-AGENCY AGREEMENT , 2009",23419,78,16,14,0.875
train,fixed_350_overlap_50,SoupmanInc_20150814_8-K_EX-10.1_9230148_EX-10.1_Franchise Agreement3,438,2,2,2,1.0
train,fixed_350_overlap_50,MOVADOGROUPINC_04_30_2003-EX-10.28-ENDORSEMENT AGREEMENT,2710,9,9,9,1.0
train,fixed_350_overlap_50,StaarSurgicalCompany_20180801_10-Q_EX-10.37_11289449_EX-10.37_Distributor Agreement,7649,26,38,37,0.9736842105263158
train,fixed_350_overlap_50,EmeraldHealthBioceuticalsInc_20200218_1-A_EX1A-6 MAT CTRCT_11987205_EX1A-6 MAT CTRCT_Development Agreement,2606,9,20,20,1.0
train,fixed_350_overlap_50,STAMPSCOMINC_06_24_1999-EX-10.18-SPONSORSHIP AGREEMENT,5496,19,32,32,1.0
train,fixed_350_overlap_50,BEYONDCOMCORP_08_03_2000-EX-10.2-CO-HOSTING AGREEMENT,7991,27,33,32,0.9696969696969697
train,fixed_350_overlap_50,CHEETAHMOBILEINC_04_22_2014-EX-10.43-Cooperation Agreement,6230,21,23,22,0.9565217391304348
train,fixed_350_overlap_50,ClickstreamCorp_20200330_1-A_EX1A-6 MAT CTRCT_12089935_EX1A-6 MAT CTRCT_Development Agreement,5445,18,24,24,1.0
train,fixed_350_overlap_50,NEOMEDIATECHNOLOGIESINC_12_15_2005-EX-16.1-DISTRIBUTOR AGREEMENT,4973,17,29,29,1.0
train,fixed_350_overlap_50,"ADUROBIOTECH,INC_06_02_2020-EX-10.7-CONSULTING AGREEMENT(1)",1850,6,16,16,1.0
train,fixed_350_overlap_50,LejuHoldingsLtd_20140121_DRS (on F-1)_EX-10.26_8473102_EX-10.26_Content License Agreement1,7198,24,22,22,1.0
train,fixed_350_overlap_50,"VISIUMTECHNOLOGIES,INC_10_20_2004-EX-10.20-DISTRIBUTOR AGREEMENT",7706,26,42,42,1.0
train,fixed_350_overlap_50,"INNOVIVA,INC_08_07_2014-EX-10.1-COLLABORATION AGREEMENT",28937,97,52,49,0.9423076923076923
train,fixed_350_overlap_50,SoupmanInc_20150814_8-K_EX-10.1_9230148_EX-10.1_Franchise Agreement2,844,3,5,5,1.0
train,fixed_350_overlap_50,"ADUROBIOTECH,INC_06_02_2020-EX-10.7-CONSULTING AGREEMENT",1850,6,14,14,1.0
train,fixed_350_overlap_50,CybergyHoldingsInc_20140520_10-Q_EX-10.27_8605784_EX-10.27_Affiliate Agreement,5326,18,26,26,1.0
train,fixed_350_overlap_50,MANAKOASERVICESCORP_11_21_2007-EX-7.5-STRATEGIC ALLIANCE AGREEMENT,2355,8,14,14,1.0
train,fixed_350_overlap_50,FLOTEKINDUSTRIESINCCN_05_09_2019-EX-10.1-SUPPLY AGREEMENT,3037,10,19,19,1.0
train,fixed_350_overlap_50,EUROPEANMICROHOLDINGSINC_03_06_1998-EX-10.6-DISTRIBUTOR AGREEMENT,7939,27,38,36,0.9473684210526315
train,fixed_350_overlap_50,KitovPharmaLtd_20190326_20-F_EX-4.15_11584449_EX-4.15_Manufacturing Agreement,8964,30,36,36,1.0
train,fixed_350_overlap_50,BellringBrandsInc_20190920_S-1_EX-10.12_11817081_EX-10.12_Manufacturing Agreement3,1240,4,10,10,1.0
train,fixed_350_overlap_50,GOCALLINC_03_30_2000-EX-10.7-Promotion Agreement,2983,10,18,18,1.0
train,fixed_350_overlap_50,LEJUHOLDINGSLTD_03_12_2014-EX-10.34-INTERNET CHANNEL COOPERATION AGREEMENT,5930,20,20,20,1.0
train,fixed_350_overlap_50,BLACKSTONEGSOLONG-SHORTCREDITINCOMEFUND_05_11_2020-EX-99.(K)(1)-SERVICE AGREEMENT,8073,27,17,15,0.8823529411764706
train,fixed_350_overlap_50,"MEETGROUP,INC_06_29_2017-EX-10.1-COOPERATION AGREEMENT",9394,32,15,13,0.8666666666666667
train,fixed_350_overlap_50,GluMobileInc_20070319_S-1A_EX-10.09_436630_EX-10.09_Content License Agreement3,545,2,10,10,1.0
train,fixed_350_overlap_50,ADAPTIMMUNETHERAPEUTICSPLC_04_06_2017-EX-10.11-STRATEGIC ALLIANCE AGREEMENT,15471,52,56,56,1.0
train,fixed_350_overlap_50,ENTRUSTINC_07_24_1998-EX-10.5-STRATEGIC ALLIANCE AGREEMENT,5893,20,39,36,0.9230769230769231
train,fixed_350_overlap_50,SYKESHEALTHPLANSERVICESINC_04_24_1998-EX-10.14-OUTSOURCING AGREEMENT,1876,7,18,18,1.0
train,fixed_350_overlap_50,NATIONALPROCESSINGINC_07_18_1996-EX-10.4-SPONSORSHIP AGREEMENT,4359,15,14,12,0.8571428571428571
train,fixed_350_overlap_50,SimplicityEsportsGamingCompany_20181130_8-K_EX-10.1_11444071_EX-10.1_Franchise Agreement,4347,15,27,26,0.9629629629629629
train,fixed_350_overlap_50,QIWI_06_16_2017-EX-99.(D)(2)-COOPERATION AGREEMENT,4170,14,16,13,0.8125
train,fixed_350_overlap_50,RemarkHoldingsInc_20081114_10-Q_EX-10.24_2895649_EX-10.24_Content License Agreement,9178,31,54,54,1.0
train,fixed_350_overlap_50,CnsPharmaceuticalsInc_20200326_8-K_EX-10.1_12079626_EX-10.1_Development Agreement,3260,11,14,14,1.0
train,fixed_350_overlap_50,GluMobileInc_20070319_S-1A_EX-10.09_436630_EX-10.09_Content License Agreement2,1853,7,25,25,1.0
train,fixed_350_overlap_50,"BLUEHILLSBANCORP,INC_05_20_2014-EX-1.1-AGENCY AGREEMENT",21046,70,22,20,0.9090909090909091
train,fixed_350_overlap_50,GarrettMotionInc_20181001_8-K_EX-2.4_11364532_EX-2.4_Intellectual Property Agreement,8757,30,33,29,0.8787878787878788
train,fixed_350_overlap_50,TheglobeComInc_19990503_S-1A_EX-10.20_5416126_EX-10.20_Co-Branding Agreement,6614,22,35,35,1.0
train,fixed_350_overlap_50,EmbarkComInc_19991008_S-1A_EX-10.10_6487661_EX-10.10_Co-Branding Agreement,5039,17,22,22,1.0
train,fixed_350_overlap_50,TRANSMONTAIGNEPARTNERSLLC_03_13_2020-EX-10.9-SERVICES AGREEMENT,880,3,12,12,1.0
train,fixed_350_overlap_50,"COOLTECHNOLOGIES,INC_10_25_2017-EX-10.71-Strategic Alliance Agreement",2154,8,14,14,1.0
train,fixed_350_overlap_50,ALLIANCEBANCORPINCOFPENNSYLVANIA_10_18_2006-EX-1.2-AGENCY AGREEMENT,20957,70,24,24,1.0
train,fixed_350_overlap_50,XpresspaGroupInc_20190401_10-K_EX-10.28_11599457_EX-10.28_Marketing Agreement,8460,29,49,47,0.9591836734693877
train,fixed_350_overlap_50,BellringBrandsInc_20190920_S-1_EX-10.12_11817081_EX-10.12_Manufacturing Agreement2,344,1,9,9,1.0
train,fixed_350_overlap_50,IdeanomicsInc_20160330_10-K_EX-10.26_9512211_EX-10.26_Content License Agreement,6321,21,28,26,0.9285714285714286
train,fixed_350_overlap_50,BIOAMBERINC_04_10_2013-EX-10.34-DEVELOPMENT AGREEMENT (1),5818,20,30,30,1.0
train,fixed_350_overlap_50,PrudentialBancorpInc_20170606_8-K_EX-10.4_10474434_EX-10.4_Endorsement Agreement,2264,8,12,12,1.0
train,fixed_350_overlap_50,"BERKELEYLIGHTS,INC_06_26_2020-EX-10.12-COLLABORATION AGREEMENT",32708,109,89,79,0.8876404494382022
train,fixed_350_overlap_50,UnionDentalHoldingsInc_20050204_8-KA_EX-10_3345577_EX-10_Affiliate Agreement,1850,6,11,11,1.0
train,fixed_350_overlap_50,WOMENSGOLFUNLIMITEDINC_03_29_2000-EX-10.13-ENDORSEMENT AGREEMENT - Intellectual Property Rights                 Confidentiality and Non-Use Obligations Agreement,940,3,7,7,1.0
train,fixed_350_overlap_50,SPHERE3DCORP_06_24_2020-EX-10.12-CONSULTING AGREEMENT,1897,7,12,12,1.0
train,fixed_350_overlap_50,ENTERPRISEPRODUCTSPARTNERSLP_07_08_1998-EX-10.3-TRANSPORTATION CONTRACT,11141,37,36,35,0.9722222222222222
train,fixed_350_overlap_50,HerImports_20161018_8-KA_EX-10.14_9765707_EX-10.14_Maintenance Agreement,1595,6,8,8,1.0
train,fixed_350_overlap_50,PROLONGINTERNATIONALCORP_03_23_1998-EX-10.16-SPONSORSHIP AGREEMENT,2180,8,11,11,1.0
train,fixed_350_overlap_50,DYNTEKINC_07_30_1999-EX-10-ONLINE HOSTING AGREEMENT,4009,14,20,20,1.0
train,fixed_350_overlap_50,ALAMOGORDOFINANCIALCORP_12_16_1999-EX-1-AGENCY AGREEMENT,18815,63,22,22,1.0
train,fixed_350_overlap_50,StampscomInc_20001114_10-Q_EX-10.47_2631630_EX-10.47_Co-Branding Agreement,11730,39,46,44,0.9565217391304348
train,fixed_350_overlap_50,InvendaCorp_20000828_S-1A_EX-10.2_2588206_EX-10.2_Co-Branding Agreement,14682,49,63,63,1.0
train,fixed_350_overlap_50,WebmdHealthCorp_20050908_S-1A_EX-10.7_1027007_EX-10.7_Content License Agreement,2356,8,20,20,1.0
train,fixed_350_overlap_50,SANDRIDGEENERGYINC_08_06_2009-EX-10.6-OPERATIONS AND MAINTENANCE AGREEMENT,10964,37,34,34,1.0
train,fixed_350_overlap_50,ON4COMMUNICATIONSINC_07_02_2009-EX-10.1-PROMOTION AGREEMENT,2349,8,13,13,1.0
train,fixed_350_overlap_50,GluMobileInc_20070319_S-1A_EX-10.09_436630_EX-10.09_Content License Agreement1,17147,57,68,65,0.9558823529411765
train,fixed_350_overlap_50,BANUESTRAFINANCIALCORP_09_08_2006-EX-10.16-AGENCY AGREEMENT,7308,25,12,12,1.0
train,fixed_350_overlap_50,ArtaraTherapeuticsInc_20200110_8-K_EX-10.5_11943350_EX-10.5_License Agreement,5818,20,28,28,1.0
train,fixed_350_overlap_50,NlsPharmaceuticsLtd_20200228_F-1_EX-10.14_12029046_EX-10.14_Development Agreement,10546,35,29,24,0.8275862068965517
train,fixed_350_overlap_50,"VIRTUALSCOPICS,INC_11_12_2010-EX-10.1-STRATEGIC ALLIANCE AGREEMENT",7273,25,31,31,1.0
train,fixed_350_overlap_50,BellringBrandsInc_20190920_S-1_EX-10.12_11817081_EX-10.12_Manufacturing Agreement1,6565,22,23,22,0.9565217391304348
train,fixed_350_overlap_50,BLUEFLYINC_03_27_2002-EX-10.27-e-business Hosting Agreement,5136,17,31,31,1.0
train,fixed_350_overlap_50,ASIANDRAGONGROUPINC_08_11_2005-EX-10.5-Reseller Agreement,7018,24,20,19,0.95
train,fixed_350_overlap_50,MANUFACTURERSSERVICESLTD_06_05_2000-EX-10.14-OUTSOURCING AGREEMENT,41962,140,65,65,1.0
train,fixed_350_overlap_50,LiquidmetalTechnologiesInc_20200205_8-K_EX-10.1_11968198_EX-10.1_Development Agreement,12529,42,56,54,0.9642857142857143
train,fixed_350_overlap_50,PlayboyEnterprisesInc_20090220_10-QA_EX-10.2_4091580_EX-10.2_Content License Agreement_ Marketing Agreement_ Sales-Purchase Agreement2,526,2,6,6,1.0
train,fixed_350_overlap_50,ZtoExpressCaymanInc_20160930_F-1_EX-10.10_9752871_EX-10.10_Transportation Agreement,1468,5,12,12,1.0
train,fixed_350_overlap_50,2ThemartComInc_19990826_10-12G_EX-10.10_6700288_EX-10.10_Co-Branding Agreement_ Agency Agreement,4467,15,30,30,1.0
train,fixed_350_overlap_50,MOELIS_CO_03_24_2014-EX-10.19-STRATEGIC ALLIANCE AGREEMENT,18625,62,51,50,0.9803921568627451
train,fixed_350_overlap_50,XYBERNAUTCORP_07_12_2002-EX-4-SPONSORSHIP AGREEMENT,6661,23,17,17,1.0
train,fixed_350_overlap_50,"CARDAX,INC_08_19_2014-EX-10.1-COLLABORATION AGREEMENT",8586,29,23,22,0.9565217391304348
train,fixed_350_overlap_50,"MACY_S,INC_05_11_2020-EX-99.4-JOINT FILING AGREEMENT",216,1,5,5,1.0
train,fixed_350_overlap_50,TALCOTTRESOLUTIONLIFEINSURANCECO-SEPARATEACCOUNTTWELVE_04_30_2020-EX-99.8(L)-SERVICE AGREEMENT,4724,16,12,12,1.0
train,fixed_350_overlap_50,ArmstrongFlooringInc_20190107_8-K_EX-10.2_11471795_EX-10.2_Intellectual Property Agreement,8284,28,51,51,1.0
train,fixed_350_overlap_50,PFSFUNDS_06_26_2020-EX-99.H OTH MAT CONT-SERVICES AGREEMENT,2435,8,14,13,0.9285714285714286
train,fixed_350_overlap_50,WaterNowInc_20191120_10-Q_EX-10.12_11900227_EX-10.12_Distributor Agreement,7396,25,41,41,1.0
train,fixed_350_overlap_50,MTITECHNOLOGYCORP_11_16_2004-EX-10.102-Reseller Agreement Premier Addendum,4685,16,18,16,0.8888888888888888
train,fixed_350_overlap_50,SCOUTCAMINC_05_12_2020-EX-10.22-SERVICES AGREEMENT,1305,5,18,18,1.0
train,fixed_350_overlap_50,PharmagenInc_20120803_8-KA_EX-10.1_7693204_EX-10.1_Endorsement Agreement,2778,10,19,19,1.0
train,fixed_350_overlap_50,DRKOOPCOMINC_04_21_1999-EX-10.28-SPONSORSHIP AGREEMENT,5546,19,18,16,0.8888888888888888
train,fixed_350_overlap_50,"VNUE,INC_07_10_2015-EX-10.1-SPONSORSHIP AGREEMENT",3207,11,18,18,1.0
train,fixed_350_overlap_50,LegacyEducationAllianceInc_20141110_8-K_EX-10.9_8828866_EX-10.9_Endorsement Agreement,3149,11,19,19,1.0
train,fixed_350_overlap_50,PcquoteComInc_19990721_S-1A_EX-10.11_6377149_EX-10.11_Co-Branding Agreement3,395,2,7,7,1.0
train,fixed_350_overlap_50,GluMobileInc_20070319_S-1A_EX-10.09_436630_EX-10.09_Content License Agreement4,291,1,8,8,1.0
train,fixed_350_overlap_50,"OPTIMIZEDTRANSPORTATIONMANAGEMENT,INC_07_26_2000-EX-6.6-DISTRIBUTOR AGREEMENT",1367,5,18,17,0.9444444444444444
train,fixed_350_overlap_50,IMAGEWARESYSTEMSINC_12_20_1999-EX-10.22-MAINTENANCE AGREEMENT,2925,10,16,15,0.9375
train,fixed_350_overlap_50,NakedBrandGroupInc_20150731_POS AM (on S-1)_EX-10.75_9196027_EX-10.75_Endorsement Agreement,7601,26,35,34,0.9714285714285714
train,fixed_350_overlap_50,ZONDWINDSYSTEMPARTNERSLTDSERIES85-B_04_03_2006-EX-10-MANAGEMENT AND MAINTENANCE AGREEMENT,1368,5,8,8,1.0
train,fixed_350_overlap_50,IbioInc_20200313_8-K_EX-10.1_12052678_EX-10.1_Development Agreement,4657,16,18,18,1.0
train,fixed_350_overlap_50,BellringBrandsInc_20190920_S-1_EX-10.12_11817081_EX-10.12_Manufacturing Agreement4,258,1,8,8,1.0
train,fixed_350_overlap_50,ParatekPharmaceuticalsInc_20170505_10-KA_EX-10.29_10323872_EX-10.29_Outsourcing Agreement,17726,59,46,46,1.0
train,fixed_350_overlap_50,JOINTCORP_09_19_2014-EX-10.15-FRANCHISE AGREEMENT,26623,89,86,76,0.8837209302325582
train,fixed_350_overlap_50,VnueInc_20150914_8-K_EX-10.1_9259571_EX-10.1_Promotion Agreement,1634,6,12,12,1.0
train,fixed_350_overlap_50,NEXSTARFINANCEHOLDINGSINC_03_27_2002-EX-10.26-OUTSOURCING AGREEMENT,18265,61,25,22,0.88
train,fixed_350_overlap_50,SUNTRONCORP_05_17_2006-EX-10.22-MAINTENANCE AGREEMENT,4818,16,27,26,0.9629629629629629
train,fixed_350_overlap_50,"SPIENERGYCO,LTD_03_09_2011-EX-99.5-OPERATIONS AND MAINTENANCE AGREEMENT",8153,28,21,21,1.0
train,fixed_350_overlap_50,SteelVaultCorp_20081224_10-K_EX-10.16_3074935_EX-10.16_Affiliate Agreement,2709,9,16,16,1.0
train,fixed_350_overlap_50,"KIROMICBIOPHARMA,INC_04_08_2020-EX-10.28-JOINT VENTURE AGREEMENT",5749,19,25,23,0.92
train,fixed_350_overlap_50,PlayboyEnterprisesInc_20090220_10-QA_EX-10.2_4091580_EX-10.2_Content License Agreement_ Marketing Agreement_ Sales-Purchase Agreement1,17994,60,70,69,0.9857142857142858
train,fixed_350_overlap_50,TubeMediaCorp_20060310_8-K_EX-10.1_513921_EX-10.1_Affiliate Agreement,10728,36,49,49,1.0
train,fixed_350_overlap_50,"MARSHALLHOLDINGSINTERNATIONAL,INC_04_14_2004-EX-10.15-ENDORSEMENT AGREEMENT",1716,6,16,16,1.0
train,fixed_350_overlap_50,BLACKBOXSTOCKSINC_08_05_2014-EX-10.1-DISTRIBUTOR AGREEMENT,2706,9,21,21,1.0
train,fixed_350_overlap_50,WARNERCHILCOTTPLC_12_31_2003-EX-4.36-DEVELOPMENT AGREEMENT,4152,14,13,12,0.9230769230769231
train,fixed_350_overlap_50,VertexEnergyInc_20200113_8-K_EX-10.1_11943624_EX-10.1_Marketing Agreement,7280,25,26,26,1.0
train,fixed_350_overlap_50,NETZEEINC_11_14_2002-EX-10.3-MAINTENANCE AGREEMENT,464,2,9,9,1.0
train,fixed_350_overlap_50,REGANHOLDINGCORP_03_31_2008-EX-10-LICENSE AND HOSTING AGREEMENT,8824,30,22,21,0.9545454545454546
train,fixed_350_overlap_50,MidwestEnergyEmissionsCorp_20080604_8-K_EX-10.2_3093976_EX-10.2_Content License Agreement,5199,18,31,31,1.0
train,fixed_350_overlap_50,HYDRONTECHNOLOGIESINC_03_31_1997-EX-10.47-SPONSORSHIP AGREEMENT,4114,14,14,13,0.9285714285714286
train,fixed_350_overlap_50,CcRealEstateIncomeFundadv_20181205_POS 8C_EX-99.(H)(3)_11447739_EX-99.(H)(3)_Marketing Agreement,4695,16,14,14,1.0
train,fixed_350_overlap_50,"BLUEROCKRESIDENTIALGROWTHREIT,INC_06_01_2016-EX-1.1-AGENCY AGREEMENT",20909,70,17,15,0.8823529411764706
train,fixed_350_overlap_50,"TALLGRASSENERGY,LP_02_20_2020-EX-99.26-JOINT FILING AGREEMENT",621,2,12,12,1.0
train,fixed_350_overlap_50,KINGPHARMACEUTICALSINC_08_09_2006-EX-10.1-PROMOTION AGREEMENT,26840,90,64,62,0.96875
train,fixed_350_overlap_50,PerformanceSportsBrandsInc_20110909_S-1_EX-10.10_7220214_EX-10.10_Endorsement Agreement,4118,14,24,24,1.0
train,paragraph_350_overlap_50,LIMEENERGYCO_09_09_1999-EX-10-DISTRIBUTOR AGREEMENT,5998,19,46,46,1.0
train,paragraph_350_overlap_50,"WHITESMOKE,INC_11_08_2011-EX-10.26-PROMOTION AND DISTRIBUTION AGREEMENT",11313,41,27,27,1.0
train,paragraph_350_overlap_50,NELNETINC_04_08_2020-EX-1-JOINT FILING AGREEMENT,170,1,4,4,1.0
train,paragraph_350_overlap_50,ADAMSGOLFINC_03_21_2005-EX-10.17-ENDORSEMENT AGREEMENT,3770,12,23,23,1.0
train,paragraph_350_overlap_50,"KIROMICBIOPHARMA,INC_05_11_2020-EX-10.23-CONSULTING AGREEMENT",2766,10,24,24,1.0
train,paragraph_350_overlap_50,"VEONEER,INC_02_21_2020-EX-10.11-JOINT VENTURE AGREEMENT",1334,5,16,16,1.0
train,paragraph_350_overlap_50,"MetLife, Inc. - Remarketing Agreement",17518,65,16,16,1.0
train,paragraph_350_overlap_50,"FTENETWORKS,INC_02_18_2016-EX-99.4-STRATEGIC ALLIANCE AGREEMENT",5761,22,33,33,1.0
train,paragraph_350_overlap_50,DOMINIADVISORTRUST_02_18_2005-EX-99.(H)(2)-SPONSORSHIP AGREEMENT,1847,7,13,13,1.0
train,paragraph_350_overlap_50,PfHospitalityGroupInc_20150923_10-12G_EX-10.1_9266710_EX-10.1_Franchise Agreement3,1014,4,12,12,1.0
train,paragraph_350_overlap_50,CerenceInc_20191002_8-K_EX-10.4_11827494_EX-10.4_Intellectual Property Agreement,9608,34,40,40,1.0
train,paragraph_350_overlap_50,ReynoldsConsumerProductsInc_20191115_S-1_EX-10.18_11896469_EX-10.18_Supply Agreement,9599,36,26,26,1.0
train,paragraph_350_overlap_50,IntegrityFunds_20200121_485BPOS_EX-99.E UNDR CONTR_11948727_EX-99.E UNDR CONTR_Service Agreement,3784,15,12,12,1.0
train,paragraph_350_overlap_50,PREMIERBIOMEDICALINC_05_14_2020-EX-10.2-INTELLECTUAL PROPERTY AGREEMENT,3596,14,22,22,1.0
train,paragraph_350_overlap_50,"SIBANNAC,INC_12_04_2017-EX-2.1-Strategic Alliance Agreement",1236,5,14,14,1.0
train,paragraph_350_overlap_50,INTRICONCORP_03_10_2009-EX-10.22-Strategic Alliance Agreement,7774,26,35,35,1.0
train,paragraph_350_overlap_50,BONTONSTORESINC_04_20_2018-EX-99.3-AGENCY AGREEMENT,26842,92,43,43,1.0
train,paragraph_350_overlap_50,"ON2TECHNOLOGIES,INC_11_17_2006-EX-10.3-SUPPORT AND MAINTENANCE AGREEMENT",8844,29,17,17,1.0
train,paragraph_350_overlap_50,Freecook_20180605_S-1_EX-10.3_11233807_EX-10.3_Hosting Agreement,997,4,10,10,1.0
train,paragraph_350_overlap_50,OPERALTD_04_30_2020-EX-4.14-SERVICE AGREEMENT,3326,12,21,21,1.0
train,paragraph_350_overlap_50,"BORROWMONEYCOM,INC_06_11_2020-EX-10.1-JOINT VENTURE AGREEMENT",3507,12,11,11,1.0
train,paragraph_350_overlap_50,ZEBRATECHNOLOGIESCORP_04_16_2014-EX-10.1-INTELLECTUAL PROPERTY AGREEMENT,19581,71,45,42,0.9333333333333333
train,paragraph_350_overlap_50,ChinaRealEstateInformationCorp_20090929_F-1_EX-10.32_4771615_EX-10.32_Content License Agreement,7522,25,24,24,1.0
train,paragraph_350_overlap_50,GLOBALTECHNOLOGIESLTD_06_08_2020-EX-10.16-CONSULTING AGREEMENT,3199,13,12,12,1.0
train,paragraph_350_overlap_50,PfHospitalityGroupInc_20150923_10-12G_EX-10.1_9266710_EX-10.1_Franchise Agreement1,24389,88,84,82,0.9761904761904762
train,paragraph_350_overlap_50,CORIOINC_07_20_2000-EX-10.5-LICENSE AND HOSTING AGREEMENT,8396,28,53,52,0.9811320754716981
train,paragraph_350_overlap_50,SENMIAOTECHNOLOGYLTD_02_19_2019-EX-10.5-Collaboration Agreement,11876,47,33,33,1.0
train,paragraph_350_overlap_50,HealthcareIntegratedTechnologiesInc_20190812_8-K_EX-10.1_11776966_EX-10.1_Reseller Agreement,3519,12,22,22,1.0
train,paragraph_350_overlap_50,LOYALTYPOINTINC_11_16_2004-EX-10.2-RESELLER AGREEMENT,12890,44,30,30,1.0
train,paragraph_350_overlap_50,BNCMORTGAGEINC_05_17_1999-EX-10.4-LICENSING AND WEB SITE HOSTING AGREEMENT,4739,16,17,17,1.0
train,paragraph_350_overlap_50,ENERGOUSCORP_03_16_2017-EX-10.24-STRATEGIC ALLIANCE AGREEMENT,12422,49,67,67,1.0
train,paragraph_350_overlap_50,CytodynInc_20200109_10-Q_EX-10.5_11941634_EX-10.5_License Agreement,24801,90,52,51,0.9807692307692307
train,paragraph_350_overlap_50,NICELTD_06_26_2003-EX-4.5-OUTSOURCING AGREEMENT,18608,64,29,28,0.9655172413793104
train,paragraph_350_overlap_50,ImpresseCorp_20000322_S-1A_EX-10.11_5199234_EX-10.11_Co-Branding Agreement,7249,24,32,32,1.0
train,paragraph_350_overlap_50,AlliedEsportsEntertainmentInc_20190815_8-K_EX-10.19_11788293_EX-10.19_Content License Agreement,5471,20,30,30,1.0
train,paragraph_350_overlap_50,CreditcardscomInc_20070810_S-1_EX-10.33_362297_EX-10.33_Affiliate Agreement,4045,17,13,13,1.0
train,paragraph_350_overlap_50,GALACTICOMMTECHNOLOGIESINC_11_07_1997-EX-10.46-WEB HOSTING AGREEMENT,223,1,5,5,1.0
train,paragraph_350_overlap_50,"Zounds Hearing, Inc. - MANUFACTURING DESIGN MARKETING AGREEMENT",6897,25,31,30,0.967741935483871
train,paragraph_350_overlap_50,CUROGROUPHOLDINGSCORP_05_04_2020-EX-10.3-SERVICING AGREEMENT,5793,19,12,12,1.0
train,paragraph_350_overlap_50,SouthernStarEnergyInc_20051202_SB-2A_EX-9_801890_EX-9_Affiliate Agreement,3607,13,17,17,1.0
train,paragraph_350_overlap_50,ConformisInc_20191101_10-Q_EX-10.6_11861402_EX-10.6_Development Agreement,9583,35,33,33,1.0
train,paragraph_350_overlap_50,Principal Life Insurance Company - Broker Dealer Marketing and Servicing Agreement,4366,15,15,15,1.0
train,paragraph_350_overlap_50,LegacyEducationAllianceInc_20200330_10-K_EX-10.18_12090678_EX-10.18_Development Agreement,7337,30,49,49,1.0
train,paragraph_350_overlap_50,VerizonAbsLlc_20200123_8-K_EX-10.4_11952335_EX-10.4_Service Agreement,45143,148,26,26,1.0
train,paragraph_350_overlap_50,VERICELCORP_08_06_2019-EX-10.10-SUPPLY AGREEMENT,15862,55,39,39,1.0
train,paragraph_350_overlap_50,WPPPLC_04_30_2020-EX-4.28-SERVICE AGREEMENT,10958,42,26,25,0.9615384615384616
train,paragraph_350_overlap_50,WORLDWIDESTRATEGIESINC_11_02_2005-EX-10-RESELLER AGREEMENT,10830,36,43,43,1.0
train,paragraph_350_overlap_50,FEDERATEDGOVERNMENTINCOMESECURITIESINC_04_28_2020-EX-99.SERV AGREE-SERVICES AGREEMENT_SECONDAMENDMENT,820,3,8,8,1.0
train,paragraph_350_overlap_50,AzulSa_20170303_F-1A_EX-10.3_9943903_EX-10.3_Maintenance Agreement2,2549,9,13,13,1.0
train,paragraph_350_overlap_50,PelicanDeliversInc_20200211_S-1_EX-10.3_11975895_EX-10.3_Development Agreement1,2820,11,6,6,1.0
train,paragraph_350_overlap_50,ORBSATCORP_08_17_2007-EX-7.3-STRATEGIC ALLIANCE AGREEMENT,2909,10,19,19,1.0
train,paragraph_350_overlap_50,DRAGONSYSTEMSINC_01_08_1999-EX-10.17-OUTSOURCING AGREEMENT,1088,4,13,13,1.0
train,paragraph_350_overlap_50,SEPARATEACCOUNTIIOFAGL_05_02_2011-EX-99.(J)(4)-UNCONDITIONAL CAPITAL MAINTENANCE AGREEMENT,2845,11,13,13,1.0
train,paragraph_350_overlap_50,ImperialGardenResortInc_20161028_DRS (on F-1)_EX-10.13_9963189_EX-10.13_Outsourcing Agreement,1849,7,7,7,1.0
train,paragraph_350_overlap_50,"VIRGINGALACTICHOLDINGS,INC_04_08_2020-EX-99.1-JOINT FILING STATEMENT",188,1,6,6,1.0
train,paragraph_350_overlap_50,FuseMedicalInc_20190321_10-K_EX-10.43_11575454_EX-10.43_Distributor Agreement,5339,16,21,21,1.0
train,paragraph_350_overlap_50,ASPIRITYHOLDINGSLLC_05_07_2012-EX-10.6-OUTSOURCING AGREEMENT,10095,43,28,28,1.0
train,paragraph_350_overlap_50,"OASYSMOBILE,INC_07_05_2001-EX-10.17-OUTSOURCING AGREEMENT",8147,28,47,47,1.0
train,paragraph_350_overlap_50,MEDIWOUNDLTD_01_15_2014-EX-10.6-SUPPLY AGREEMENT,7708,36,27,27,1.0
train,paragraph_350_overlap_50,UpjohnInc_20200121_10-12G_EX-2.6_11948692_EX-2.6_Manufacturing Agreement_ Supply Agreement,33948,141,95,93,0.9789473684210527
train,paragraph_350_overlap_50,"Antares Pharma, Inc. - Manufacturing Agreement",16365,55,20,20,1.0
train,paragraph_350_overlap_50,RareElementResourcesLtd_20171019_SC 13D_EX-99.4_10897534_EX-99.4_Intellectual Property Agreement,5415,21,33,33,1.0
train,paragraph_350_overlap_50,VARIABLESEPARATEACCOUNT_04_30_2014-EX-13.C-UNCONDITIONAL CAPITAL MAINTENANCE AGREEMENT,2381,9,14,13,0.9285714285714286
train,paragraph_350_overlap_50,ABILITYINC_06_15_2020-EX-4.25-SERVICES AGREEMENT,4115,16,16,16,1.0
train,paragraph_350_overlap_50,ELECTRAMECCANICA VEHICLES CORP. - Manufacturing Agreement,7251,30,30,30,1.0
train,paragraph_350_overlap_50,GopageCorp_20140221_10-K_EX-10.1_8432966_EX-10.1_Content License Agreement,6030,23,25,25,1.0
train,paragraph_350_overlap_50,BICYCLETHERAPEUTICSPLC_03_10_2020-EX-10.11-SERVICE AGREEMENT,9252,31,27,25,0.9259259259259259
train,paragraph_350_overlap_50,TELEGLOBEINTERNATIONALHOLDINGSLTD_03_29_2004-EX-10.10-CONSTRUCTION AND MAINTENANCE AGREEMENT,15095,58,62,62,1.0
train,paragraph_350_overlap_50,INTERNATIONALFASTFOODCORP_04_04_1997-EX-99-FRANCHISE AGREEMENT,16157,55,65,63,0.9692307692307692
train,paragraph_350_overlap_50,BIOCEPTINC_08_19_2013-EX-10-COLLABORATION AGREEMENT,12142,42,40,40,1.0
train,paragraph_350_overlap_50,PACIFICSYSTEMSCONTROLTECHNOLOGYINC_08_24_2000-EX-10.53-SPONSORSHIP AGREEMENT,682,3,9,9,1.0
train,paragraph_350_overlap_50,NANOPHASETECHNOLOGIESCORP_11_01_2005-EX-99.1-DISTRIBUTOR AGREEMENT,7663,28,37,37,1.0
train,paragraph_350_overlap_50,AzulSa_20170303_F-1A_EX-10.3_9943903_EX-10.3_Maintenance Agreement1,34155,119,41,41,1.0
train,paragraph_350_overlap_50,PelicanDeliversInc_20200211_S-1_EX-10.3_11975895_EX-10.3_Development Agreement2,4870,20,21,21,1.0
train,paragraph_350_overlap_50,"NETGEAR,INC_04_21_2003-EX-10.16-AMENDMENT TO THE DISTRIBUTOR AGREEMENT BETWEEN INGRAM MICRO AND NETGEAR",973,4,8,8,1.0
train,paragraph_350_overlap_50,NEONSYSTEMSINC_03_01_1999-EX-10.5-DISTRIBUTOR AGREEMENT_Amendment,2848,11,32,32,1.0
train,paragraph_350_overlap_50,SPARKLINGSPRINGWATERHOLDINGSLTD_07_03_2002-EX-10.13-SOFTWARE LICENSE AND MAINTENANCE AGREEMENT,3885,13,28,28,1.0
train,paragraph_350_overlap_50,NUVEEN - REMARKETING AGREEMENT,11298,40,17,17,1.0
train,paragraph_350_overlap_50,SECURIANFUNDSTRUST_05_01_2012-EX-99.28.H.9-NET INVESTMENT INCOME MAINTENANCE AGREEMENT,1538,6,13,13,1.0
train,paragraph_350_overlap_50,WELLSFARGOMORTGAGEBACKEDSECURITIES2006-6TRUST_05_11_2006-EX-10.3-Yield Maintenance Agreement,5299,19,12,12,1.0
train,paragraph_350_overlap_50,REWALKROBOTICSLTD_07_10_2014-EX-10.2-STRATEGIC ALLIANCE AGREEMENT,2320,7,15,15,1.0
train,paragraph_350_overlap_50,PenntexMidstreamPartnersLp_20150416_S-1A_EX-10.4_9042833_EX-10.4_Transportation Agreement,7965,27,20,20,1.0
train,paragraph_350_overlap_50,FerroglobePlc_20150624_F-4A_EX-10.20_9154746_EX-10.20_Outsourcing Agreement,4627,14,13,13,1.0
train,paragraph_350_overlap_50,TodosMedicalLtd_20190328_20-F_EX-4.10_11587157_EX-4.10_Marketing Agreement_ Reseller Agreement,5066,21,31,31,1.0
train,paragraph_350_overlap_50,PrecheckHealthServicesInc_20200320_8-K_EX-99.2_12070169_EX-99.2_Distributor Agreement,970,5,13,13,1.0
train,paragraph_350_overlap_50,INKTOMICORP_06_08_1998-EX-10.14-SOFTWARE HOSTING AGREEMENT,9916,32,29,27,0.9310344827586207
train,paragraph_350_overlap_50,"OAKTREECAPITALGROUP,LLC_03_02_2020-EX-10.8-Services Agreement",3194,10,14,14,1.0
train,paragraph_350_overlap_50,BANGIINC_05_25_2005-EX-10-Premium Managed Hosting Agreement,302,1,6,6,1.0
train,paragraph_350_overlap_50,AMERICANPHYSICIANSCAPITALINC_03_31_2003-EX-10.26-AGENCY AGREEMENT,2901,9,25,25,1.0
train,paragraph_350_overlap_50,GULFSOUTHMEDICALSUPPLYINC_12_24_1997-EX-4-AFFILIATE AGREEMENT,2765,10,9,9,1.0
train,paragraph_350_overlap_50,"BELLRINGBRANDS,INC_02_07_2020-EX-10.18-MASTER SUPPLY AGREEMENT",5813,21,28,28,1.0
train,paragraph_350_overlap_50,AimmuneTherapeuticsInc_20200205_8-K_EX-10.3_11967170_EX-10.3_Development Agreement,25298,87,56,55,0.9821428571428571
train,paragraph_350_overlap_50,HEALTHGATEDATACORP_11_24_1999-EX-10.1-HOSTING AND MANAGEMENT AGREEMENT (1),17975,56,51,51,1.0
train,paragraph_350_overlap_50,"INTELLIGENTHIGHWAYSOLUTIONS,INC_01_18_2018-EX-10.1-Strategic Alliance Agreement",1217,5,14,14,1.0
train,paragraph_350_overlap_50,ATMOSENERGYCORP_11_22_2002-EX-10.17-TRANSPORTATION SERVICE AGREEMENT,2588,9,18,18,1.0
train,paragraph_350_overlap_50,PacificapEntertainmentHoldingsInc_20051115_8-KA_EX-1.01_4300894_EX-1.01_Content License Agreement,2500,9,15,15,1.0
train,paragraph_350_overlap_50,ReedsInc_20191113_10-Q_EX-10.4_11888303_EX-10.4_Development Agreement,4301,16,19,19,1.0
train,paragraph_350_overlap_50,RgcResourcesInc_20151216_8-K_EX-10.3_9372751_EX-10.3_Franchise Agreement,805,3,10,10,1.0
train,paragraph_350_overlap_50,"BELLICUMPHARMACEUTICALS,INC_05_07_2019-EX-10.1-Supply Agreement",28275,95,69,68,0.9855072463768116
train,paragraph_350_overlap_50,MARTINMIDSTREAMPARTNERSLP_01_23_2004-EX-10.3-TRANSPORTATION SERVICES AGREEMENT,2175,8,17,17,1.0
train,paragraph_350_overlap_50,RUBIOSRESTAURANTSINC_03_31_2008-EX-10.75-SPONSORSHIP AGREEMENT,5760,22,20,20,1.0
train,paragraph_350_overlap_50,CardlyticsInc_20180112_S-1_EX-10.16_11002987_EX-10.16_Maintenance Agreement2,387,2,6,6,1.0
train,paragraph_350_overlap_50,"XLITECHNOLOGIES,INC_12_11_2015-EX-10.1-Sponsorship Agreement",2851,11,16,16,1.0
train,paragraph_350_overlap_50,ScansourceInc_20190822_10-K_EX-10.38_11793958_EX-10.38_Distributor Agreement2,2044,7,18,18,1.0
train,paragraph_350_overlap_50,VERTEXENERGYINC_08_14_2014-EX-10.24-OPERATION AND MAINTENANCE AGREEMENT,8601,29,29,29,1.0
train,paragraph_350_overlap_50,NYLIACVARIABLEANNUITYSEPARATEACCOUNTIII_04_10_2020-EX-99.8.KK-SERVICE AGREEMENT,1072,4,12,12,1.0
train,paragraph_350_overlap_50,AlliedEsportsEntertainmentInc_20190815_8-K_EX-10.34_11788308_EX-10.34_Sponsorship Agreement,5852,21,25,25,1.0
train,paragraph_350_overlap_50,SLOVAKWIRELESSFINANCECOBV_03_28_2001-EX-4.(B)(II).3-Maintenance and support contract for SICAP(R) modules,3435,11,9,9,1.0
train,paragraph_350_overlap_50,ANIXABIOSCIENCESINC_06_09_2020-EX-10.1-COLLABORATION AGREEMENT,6178,22,31,31,1.0
train,paragraph_350_overlap_50,"ELFBEAUTY,INC_07_02_2020-EX-10.1-COOPERATION AGREEMENT",7265,26,17,17,1.0
train,paragraph_350_overlap_50,DigitalCinemaDestinationsCorp_20111220_S-1_EX-10.10_7346719_EX-10.10_Affiliate Agreement,16673,63,63,63,1.0
train,paragraph_350_overlap_50,VERTICALNETINC_04_01_2002-EX-10.19-MAINTENANCE AND SUPPORT AGREEMENT,10705,37,31,31,1.0
train,paragraph_350_overlap_50,TcPipelinesLp_20160226_10-K_EX-99.12_9454048_EX-99.12_Transportation Agreement,916,3,11,11,1.0
train,paragraph_350_overlap_50,HUBEIMINKANGPHARMACEUTICALLTD_09_19_2006-EX-10.1-OUTSOURCING AGREEMENT,1836,7,13,13,1.0
train,paragraph_350_overlap_50,ACCURAYINC_09_01_2010-EX-10.31-DISTRIBUTOR AGREEMENT,13349,52,30,30,1.0
train,paragraph_350_overlap_50,"MIDDLEBROOKPHARMACEUTICALS,INC_03_18_2010-EX-10.1-PROMOTION AGREEMENT",8879,30,23,23,1.0
train,paragraph_350_overlap_50,ArcGroupInc_20171211_8-K_EX-10.1_10976103_EX-10.1_Sponsorship Agreement,2622,10,9,9,1.0
train,paragraph_350_overlap_50,AtnInternationalInc_20191108_10-Q_EX-10.1_11878541_EX-10.1_Maintenance Agreement,34973,121,70,67,0.9571428571428572
train,paragraph_350_overlap_50,"SightLife Surgical, Inc. - STRATEGIC SALES _ MARKETING AGREEMENT",3604,14,23,23,1.0
train,paragraph_350_overlap_50,InmodeLtd_20190729_F-1A_EX-10.9_11743243_EX-10.9_Manufacturing Agreement,6122,24,23,23,1.0
train,paragraph_350_overlap_50,FUSIONPHARMACEUTICALSINC_06_05_2020-EX-10.17-Supply Agreement - FUSION,6318,23,29,29,1.0
train,paragraph_350_overlap_50,URSCORPNEW_03_17_2014-EX-99-COOPERATION AGREEMENT,6004,21,9,9,1.0
train,paragraph_350_overlap_50,GpaqAcquisitionHoldingsInc_20200123_S-4A_EX-10.6_11951677_EX-10.6_License Agreement,7187,28,45,45,1.0
train,paragraph_350_overlap_50,SalesforcecomInc_20171122_10-Q_EX-10.1_10961535_EX-10.1_Reseller Agreement,435,2,6,6,1.0
train,paragraph_350_overlap_50,SLINGERBAGINC_05_27_2020-EX-10.7-CONSULTING AGREEMENT,5346,21,15,15,1.0
train,paragraph_350_overlap_50,IGENEBIOTECHNOLOGYINC_05_13_2003-EX-1-JOINT VENTURE AGREEMENT,11330,40,28,28,1.0
train,paragraph_350_overlap_50,ENERGYXXILTD_05_08_2015-EX-10.13-Transportation AGREEMENT,9243,36,23,23,1.0
train,paragraph_350_overlap_50,EtonPharmaceuticalsInc_20191114_10-Q_EX-10.1_11893941_EX-10.1_Development Agreement,10256,41,27,27,1.0
train,paragraph_350_overlap_50,ScansourceInc_20190822_10-K_EX-10.38_11793958_EX-10.38_Distributor Agreement1,12904,42,42,41,0.9761904761904762
train,paragraph_350_overlap_50,CardlyticsInc_20180112_S-1_EX-10.16_11002987_EX-10.16_Maintenance Agreement1,25087,86,93,93,1.0
train,paragraph_350_overlap_50,"NETGEAR,INC_04_21_2003-EX-10.16-DISTRIBUTOR AGREEMENT",6029,20,45,45,1.0
train,paragraph_350_overlap_50,EcoScienceSolutionsInc_20171117_8-K_EX-10.1_10956472_EX-10.1_Endorsement Agreement,2843,10,17,17,1.0
train,paragraph_350_overlap_50,AMERICASSHOPPINGMALLINC_12_10_1999-EX-10.2-SITE DEVELOPMENT AND HOSTING AGREEMENT,2892,10,22,22,1.0
train,paragraph_350_overlap_50,DataCallTechnologies_20060918_SB-2A_EX-10.9_944510_EX-10.9_Content License Agreement,1666,6,22,22,1.0
train,paragraph_350_overlap_50,JINGWEIINTERNATIONALLTD_10_04_2007-EX-10.7-INTELLECTUAL PROPERTY AGREEMENT,2356,8,18,18,1.0
train,paragraph_350_overlap_50,FEDERATEDGOVERNMENTINCOMESECURITIESINC_04_28_2020-EX-99.SERV AGREE-SERVICES AGREEMENT,1762,7,13,11,0.8461538461538461
train,paragraph_350_overlap_50,MRSFIELDSORIGINALCOOKIESINC_01_29_1998-EX-10-FRANCHISE AGREEMENT,33705,115,78,77,0.9871794871794872
train,paragraph_350_overlap_50,PalmerSquareCapitalBdcInc_20200116_10-12GA_EX-10.6_11949289_EX-10.6_Trademark License Agreement,2306,10,19,19,1.0
train,paragraph_350_overlap_50,LUCIDINC_04_15_2011-EX-10.9-DISTRIBUTOR AGREEMENT,2351,9,20,20,1.0
train,paragraph_350_overlap_50,UsioInc_20040428_SB-2_EX-10.11_1723988_EX-10.11_Affiliate Agreement 2,3740,14,28,28,1.0
train,paragraph_350_overlap_50,EmmisCommunicationsCorp_20191125_8-K_EX-10.6_11906433_EX-10.6_Marketing Agreement,2709,10,11,11,1.0
train,paragraph_350_overlap_50,ENTERTAINMENTGAMINGASIAINC_02_15_2005-EX-10.5-DISTRIBUTOR AGREEMENT,6920,22,38,37,0.9736842105263158
train,paragraph_350_overlap_50,"Magenta Therapeutics, Inc. - Master Development and Manufacturing Agreement",11308,40,33,33,1.0
train,paragraph_350_overlap_50,"GRIDIRONBIONUTRIENTS,INC_02_05_2020-EX-10.3-SUPPLY AGREEMENT",903,4,10,10,1.0
train,paragraph_350_overlap_50,PapaJohnsInternationalInc_20190617_8-K_EX-10.1_11707365_EX-10.1_Endorsement Agreement,10661,41,35,34,0.9714285714285714
train,paragraph_350_overlap_50,SUMMAFOURINC_06_19_1998-EX-10.3-SOFTWARE LICENSE AND MAINTENANCE AGREEMENT,14158,46,34,33,0.9705882352941176
train,paragraph_350_overlap_50,MACROGENICSINC_08_02_2013-EX-10-COLLABORATION AGREEMENT,25333,83,51,51,1.0
train,paragraph_350_overlap_50,GSVINC_05_15_1998-EX-10-SPONSORSHIP AGREEMENT,5880,20,22,22,1.0
train,paragraph_350_overlap_50,MorganStanleyDirectLendingFund_20191119_10-12GA_EX-10.5_11898508_EX-10.5_Trademark License Agreement,2438,10,27,27,1.0
train,paragraph_350_overlap_50,ELANDIAINTERNATIONALINC_04_25_2007-EX-10.21-Outsourcing Agreement,12396,38,25,25,1.0
train,paragraph_350_overlap_50,PareteumCorp_20081001_8-K_EX-99.1_2654808_EX-99.1_Hosting Agreement,10213,34,23,23,1.0
train,paragraph_350_overlap_50,PhasebioPharmaceuticalsInc_20200330_10-K_EX-10.21_12086810_EX-10.21_Development Agreement,45650,162,88,87,0.9886363636363636
train,paragraph_350_overlap_50,"KUBIENT,INC_07_02_2020-EX-10.14-MASTER SERVICES AGREEMENT_Part2",1185,5,13,13,1.0
train,paragraph_350_overlap_50,EdietsComInc_20001030_10QSB_EX-10.4_2606646_EX-10.4_Co-Branding Agreement,9075,31,48,48,1.0
train,paragraph_350_overlap_50,LECLANCHÉ S.A. - JOINT DEVELOPMENT AND MARKETING AGREEMENT,3207,10,19,19,1.0
train,paragraph_350_overlap_50,CardlyticsInc_20180112_S-1_EX-10.16_11002987_EX-10.16_Maintenance Agreement4,756,3,12,12,1.0
train,paragraph_350_overlap_50,TomOnlineInc_20060501_20-F_EX-4.46_749700_EX-4.46_Co-Branding Agreement,17487,64,56,56,1.0
train,paragraph_350_overlap_50,"CERES,INC_01_25_2012-EX-10.20-Collaboration Agreement",45577,146,66,66,1.0
train,paragraph_350_overlap_50,"INTERSECTENT,INC_05_11_2020-EX-10.1-SUPPLY AGREEMENT",5973,21,18,18,1.0
train,paragraph_350_overlap_50,"TRANSPHORM,INC_02_14_2020-EX-10.12(1)-JOINT VENTURE AGREEMENT",15468,51,35,34,0.9714285714285714
train,paragraph_350_overlap_50,EuromediaHoldingsCorp_20070215_10SB12G_EX-10.B(01)_525118_EX-10.B(01)_Content License Agreement,4580,19,30,30,1.0
train,paragraph_350_overlap_50,"Sonos, Inc. - Manufacturing Agreement ",17177,58,53,53,1.0
train,paragraph_350_overlap_50,"ASHWORTHINC_01_29_1999-EX-10.(D)-PROMOTION AGREEMENT AND NANTZ COMMUNICATIONS, INC.",3589,12,27,27,1.0
train,paragraph_350_overlap_50,LIGHTBRIDGECORP_11_23_2015-EX-10.26-STRATEGIC ALLIANCE AGREEMENT,3023,10,11,11,1.0
train,paragraph_350_overlap_50,"XLITECHNOLOGIES,INC_12_02_2015-EX-10.02-STRATEGIC ALLIANCE AGREEMENT",875,3,9,9,1.0
train,paragraph_350_overlap_50,HYPERIONSOFTWARECORP_09_28_1994-EX-10.47-EXCLUSIVE DISTRIBUTOR AGREEMENT,5290,18,30,30,1.0
train,paragraph_350_overlap_50,BUFFALOWILDWINGSINC_06_05_1998-EX-10.3-FRANCHISE AGREEMENT,23663,83,86,82,0.9534883720930233
train,paragraph_350_overlap_50,ReynoldsConsumerProductsInc_20200121_S-1A_EX-10.22_11948918_EX-10.22_Service Agreement,17207,57,26,26,1.0
train,paragraph_350_overlap_50,"GWG HOLDINGS, INC. - ORDERLY MARKETING AGREEMENT",4177,16,12,12,1.0
train,paragraph_350_overlap_50,BLACKROCKMUNIHOLDINGSINVESTMENTQUALITYFUND_04_07_2020-EX-99.01-JOINT FILING AGREEMENT,201,1,6,6,1.0
train,paragraph_350_overlap_50,ALLISONTRANSMISSIONHOLDINGSINC_12_15_2014-EX-99.1-COOPERATION AGREEMENT,5202,18,18,18,1.0
train,paragraph_350_overlap_50,WARNINGMANAGEMENTSERVICESINC_12_10_1999-EX-10-ENDORSEMENT AGREEMENT,4602,15,32,32,1.0
train,paragraph_350_overlap_50,LinkPlusCorp_20050802_8-K_EX-10_3240252_EX-10_Affiliate Agreement,2899,9,32,32,1.0
train,paragraph_350_overlap_50,SMITHELECTRICVEHICLESCORP_04_04_2012-EX-10.26-FLEET MAINTENANCE AGREEMENT,13201,57,29,28,0.9655172413793104
train,paragraph_350_overlap_50,CHINARECYCLINGENERGYCORP_11_14_2013-EX-10.6-Cooperation Agreement,2664,12,13,13,1.0
train,paragraph_350_overlap_50,"KUBIENT,INC_07_02_2020-EX-10.14-MASTER SERVICES AGREEMENT_Part1",4014,14,20,20,1.0
train,paragraph_350_overlap_50,NeoformaInc_19991202_S-1A_EX-10.26_5224521_EX-10.26_Co-Branding Agreement,13370,43,70,70,1.0
train,paragraph_350_overlap_50,AULAMERICANUNITTRUST_04_24_2020-EX-99.8.77-SERVICING AGREEMENT,5607,21,16,16,1.0
train,paragraph_350_overlap_50,VIOLINMEMORYINC_12_12_2012-EX-10.14-SPONSORSHIP AGREEMENT,8499,26,30,30,1.0
train,paragraph_350_overlap_50,RaeSystemsInc_20001114_10-Q_EX-10.57_2631790_EX-10.57_Co-Branding Agreement,5582,19,29,29,1.0
train,paragraph_350_overlap_50,QBIOMEDINC_04_08_2020-EX-99.1-JOINT FILING AGREEMENT,429,2,13,13,1.0
train,paragraph_350_overlap_50,ZogenixInc_20190509_10-Q_EX-10.2_11663313_EX-10.2_Distributor Agreement,26626,94,70,68,0.9714285714285714
train,paragraph_350_overlap_50,LeadersonlineInc_20000427_S-1A_EX-10.8_4991089_EX-10.8_Co-Branding Agreement,8078,27,44,44,1.0
train,paragraph_350_overlap_50,ArcaUsTreasuryFund_20200207_N-2_EX-99.K5_11971930_EX-99.K5_Development Agreement,2316,9,12,12,1.0
train,paragraph_350_overlap_50,BIOAMBERINC_04_10_2013-EX-10.34-DEVELOPMENT AGREEMENT - First Amendment,940,4,7,7,1.0
train,paragraph_350_overlap_50,"XACCT Technologies, Inc.SUPPORT AND MAINTENANCE AGREEMENT",1796,6,14,14,1.0
train,paragraph_350_overlap_50,CHANGEPOINTCORP_03_08_2000-EX-10.6-LICENSE AND HOSTING AGREEMENT,18806,65,82,81,0.9878048780487805
train,paragraph_350_overlap_50,Apollo Endosurgery - Manufacturing and Supply Agreement,7248,26,24,24,1.0
train,paragraph_350_overlap_50,"MJBIOTECH,INC_12_06_2018-EX-99.01-JOINT VENTURE AGREEMENT",3709,12,22,22,1.0
train,paragraph_350_overlap_50,IDREAMSKYTECHNOLOGYLTD_07_03_2014-EX-10.39-Cooperation Agreement on Mobile Game Business,12072,39,26,26,1.0
train,paragraph_350_overlap_50,"CANOPETROLEUM,INC_12_13_2007-EX-10.1-Sponsorship Agreement",1449,5,14,14,1.0
train,paragraph_350_overlap_50,"HOSPITALITYINVESTORSTRUST,INC_04_07_2014-EX-10.26-FRANCHISE AGREEMENT",23061,83,49,48,0.9795918367346939
train,paragraph_350_overlap_50,FulucaiProductionsLtd_20131223_10-Q_EX-10.9_8368347_EX-10.9_Content License Agreement,2804,11,28,28,1.0
train,paragraph_350_overlap_50,MPLXLP_06_17_2015-EX-10.1-TRANSPORTATION SERVICES AGREEMENT,8966,30,30,30,1.0
train,paragraph_350_overlap_50,LOGANSROADHOUSEINC_03_27_1998-EX-10.17-SPONSORSHIP AGREEMENT,2865,11,19,19,1.0
train,paragraph_350_overlap_50,FuelcellEnergyInc_20191106_8-K_EX-10.1_11868007_EX-10.1_Development Agreement,15880,54,60,60,1.0
train,paragraph_350_overlap_50,"THERAVANCEBIOPHARMA,INC_05_08_2020-EX-10.2-SERVICE AGREEMENT",5294,20,16,16,1.0
train,paragraph_350_overlap_50,DYNAMEXINC_06_06_1996-EX-10.4-TRANSPORTATION SERVICES AGREEMENT,6760,22,33,33,1.0
train,paragraph_350_overlap_50,ULTRAGENYXPHARMACEUTICALINC_12_23_2013-EX-10.9-SUPPLY AGREEMENT,2274,8,16,16,1.0
train,paragraph_350_overlap_50,"NETGEAR,INC_04_21_2003-EX-10.16- AMENDMENT #2 TO THE DISTRIBUTION AGREEMENT",555,2,6,6,1.0
train,paragraph_350_overlap_50,SFGFINANCIALCORP_05_12_2009-EX-10.1-SOFTWARE LICENSE AND MAINTENANCE AGREEMENT,7749,28,32,32,1.0
train,paragraph_350_overlap_50,"VAXCYTE,INC_05_22_2020-EX-10.19-SUPPLY AGREEMENT",15227,53,29,29,1.0
train,paragraph_350_overlap_50,"OTISWORLDWIDECORP_04_03_2020-EX-10.4-INTELLECTUAL PROPERTY AGREEMENT by and among UNITED TECHNOLOGIES CORPORATION, OTIS WORLDWIDE CORPORATION and CARRIER ~1",9672,37,32,28,0.875
train,paragraph_350_overlap_50,"GIGGLESN_HUGS,INC_06_23_2016-EX-10.2-STRATEGIC ALLIANCE AGREEMENT",3430,14,19,19,1.0
train,paragraph_350_overlap_50,ExactSciencesCorp_20180822_8-K_EX-10.1_11331629_EX-10.1_Promotion Agreement,24685,103,43,42,0.9767441860465116
train,paragraph_350_overlap_50,GlobalTechnologiesGroupInc_20050928_10KSB_EX-10.9_4148808_EX-10.9_Content License Agreement,5899,21,18,18,1.0
train,paragraph_350_overlap_50,HertzGroupRealtyTrustInc_20190920_S-11A_EX-10.8_11816941_EX-10.8_Trademark License Agreement,2236,10,15,15,1.0
train,paragraph_350_overlap_50,QuantumGroupIncFl_20090120_8-K_EX-99.2_3672910_EX-99.2_Hosting Agreement,17414,58,32,32,1.0
train,paragraph_350_overlap_50,"PHREESIA,INC_05_28_2019-EX-10.18-STRATEGIC ALLIANCE AGREEMENT",17703,60,51,50,0.9803921568627451
train,paragraph_350_overlap_50,"Array BioPharma Inc. - LICENSE, DEVELOPMENT AND COMMERCIALIZATION AGREEMENT",42742,148,65,65,1.0
train,paragraph_350_overlap_50,MERCATAINC_03_09_2000-EX-10.21-SPONSORSHIP AGREEMENT,3224,11,12,12,1.0
train,paragraph_350_overlap_50,"MEDALISTDIVERSIFIEDREIT,INC_05_18_2020-EX-10.1-CONSULTING AGREEMENT",3724,15,34,34,1.0
train,paragraph_350_overlap_50,"FOUNDATIONMEDICINE,INC_02_02_2015-EX-10.2-Collaboration Agreement",26407,89,75,75,1.0
train,paragraph_350_overlap_50,RevolutionMedicinesInc_20200117_S-1_EX-10.1_11948417_EX-10.1_Development Agreement,40936,143,90,89,0.9888888888888889
train,paragraph_350_overlap_50,"ETELOS,INC_03_09_2004-EX-10.8-DISTRIBUTOR AGREEMENT",3863,13,25,25,1.0
train,paragraph_350_overlap_50,LifewayFoodsInc_20160316_10-K_EX-10.24_9489766_EX-10.24_Endorsement Agreement,1656,6,16,16,1.0
train,paragraph_350_overlap_50,"LEGACYTECHNOLOGYHOLDINGS,INC_12_09_2005-EX-10.2-DISTRIBUTOR AGREEMENT",1937,7,23,23,1.0
train,paragraph_350_overlap_50,DeltathreeInc_19991102_S-1A_EX-10.19_6227850_EX-10.19_Co-Branding Agreement_ Service Agreement,4070,14,17,17,1.0
train,paragraph_350_overlap_50,"SPRINGBANKPHARMACEUTICALS,INC_04_08_2020-EX-99.A-JOINT FILING AGREEMENT",246,1,6,6,1.0
train,paragraph_350_overlap_50,ImineCorp_20180725_S-1_EX-10.5_11275970_EX-10.5_Distributor Agreement,5369,20,23,23,1.0
train,paragraph_350_overlap_50,CCAINDUSTRIESINC_04_14_2014-EX-10.1-OUTSOURCING AGREEMENT,4889,17,27,27,1.0
train,paragraph_350_overlap_50,Microgenics Corporation - Collaborative Development and Commercialization Agreement,28415,99,54,54,1.0
train,paragraph_350_overlap_50,VgrabCommunicationsInc_20200129_10-K_EX-10.33_11958828_EX-10.33_Development Agreement,2297,8,13,13,1.0
train,paragraph_350_overlap_50,AIRTECHINTERNATIONALGROUPINC_05_08_2000-EX-10.4-FRANCHISE AGREEMENT,11368,36,42,42,1.0
train,paragraph_350_overlap_50,IMMUNOMEDICSINC_08_07_2019-EX-10.1-PROMOTION AGREEMENT,24022,81,36,35,0.9722222222222222
train,paragraph_350_overlap_50,BravatekSolutionsInc_20170418_8-K_EX-10.1_10205739_EX-10.1_Reseller Agreement,2384,9,17,17,1.0
train,paragraph_350_overlap_50,SPORTHALEYINC_09_29_1997-EX-10.2-10-ENDORSEMENT AGREEMENT,1537,6,21,21,1.0
train,paragraph_350_overlap_50,XENCORINC_10_25_2013-EX-10.24-COLLABORATION AGREEMENT (3),20117,75,66,66,1.0
train,paragraph_350_overlap_50,NETGROCERINC_07_31_1998-EX-10.15-SPONSORSHIP AGREEMENT,5206,17,26,25,0.9615384615384616
train,paragraph_350_overlap_50,CoherusBiosciencesInc_20200227_10-K_EX-10.29_12021376_EX-10.29_Development Agreement,21991,75,56,55,0.9821428571428571
train,paragraph_350_overlap_50,DIVERSINETCORP_03_01_2012-EX-4-RESELLER AGREEMENT,11296,40,43,43,1.0
train,paragraph_350_overlap_50,NmfSlfIInc_20200115_10-12GA_EX-10.5_11946987_EX-10.5_Trademark License Agreement,2694,11,25,25,1.0
train,paragraph_350_overlap_50,KALLOINC_11_03_2011-EX-10.1-STRATEGIC ALLIANCE AGREEMENT,11172,38,34,34,1.0
train,paragraph_350_overlap_50,MOSSIMOINC_04_14_2000-EX-10.14-ENDORSEMENT AGREEMENT,3480,12,28,28,1.0
train,paragraph_350_overlap_50,FEDERATEDGOVERNMENTINCOMESECURITIESINC_04_28_2020-EX-99.SERV AGREE-SERVICES AGREEMENT_AMENDMENT,564,2,8,8,1.0
train,paragraph_350_overlap_50,RandWorldwideInc_20010402_8-KA_EX-10.2_2102464_EX-10.2_Co-Branding Agreement,6718,21,34,34,1.0
train,paragraph_350_overlap_50,GOLDRESOURCECORP_12_11_2008-EX-10.1-STRATEGIC ALLIANCE AGREEMENT,8786,31,36,36,1.0
train,paragraph_350_overlap_50,"Loop Industries, Inc. - Marketing Agreement",5244,21,19,19,1.0
train,paragraph_350_overlap_50,BloomEnergyCorp_20180321_DRSA (on S-1)_EX-10_11240356_EX-10_Maintenance Agreement,16116,53,36,36,1.0
train,paragraph_350_overlap_50,AudibleInc_20001113_10-Q_EX-10.32_2599586_EX-10.32_Co-Branding Agreement_ Marketing Agreement_ Investment Distribution Agreement,11211,39,47,47,1.0
train,paragraph_350_overlap_50,HOLIDAYRVSUPERSTORESINC_04_15_2002-EX-10.13-ENDORSEMENT AGREEMENT,2189,8,17,17,1.0
train,paragraph_350_overlap_50,NeuroboPharmaceuticalsInc_20190903_S-4_EX-10.36_11802165_EX-10.36_Manufacturing Agreement_ Supply Agreement,3094,12,11,11,1.0
train,paragraph_350_overlap_50,SONUSCORP_03_12_1997-EX-10.11-SPONSORSHIP AGREEMENT,3891,13,10,10,1.0
train,paragraph_350_overlap_50,RangeResourcesLouisianaInc_20150417_8-K_EX-10.5_9045501_EX-10.5_Transportation Agreement,15659,53,21,21,1.0
train,paragraph_350_overlap_50,CHAPARRALRESOURCESINC_03_30_2000-EX-10.66-TRANSPORTATION CONTRACT,3865,12,17,17,1.0
train,paragraph_350_overlap_50,AURASYSTEMSINC_06_16_2010-EX-10.25-STRATEGIC ALLIANCE AGREEMENT,6938,27,44,44,1.0
train,paragraph_350_overlap_50,IpassInc_20181203_8-K_EX-99.1_11445874_EX-99.1_Reseller Agreement,11394,40,30,30,1.0
train,paragraph_350_overlap_50,VERSOTECHNOLOGIESINC_12_28_2007-EX-99.3-INTELLECTUAL PROPERTY AGREEMENT,739,3,8,8,1.0
train,paragraph_350_overlap_50,EhaveInc_20190515_20-F_EX-4.44_11678816_EX-4.44_License Agreement_ Reseller Agreement,13634,54,62,61,0.9838709677419355
train,paragraph_350_overlap_50,"UNITEDNATIONALBANCORP_03_03_1999-EX-99-Outsourcing Agreement with the BISYS Group, Inc.",279,1,7,7,1.0
train,paragraph_350_overlap_50,VirtuosoSurgicalInc_20191227_1-A_EX1A-6 MAT CTRCT_11933379_EX1A-6 MAT CTRCT_License Agreement,5675,22,37,37,1.0
train,paragraph_350_overlap_50,"ROCKYMOUNTAINCHOCOLATEFACTORY,INC_12_23_2019-EX-10.2-STRATEGIC ALLIANCE AGREEMENT",19420,73,34,33,0.9705882352941176
train,paragraph_350_overlap_50,VITAMINSHOPPECOMINC_09_13_1999-EX-10.26-SPONSORSHIP AGREEMENT,8223,26,16,16,1.0
train,paragraph_350_overlap_50,"SOLUTIONSVENDINGINTERNATIONAL,INC_03_31_2020-EX1A-1 UNDR AGMT-SERVICES AGREEMENT",1122,5,9,9,1.0
train,paragraph_350_overlap_50,InnerscopeHearingTechnologiesInc_20181109_8-K_EX-10.6_11419704_EX-10.6_Distributor Agreement,3360,11,27,27,1.0
train,paragraph_350_overlap_50,SmartRxSystemsInc_20180914_1-A_EX1A-6 MAT CTRCT_11351705_EX1A-6 MAT CTRCT_Distributor Agreement,6123,24,25,25,1.0
train,paragraph_350_overlap_50,BIOFRONTERAAG_04_29_2019-EX-4.17-SUPPLY AGREEMENT,9771,41,27,27,1.0
train,paragraph_350_overlap_50,"CORALGOLDRESOURCES,LTD_05_28_2020-EX-4.1-CONSULTING AGREEMENT",4730,16,20,20,1.0
train,paragraph_350_overlap_50,Cerus Corporation - FIRST AMEND TO SUPPLY AND MANUFACTURING AGREEMENT,1796,6,7,7,1.0
train,paragraph_350_overlap_50,OLDAPIWIND-DOWNLTD_01_08_2016-EX-1.3-AGENCY AGREEMENT2,630,2,8,8,1.0
train,paragraph_350_overlap_50,ATENTOSA_07_06_2020-EX-99.1-JOINT FILING AGREEMENT,357,2,12,12,1.0
train,paragraph_350_overlap_50,HealthcentralCom_19991108_S-1A_EX-10.27_6623292_EX-10.27_Co-Branding Agreement,6492,21,34,34,1.0
train,paragraph_350_overlap_50,GAINSCOINC_01_21_2010-EX-10.41-SPONSORSHIP AGREEMENT,2452,10,26,26,1.0
train,paragraph_350_overlap_50,"TURNKEYCAPITAL,INC_07_20_2017-EX-1.1-Strategic Alliance Agreement",1988,7,12,12,1.0
train,paragraph_350_overlap_50,IVILLAGEINC_03_17_1999-EX-10.16-SPONSORSHIP AGREEMENT,3407,12,26,26,1.0
train,paragraph_350_overlap_50,"IPAYMENT,INC_05_14_2007-EX-10.1-SPONSORSHIP AGREEMENT",14652,47,34,34,1.0
train,paragraph_350_overlap_50,RISEEDUCATIONCAYMANLTD_04_17_2020-EX-4.23-SERVICE AGREEMENT,2394,8,13,13,1.0
train,paragraph_350_overlap_50,STARTECGLOBALCOMMUNICATIONSCORP_11_16_1998-EX-10.30-CONSTRUCTION AND MAINTENANCE AGREEMENT,14551,47,74,74,1.0
train,paragraph_350_overlap_50,LejuHoldingsLtd_20140121_DRS (on F-1)_EX-10.26_8473102_EX-10.26_Content License Agreement2,327,1,7,7,1.0
train,paragraph_350_overlap_50,FIBROGENINC_10_01_2014-EX-10.11-COLLABORATION AGREEMENT,24526,84,51,51,1.0
train,paragraph_350_overlap_50,"KNOWLABS,INC_08_15_2005-EX-10-INTELLECTUAL PROPERTY AGREEMENT",1970,7,16,16,1.0
train,paragraph_350_overlap_50,UAGHINC_04_14_2004-EX-10.18-MAINTENANCE AGREEMENT,2676,10,19,18,0.9473684210526315
train,paragraph_350_overlap_50,"ARMSTRONGFLOORING,INC_01_07_2019-EX-10.2-INTELLECTUAL PROPERTY AGREEMENT",10349,38,49,48,0.9795918367346939
train,paragraph_350_overlap_50,VitalibisInc_20180316_8-K_EX-10.2_11100168_EX-10.2_Hosting Agreement,7045,26,29,29,1.0
train,paragraph_350_overlap_50,HEALTHGATEDATACORP_11_24_1999-EX-10.1-HOSTING AND MANAGEMENT AGREEMENT - Escrow Agreement,4201,14,15,13,0.8666666666666667
train,paragraph_350_overlap_50,BNLFINANCIALCORP_03_30_2007-EX-10.8-OUTSOURCING AGREEMENT,6470,27,27,27,1.0
train,paragraph_350_overlap_50,"IOVANCEBIOTHERAPEUTICS,INC_08_03_2017-EX-10.1-STRATEGIC ALLIANCE AGREEMENT",10693,41,27,27,1.0
train,paragraph_350_overlap_50,NEONSYSTEMSINC_03_01_1999-EX-10.5-DISTRIBUTOR AGREEMENT_New,8888,31,40,40,1.0
train,paragraph_350_overlap_50,TELKOMSALTD_01_30_2003-EX-10-LICENCE AND MAINTENANCE AGREEMENT,16176,62,49,49,1.0
train,paragraph_350_overlap_50,"FIDELITYNATIONALINFORMATIONSERVICES,INC_08_05_2009-EX-10.3-INTELLECTUAL PROPERTY AGREEMENT",19341,68,70,60,0.8571428571428571
train,paragraph_350_overlap_50,TRUENORTHENERGYCORP_02_08_2007-EX-10.1-DEVELOPMENT AGREEMENT,6961,24,19,18,0.9473684210526315
train,paragraph_350_overlap_50,GentechHoldingsInc_20190808_1-A_EX1A-6 MAT CTRCT_11776814_EX1A-6 MAT CTRCT_Distributor Agreement,4097,15,24,24,1.0
train,paragraph_350_overlap_50,TICKETSCOMINC_06_22_1999-EX-10.22-SPONSORSHIP AGREEMENT,1155,4,16,16,1.0
train,paragraph_350_overlap_50,"ADMA BioManufacturing, LLC -  Amendment #3 to Manufacturing Agreement ",2478,10,16,16,1.0
train,paragraph_350_overlap_50,OFGBANCORP_03_28_2007-EX-10.23-OUTSOURCING AGREEMENT,24004,81,44,43,0.9772727272727273
train,paragraph_350_overlap_50,"DUOSTECHNOLOGIESGROUP,INC_04_21_2009-EX-10.1-STRATEGIC ALLIANCE AGREEMENT",7148,26,38,38,1.0
train,paragraph_350_overlap_50,OLDAPIWIND-DOWNLTD_01_08_2016-EX-1.3-AGENCY AGREEMENT1,15521,62,16,16,1.0
train,paragraph_350_overlap_50,"ADIANUTRITION,INC_04_01_2005-EX-10.D2-RESELLER AGREEMENT",4051,15,22,22,1.0
train,paragraph_350_overlap_50,"ATHENSBANCSHARESCORP_11_02_2009-EX-1.2-AGENCY AGREEMENT , 2009",23419,84,16,16,1.0
train,paragraph_350_overlap_50,SoupmanInc_20150814_8-K_EX-10.1_9230148_EX-10.1_Franchise Agreement3,438,2,2,2,1.0
train,paragraph_350_overlap_50,MOVADOGROUPINC_04_30_2003-EX-10.28-ENDORSEMENT AGREEMENT,2710,11,9,9,1.0
train,paragraph_350_overlap_50,StaarSurgicalCompany_20180801_10-Q_EX-10.37_11289449_EX-10.37_Distributor Agreement,7649,30,38,38,1.0
train,paragraph_350_overlap_50,EmeraldHealthBioceuticalsInc_20200218_1-A_EX1A-6 MAT CTRCT_11987205_EX1A-6 MAT CTRCT_Development Agreement,2606,9,20,20,1.0
train,paragraph_350_overlap_50,STAMPSCOMINC_06_24_1999-EX-10.18-SPONSORSHIP AGREEMENT,5496,18,32,32,1.0
train,paragraph_350_overlap_50,BEYONDCOMCORP_08_03_2000-EX-10.2-CO-HOSTING AGREEMENT,7991,26,33,33,1.0
train,paragraph_350_overlap_50,CHEETAHMOBILEINC_04_22_2014-EX-10.43-Cooperation Agreement,6230,20,23,23,1.0
train,paragraph_350_overlap_50,ClickstreamCorp_20200330_1-A_EX1A-6 MAT CTRCT_12089935_EX1A-6 MAT CTRCT_Development Agreement,5445,21,24,24,1.0
train,paragraph_350_overlap_50,NEOMEDIATECHNOLOGIESINC_12_15_2005-EX-16.1-DISTRIBUTOR AGREEMENT,4973,19,29,29,1.0
train,paragraph_350_overlap_50,"ADUROBIOTECH,INC_06_02_2020-EX-10.7-CONSULTING AGREEMENT(1)",1850,6,16,16,1.0
train,paragraph_350_overlap_50,LejuHoldingsLtd_20140121_DRS (on F-1)_EX-10.26_8473102_EX-10.26_Content License Agreement1,7198,28,22,22,1.0
train,paragraph_350_overlap_50,"VISIUMTECHNOLOGIES,INC_10_20_2004-EX-10.20-DISTRIBUTOR AGREEMENT",7706,25,42,42,1.0
train,paragraph_350_overlap_50,"INNOVIVA,INC_08_07_2014-EX-10.1-COLLABORATION AGREEMENT",28937,113,52,49,0.9423076923076923
train,paragraph_350_overlap_50,SoupmanInc_20150814_8-K_EX-10.1_9230148_EX-10.1_Franchise Agreement2,844,3,5,5,1.0
train,paragraph_350_overlap_50,"ADUROBIOTECH,INC_06_02_2020-EX-10.7-CONSULTING AGREEMENT",1850,6,14,14,1.0
train,paragraph_350_overlap_50,CybergyHoldingsInc_20140520_10-Q_EX-10.27_8605784_EX-10.27_Affiliate Agreement,5326,18,26,26,1.0
train,paragraph_350_overlap_50,MANAKOASERVICESCORP_11_21_2007-EX-7.5-STRATEGIC ALLIANCE AGREEMENT,2355,8,14,14,1.0
train,paragraph_350_overlap_50,FLOTEKINDUSTRIESINCCN_05_09_2019-EX-10.1-SUPPLY AGREEMENT,3037,10,19,19,1.0
train,paragraph_350_overlap_50,EUROPEANMICROHOLDINGSINC_03_06_1998-EX-10.6-DISTRIBUTOR AGREEMENT,7939,27,38,38,1.0
train,paragraph_350_overlap_50,KitovPharmaLtd_20190326_20-F_EX-4.15_11584449_EX-4.15_Manufacturing Agreement,8964,35,36,36,1.0
train,paragraph_350_overlap_50,BellringBrandsInc_20190920_S-1_EX-10.12_11817081_EX-10.12_Manufacturing Agreement3,1240,4,10,10,1.0
train,paragraph_350_overlap_50,GOCALLINC_03_30_2000-EX-10.7-Promotion Agreement,2983,10,18,18,1.0
train,paragraph_350_overlap_50,LEJUHOLDINGSLTD_03_12_2014-EX-10.34-INTERNET CHANNEL COOPERATION AGREEMENT,5930,25,20,20,1.0
train,paragraph_350_overlap_50,BLACKSTONEGSOLONG-SHORTCREDITINCOMEFUND_05_11_2020-EX-99.(K)(1)-SERVICE AGREEMENT,8073,28,17,17,1.0
train,paragraph_350_overlap_50,"MEETGROUP,INC_06_29_2017-EX-10.1-COOPERATION AGREEMENT",9394,37,15,15,1.0
train,paragraph_350_overlap_50,GluMobileInc_20070319_S-1A_EX-10.09_436630_EX-10.09_Content License Agreement3,545,2,10,10,1.0
train,paragraph_350_overlap_50,ADAPTIMMUNETHERAPEUTICSPLC_04_06_2017-EX-10.11-STRATEGIC ALLIANCE AGREEMENT,15471,57,56,56,1.0
train,paragraph_350_overlap_50,ENTRUSTINC_07_24_1998-EX-10.5-STRATEGIC ALLIANCE AGREEMENT,5893,21,39,38,0.9743589743589743
train,paragraph_350_overlap_50,SYKESHEALTHPLANSERVICESINC_04_24_1998-EX-10.14-OUTSOURCING AGREEMENT,1876,7,18,18,1.0
train,paragraph_350_overlap_50,NATIONALPROCESSINGINC_07_18_1996-EX-10.4-SPONSORSHIP AGREEMENT,4359,14,14,14,1.0
train,paragraph_350_overlap_50,SimplicityEsportsGamingCompany_20181130_8-K_EX-10.1_11444071_EX-10.1_Franchise Agreement,4347,17,27,27,1.0
train,paragraph_350_overlap_50,QIWI_06_16_2017-EX-99.(D)(2)-COOPERATION AGREEMENT,4170,13,16,16,1.0
train,paragraph_350_overlap_50,RemarkHoldingsInc_20081114_10-Q_EX-10.24_2895649_EX-10.24_Content License Agreement,9178,39,54,54,1.0
train,paragraph_350_overlap_50,CnsPharmaceuticalsInc_20200326_8-K_EX-10.1_12079626_EX-10.1_Development Agreement,3260,12,14,14,1.0
train,paragraph_350_overlap_50,GluMobileInc_20070319_S-1A_EX-10.09_436630_EX-10.09_Content License Agreement2,1853,6,25,24,0.96
train,paragraph_350_overlap_50,"BLUEHILLSBANCORP,INC_05_20_2014-EX-1.1-AGENCY AGREEMENT",21046,78,22,22,1.0
train,paragraph_350_overlap_50,GarrettMotionInc_20181001_8-K_EX-2.4_11364532_EX-2.4_Intellectual Property Agreement,8757,30,33,33,1.0
train,paragraph_350_overlap_50,TheglobeComInc_19990503_S-1A_EX-10.20_5416126_EX-10.20_Co-Branding Agreement,6614,22,35,35,1.0
train,paragraph_350_overlap_50,EmbarkComInc_19991008_S-1A_EX-10.10_6487661_EX-10.10_Co-Branding Agreement,5039,16,22,22,1.0
train,paragraph_350_overlap_50,TRANSMONTAIGNEPARTNERSLLC_03_13_2020-EX-10.9-SERVICES AGREEMENT,880,3,12,12,1.0
train,paragraph_350_overlap_50,"COOLTECHNOLOGIES,INC_10_25_2017-EX-10.71-Strategic Alliance Agreement",2154,9,14,14,1.0
train,paragraph_350_overlap_50,ALLIANCEBANCORPINCOFPENNSYLVANIA_10_18_2006-EX-1.2-AGENCY AGREEMENT,20957,78,24,24,1.0
train,paragraph_350_overlap_50,XpresspaGroupInc_20190401_10-K_EX-10.28_11599457_EX-10.28_Marketing Agreement,8460,31,49,49,1.0
train,paragraph_350_overlap_50,BellringBrandsInc_20190920_S-1_EX-10.12_11817081_EX-10.12_Manufacturing Agreement2,344,1,9,9,1.0
train,paragraph_350_overlap_50,IdeanomicsInc_20160330_10-K_EX-10.26_9512211_EX-10.26_Content License Agreement,6321,22,28,26,0.9285714285714286
train,paragraph_350_overlap_50,BIOAMBERINC_04_10_2013-EX-10.34-DEVELOPMENT AGREEMENT (1),5818,20,30,30,1.0
train,paragraph_350_overlap_50,PrudentialBancorpInc_20170606_8-K_EX-10.4_10474434_EX-10.4_Endorsement Agreement,2264,8,12,12,1.0
train,paragraph_350_overlap_50,"BERKELEYLIGHTS,INC_06_26_2020-EX-10.12-COLLABORATION AGREEMENT",32708,114,89,89,1.0
train,paragraph_350_overlap_50,UnionDentalHoldingsInc_20050204_8-KA_EX-10_3345577_EX-10_Affiliate Agreement,1850,7,11,11,1.0
train,paragraph_350_overlap_50,WOMENSGOLFUNLIMITEDINC_03_29_2000-EX-10.13-ENDORSEMENT AGREEMENT - Intellectual Property Rights                 Confidentiality and Non-Use Obligations Agreement,940,3,7,7,1.0
train,paragraph_350_overlap_50,SPHERE3DCORP_06_24_2020-EX-10.12-CONSULTING AGREEMENT,1897,7,12,12,1.0
train,paragraph_350_overlap_50,ENTERPRISEPRODUCTSPARTNERSLP_07_08_1998-EX-10.3-TRANSPORTATION CONTRACT,11141,37,36,36,1.0
train,paragraph_350_overlap_50,HerImports_20161018_8-KA_EX-10.14_9765707_EX-10.14_Maintenance Agreement,1595,7,8,8,1.0
train,paragraph_350_overlap_50,PROLONGINTERNATIONALCORP_03_23_1998-EX-10.16-SPONSORSHIP AGREEMENT,2180,8,11,11,1.0
train,paragraph_350_overlap_50,DYNTEKINC_07_30_1999-EX-10-ONLINE HOSTING AGREEMENT,4009,14,20,20,1.0
train,paragraph_350_overlap_50,ALAMOGORDOFINANCIALCORP_12_16_1999-EX-1-AGENCY AGREEMENT,18815,70,22,22,1.0
train,paragraph_350_overlap_50,StampscomInc_20001114_10-Q_EX-10.47_2631630_EX-10.47_Co-Branding Agreement,11730,39,46,44,0.9565217391304348
train,paragraph_350_overlap_50,InvendaCorp_20000828_S-1A_EX-10.2_2588206_EX-10.2_Co-Branding Agreement,14682,47,63,63,1.0
train,paragraph_350_overlap_50,WebmdHealthCorp_20050908_S-1A_EX-10.7_1027007_EX-10.7_Content License Agreement,2356,9,20,20,1.0
train,paragraph_350_overlap_50,SANDRIDGEENERGYINC_08_06_2009-EX-10.6-OPERATIONS AND MAINTENANCE AGREEMENT,10964,37,34,34,1.0
train,paragraph_350_overlap_50,ON4COMMUNICATIONSINC_07_02_2009-EX-10.1-PROMOTION AGREEMENT,2349,8,13,13,1.0
train,paragraph_350_overlap_50,GluMobileInc_20070319_S-1A_EX-10.09_436630_EX-10.09_Content License Agreement1,17147,61,68,68,1.0
train,paragraph_350_overlap_50,BANUESTRAFINANCIALCORP_09_08_2006-EX-10.16-AGENCY AGREEMENT,7308,26,12,12,1.0
train,paragraph_350_overlap_50,ArtaraTherapeuticsInc_20200110_8-K_EX-10.5_11943350_EX-10.5_License Agreement,5818,23,28,28,1.0
train,paragraph_350_overlap_50,NlsPharmaceuticsLtd_20200228_F-1_EX-10.14_12029046_EX-10.14_Development Agreement,10546,40,29,29,1.0
train,paragraph_350_overlap_50,"VIRTUALSCOPICS,INC_11_12_2010-EX-10.1-STRATEGIC ALLIANCE AGREEMENT",7273,29,31,31,1.0
train,paragraph_350_overlap_50,BellringBrandsInc_20190920_S-1_EX-10.12_11817081_EX-10.12_Manufacturing Agreement1,6565,23,23,23,1.0
train,paragraph_350_overlap_50,BLUEFLYINC_03_27_2002-EX-10.27-e-business Hosting Agreement,5136,17,31,30,0.967741935483871
train,paragraph_350_overlap_50,ASIANDRAGONGROUPINC_08_11_2005-EX-10.5-Reseller Agreement,7018,27,20,20,1.0
train,paragraph_350_overlap_50,MANUFACTURERSSERVICESLTD_06_05_2000-EX-10.14-OUTSOURCING AGREEMENT,41962,131,65,65,1.0
train,paragraph_350_overlap_50,LiquidmetalTechnologiesInc_20200205_8-K_EX-10.1_11968198_EX-10.1_Development Agreement,12529,50,56,55,0.9821428571428571
train,paragraph_350_overlap_50,PlayboyEnterprisesInc_20090220_10-QA_EX-10.2_4091580_EX-10.2_Content License Agreement_ Marketing Agreement_ Sales-Purchase Agreement2,526,2,6,6,1.0
train,paragraph_350_overlap_50,ZtoExpressCaymanInc_20160930_F-1_EX-10.10_9752871_EX-10.10_Transportation Agreement,1468,5,12,12,1.0
train,paragraph_350_overlap_50,2ThemartComInc_19990826_10-12G_EX-10.10_6700288_EX-10.10_Co-Branding Agreement_ Agency Agreement,4467,15,30,30,1.0
train,paragraph_350_overlap_50,MOELIS_CO_03_24_2014-EX-10.19-STRATEGIC ALLIANCE AGREEMENT,18625,71,51,51,1.0
train,paragraph_350_overlap_50,XYBERNAUTCORP_07_12_2002-EX-4-SPONSORSHIP AGREEMENT,6661,23,17,17,1.0
train,paragraph_350_overlap_50,"CARDAX,INC_08_19_2014-EX-10.1-COLLABORATION AGREEMENT",8586,34,23,23,1.0
train,paragraph_350_overlap_50,"MACY_S,INC_05_11_2020-EX-99.4-JOINT FILING AGREEMENT",216,1,5,5,1.0
train,paragraph_350_overlap_50,TALCOTTRESOLUTIONLIFEINSURANCECO-SEPARATEACCOUNTTWELVE_04_30_2020-EX-99.8(L)-SERVICE AGREEMENT,4724,17,12,12,1.0
train,paragraph_350_overlap_50,ArmstrongFlooringInc_20190107_8-K_EX-10.2_11471795_EX-10.2_Intellectual Property Agreement,8284,31,51,50,0.9803921568627451
train,paragraph_350_overlap_50,PFSFUNDS_06_26_2020-EX-99.H OTH MAT CONT-SERVICES AGREEMENT,2435,9,14,14,1.0
train,paragraph_350_overlap_50,WaterNowInc_20191120_10-Q_EX-10.12_11900227_EX-10.12_Distributor Agreement,7396,27,41,39,0.9512195121951219
train,paragraph_350_overlap_50,MTITECHNOLOGYCORP_11_16_2004-EX-10.102-Reseller Agreement Premier Addendum,4685,15,18,18,1.0
train,paragraph_350_overlap_50,SCOUTCAMINC_05_12_2020-EX-10.22-SERVICES AGREEMENT,1305,5,18,18,1.0
train,paragraph_350_overlap_50,PharmagenInc_20120803_8-KA_EX-10.1_7693204_EX-10.1_Endorsement Agreement,2778,10,19,19,1.0
train,paragraph_350_overlap_50,DRKOOPCOMINC_04_21_1999-EX-10.28-SPONSORSHIP AGREEMENT,5546,18,18,18,1.0
train,paragraph_350_overlap_50,"VNUE,INC_07_10_2015-EX-10.1-SPONSORSHIP AGREEMENT",3207,14,18,18,1.0
train,paragraph_350_overlap_50,LegacyEducationAllianceInc_20141110_8-K_EX-10.9_8828866_EX-10.9_Endorsement Agreement,3149,14,19,19,1.0
train,paragraph_350_overlap_50,PcquoteComInc_19990721_S-1A_EX-10.11_6377149_EX-10.11_Co-Branding Agreement3,395,2,7,7,1.0
train,paragraph_350_overlap_50,GluMobileInc_20070319_S-1A_EX-10.09_436630_EX-10.09_Content License Agreement4,291,1,8,8,1.0
train,paragraph_350_overlap_50,"OPTIMIZEDTRANSPORTATIONMANAGEMENT,INC_07_26_2000-EX-6.6-DISTRIBUTOR AGREEMENT",1367,5,18,17,0.9444444444444444
train,paragraph_350_overlap_50,IMAGEWARESYSTEMSINC_12_20_1999-EX-10.22-MAINTENANCE AGREEMENT,2925,10,16,16,1.0
train,paragraph_350_overlap_50,NakedBrandGroupInc_20150731_POS AM (on S-1)_EX-10.75_9196027_EX-10.75_Endorsement Agreement,7601,27,35,35,1.0
train,paragraph_350_overlap_50,ZONDWINDSYSTEMPARTNERSLTDSERIES85-B_04_03_2006-EX-10-MANAGEMENT AND MAINTENANCE AGREEMENT,1368,5,8,8,1.0
train,paragraph_350_overlap_50,IbioInc_20200313_8-K_EX-10.1_12052678_EX-10.1_Development Agreement,4657,20,18,18,1.0
train,paragraph_350_overlap_50,BellringBrandsInc_20190920_S-1_EX-10.12_11817081_EX-10.12_Manufacturing Agreement4,258,1,8,8,1.0
train,paragraph_350_overlap_50,ParatekPharmaceuticalsInc_20170505_10-KA_EX-10.29_10323872_EX-10.29_Outsourcing Agreement,17726,56,46,46,1.0
train,paragraph_350_overlap_50,JOINTCORP_09_19_2014-EX-10.15-FRANCHISE AGREEMENT,26623,109,86,84,0.9767441860465116
train,paragraph_350_overlap_50,VnueInc_20150914_8-K_EX-10.1_9259571_EX-10.1_Promotion Agreement,1634,6,12,12,1.0
train,paragraph_350_overlap_50,NEXSTARFINANCEHOLDINGSINC_03_27_2002-EX-10.26-OUTSOURCING AGREEMENT,18265,65,25,23,0.92
train,paragraph_350_overlap_50,SUNTRONCORP_05_17_2006-EX-10.22-MAINTENANCE AGREEMENT,4818,18,27,27,1.0
train,paragraph_350_overlap_50,"SPIENERGYCO,LTD_03_09_2011-EX-99.5-OPERATIONS AND MAINTENANCE AGREEMENT",8153,27,21,21,1.0
train,paragraph_350_overlap_50,SteelVaultCorp_20081224_10-K_EX-10.16_3074935_EX-10.16_Affiliate Agreement,2709,10,16,16,1.0
train,paragraph_350_overlap_50,"KIROMICBIOPHARMA,INC_04_08_2020-EX-10.28-JOINT VENTURE AGREEMENT",5749,19,25,25,1.0
train,paragraph_350_overlap_50,PlayboyEnterprisesInc_20090220_10-QA_EX-10.2_4091580_EX-10.2_Content License Agreement_ Marketing Agreement_ Sales-Purchase Agreement1,17994,65,70,70,1.0
train,paragraph_350_overlap_50,TubeMediaCorp_20060310_8-K_EX-10.1_513921_EX-10.1_Affiliate Agreement,10728,41,49,49,1.0
train,paragraph_350_overlap_50,"MARSHALLHOLDINGSINTERNATIONAL,INC_04_14_2004-EX-10.15-ENDORSEMENT AGREEMENT",1716,6,16,16,1.0
train,paragraph_350_overlap_50,BLACKBOXSTOCKSINC_08_05_2014-EX-10.1-DISTRIBUTOR AGREEMENT,2706,10,21,21,1.0
train,paragraph_350_overlap_50,WARNERCHILCOTTPLC_12_31_2003-EX-4.36-DEVELOPMENT AGREEMENT,4152,14,13,13,1.0
train,paragraph_350_overlap_50,VertexEnergyInc_20200113_8-K_EX-10.1_11943624_EX-10.1_Marketing Agreement,7280,27,26,26,1.0
train,paragraph_350_overlap_50,NETZEEINC_11_14_2002-EX-10.3-MAINTENANCE AGREEMENT,464,2,9,9,1.0
train,paragraph_350_overlap_50,REGANHOLDINGCORP_03_31_2008-EX-10-LICENSE AND HOSTING AGREEMENT,8824,31,22,21,0.9545454545454546
train,paragraph_350_overlap_50,MidwestEnergyEmissionsCorp_20080604_8-K_EX-10.2_3093976_EX-10.2_Content License Agreement,5199,18,31,31,1.0
train,paragraph_350_overlap_50,HYDRONTECHNOLOGIESINC_03_31_1997-EX-10.47-SPONSORSHIP AGREEMENT,4114,14,14,13,0.9285714285714286
train,paragraph_350_overlap_50,CcRealEstateIncomeFundadv_20181205_POS 8C_EX-99.(H)(3)_11447739_EX-99.(H)(3)_Marketing Agreement,4695,19,14,14,1.0
train,paragraph_350_overlap_50,"BLUEROCKRESIDENTIALGROWTHREIT,INC_06_01_2016-EX-1.1-AGENCY AGREEMENT",20909,83,17,16,0.9411764705882353
train,paragraph_350_overlap_50,"TALLGRASSENERGY,LP_02_20_2020-EX-99.26-JOINT FILING AGREEMENT",621,2,12,12,1.0
train,paragraph_350_overlap_50,KINGPHARMACEUTICALSINC_08_09_2006-EX-10.1-PROMOTION AGREEMENT,26840,94,64,64,1.0
train,paragraph_350_overlap_50,PerformanceSportsBrandsInc_20110909_S-1_EX-10.10_7220214_EX-10.10_Endorsement Agreement,4118,14,24,24,1.0
train,paragraph_400_overlap_75,LIMEENERGYCO_09_09_1999-EX-10-DISTRIBUTOR AGREEMENT,5998,18,46,46,1.0
train,paragraph_400_overlap_75,"WHITESMOKE,INC_11_08_2011-EX-10.26-PROMOTION AND DISTRIBUTION AGREEMENT",11313,36,27,27,1.0
train,paragraph_400_overlap_75,NELNETINC_04_08_2020-EX-1-JOINT FILING AGREEMENT,170,1,4,4,1.0
train,paragraph_400_overlap_75,ADAMSGOLFINC_03_21_2005-EX-10.17-ENDORSEMENT AGREEMENT,3770,11,23,23,1.0
train,paragraph_400_overlap_75,"KIROMICBIOPHARMA,INC_05_11_2020-EX-10.23-CONSULTING AGREEMENT",2766,8,24,24,1.0
train,paragraph_400_overlap_75,"VEONEER,INC_02_21_2020-EX-10.11-JOINT VENTURE AGREEMENT",1334,4,16,16,1.0
train,paragraph_400_overlap_75,"MetLife, Inc. - Remarketing Agreement",17518,56,16,16,1.0
train,paragraph_400_overlap_75,"FTENETWORKS,INC_02_18_2016-EX-99.4-STRATEGIC ALLIANCE AGREEMENT",5761,21,33,33,1.0
train,paragraph_400_overlap_75,DOMINIADVISORTRUST_02_18_2005-EX-99.(H)(2)-SPONSORSHIP AGREEMENT,1847,7,13,13,1.0
train,paragraph_400_overlap_75,PfHospitalityGroupInc_20150923_10-12G_EX-10.1_9266710_EX-10.1_Franchise Agreement3,1014,4,12,12,1.0
train,paragraph_400_overlap_75,CerenceInc_20191002_8-K_EX-10.4_11827494_EX-10.4_Intellectual Property Agreement,9608,29,40,40,1.0
train,paragraph_400_overlap_75,ReynoldsConsumerProductsInc_20191115_S-1_EX-10.18_11896469_EX-10.18_Supply Agreement,9599,32,26,26,1.0
train,paragraph_400_overlap_75,IntegrityFunds_20200121_485BPOS_EX-99.E UNDR CONTR_11948727_EX-99.E UNDR CONTR_Service Agreement,3784,12,12,12,1.0
train,paragraph_400_overlap_75,PREMIERBIOMEDICALINC_05_14_2020-EX-10.2-INTELLECTUAL PROPERTY AGREEMENT,3596,12,22,22,1.0
train,paragraph_400_overlap_75,"SIBANNAC,INC_12_04_2017-EX-2.1-Strategic Alliance Agreement",1236,4,14,14,1.0
train,paragraph_400_overlap_75,INTRICONCORP_03_10_2009-EX-10.22-Strategic Alliance Agreement,7774,24,35,35,1.0
train,paragraph_400_overlap_75,BONTONSTORESINC_04_20_2018-EX-99.3-AGENCY AGREEMENT,26842,81,43,43,1.0
train,paragraph_400_overlap_75,"ON2TECHNOLOGIES,INC_11_17_2006-EX-10.3-SUPPORT AND MAINTENANCE AGREEMENT",8844,25,17,17,1.0
train,paragraph_400_overlap_75,Freecook_20180605_S-1_EX-10.3_11233807_EX-10.3_Hosting Agreement,997,3,10,10,1.0
train,paragraph_400_overlap_75,OPERALTD_04_30_2020-EX-4.14-SERVICE AGREEMENT,3326,11,21,21,1.0
train,paragraph_400_overlap_75,"BORROWMONEYCOM,INC_06_11_2020-EX-10.1-JOINT VENTURE AGREEMENT",3507,12,11,11,1.0
train,paragraph_400_overlap_75,ZEBRATECHNOLOGIESCORP_04_16_2014-EX-10.1-INTELLECTUAL PROPERTY AGREEMENT,19581,61,45,39,0.8666666666666667
train,paragraph_400_overlap_75,ChinaRealEstateInformationCorp_20090929_F-1_EX-10.32_4771615_EX-10.32_Content License Agreement,7522,22,24,24,1.0
train,paragraph_400_overlap_75,GLOBALTECHNOLOGIESLTD_06_08_2020-EX-10.16-CONSULTING AGREEMENT,3199,12,12,12,1.0
train,paragraph_400_overlap_75,PfHospitalityGroupInc_20150923_10-12G_EX-10.1_9266710_EX-10.1_Franchise Agreement1,24389,79,84,83,0.9880952380952381
train,paragraph_400_overlap_75,CORIOINC_07_20_2000-EX-10.5-LICENSE AND HOSTING AGREEMENT,8396,24,53,53,1.0
train,paragraph_400_overlap_75,SENMIAOTECHNOLOGYLTD_02_19_2019-EX-10.5-Collaboration Agreement,11876,43,33,33,1.0
train,paragraph_400_overlap_75,HealthcareIntegratedTechnologiesInc_20190812_8-K_EX-10.1_11776966_EX-10.1_Reseller Agreement,3519,12,22,22,1.0
train,paragraph_400_overlap_75,LOYALTYPOINTINC_11_16_2004-EX-10.2-RESELLER AGREEMENT,12890,38,30,30,1.0
train,paragraph_400_overlap_75,BNCMORTGAGEINC_05_17_1999-EX-10.4-LICENSING AND WEB SITE HOSTING AGREEMENT,4739,14,17,17,1.0
train,paragraph_400_overlap_75,ENERGOUSCORP_03_16_2017-EX-10.24-STRATEGIC ALLIANCE AGREEMENT,12422,43,67,67,1.0
train,paragraph_400_overlap_75,CytodynInc_20200109_10-Q_EX-10.5_11941634_EX-10.5_License Agreement,24801,77,52,52,1.0
train,paragraph_400_overlap_75,NICELTD_06_26_2003-EX-4.5-OUTSOURCING AGREEMENT,18608,53,29,29,1.0
train,paragraph_400_overlap_75,ImpresseCorp_20000322_S-1A_EX-10.11_5199234_EX-10.11_Co-Branding Agreement,7249,21,32,32,1.0
train,paragraph_400_overlap_75,AlliedEsportsEntertainmentInc_20190815_8-K_EX-10.19_11788293_EX-10.19_Content License Agreement,5471,18,30,30,1.0
train,paragraph_400_overlap_75,CreditcardscomInc_20070810_S-1_EX-10.33_362297_EX-10.33_Affiliate Agreement,4045,14,13,13,1.0
train,paragraph_400_overlap_75,GALACTICOMMTECHNOLOGIESINC_11_07_1997-EX-10.46-WEB HOSTING AGREEMENT,223,1,5,5,1.0
train,paragraph_400_overlap_75,"Zounds Hearing, Inc. - MANUFACTURING DESIGN MARKETING AGREEMENT",6897,22,31,30,0.967741935483871
train,paragraph_400_overlap_75,CUROGROUPHOLDINGSCORP_05_04_2020-EX-10.3-SERVICING AGREEMENT,5793,17,12,12,1.0
train,paragraph_400_overlap_75,SouthernStarEnergyInc_20051202_SB-2A_EX-9_801890_EX-9_Affiliate Agreement,3607,12,17,17,1.0
train,paragraph_400_overlap_75,ConformisInc_20191101_10-Q_EX-10.6_11861402_EX-10.6_Development Agreement,9583,32,33,33,1.0
train,paragraph_400_overlap_75,Principal Life Insurance Company - Broker Dealer Marketing and Servicing Agreement,4366,14,15,15,1.0
train,paragraph_400_overlap_75,LegacyEducationAllianceInc_20200330_10-K_EX-10.18_12090678_EX-10.18_Development Agreement,7337,28,49,49,1.0
train,paragraph_400_overlap_75,VerizonAbsLlc_20200123_8-K_EX-10.4_11952335_EX-10.4_Service Agreement,45143,130,26,26,1.0
train,paragraph_400_overlap_75,VERICELCORP_08_06_2019-EX-10.10-SUPPLY AGREEMENT,15862,48,39,39,1.0
train,paragraph_400_overlap_75,WPPPLC_04_30_2020-EX-4.28-SERVICE AGREEMENT,10958,38,26,25,0.9615384615384616
train,paragraph_400_overlap_75,WORLDWIDESTRATEGIESINC_11_02_2005-EX-10-RESELLER AGREEMENT,10830,31,43,43,1.0
train,paragraph_400_overlap_75,FEDERATEDGOVERNMENTINCOMESECURITIESINC_04_28_2020-EX-99.SERV AGREE-SERVICES AGREEMENT_SECONDAMENDMENT,820,3,8,8,1.0
train,paragraph_400_overlap_75,AzulSa_20170303_F-1A_EX-10.3_9943903_EX-10.3_Maintenance Agreement2,2549,7,13,13,1.0
train,paragraph_400_overlap_75,PelicanDeliversInc_20200211_S-1_EX-10.3_11975895_EX-10.3_Development Agreement1,2820,9,6,6,1.0
train,paragraph_400_overlap_75,ORBSATCORP_08_17_2007-EX-7.3-STRATEGIC ALLIANCE AGREEMENT,2909,8,19,19,1.0
train,paragraph_400_overlap_75,DRAGONSYSTEMSINC_01_08_1999-EX-10.17-OUTSOURCING AGREEMENT,1088,3,13,13,1.0
train,paragraph_400_overlap_75,SEPARATEACCOUNTIIOFAGL_05_02_2011-EX-99.(J)(4)-UNCONDITIONAL CAPITAL MAINTENANCE AGREEMENT,2845,8,13,13,1.0
train,paragraph_400_overlap_75,ImperialGardenResortInc_20161028_DRS (on F-1)_EX-10.13_9963189_EX-10.13_Outsourcing Agreement,1849,6,7,7,1.0
train,paragraph_400_overlap_75,"VIRGINGALACTICHOLDINGS,INC_04_08_2020-EX-99.1-JOINT FILING STATEMENT",188,1,6,6,1.0
train,paragraph_400_overlap_75,FuseMedicalInc_20190321_10-K_EX-10.43_11575454_EX-10.43_Distributor Agreement,5339,14,21,21,1.0
train,paragraph_400_overlap_75,ASPIRITYHOLDINGSLLC_05_07_2012-EX-10.6-OUTSOURCING AGREEMENT,10095,36,28,28,1.0
train,paragraph_400_overlap_75,"OASYSMOBILE,INC_07_05_2001-EX-10.17-OUTSOURCING AGREEMENT",8147,23,47,47,1.0
train,paragraph_400_overlap_75,MEDIWOUNDLTD_01_15_2014-EX-10.6-SUPPLY AGREEMENT,7708,29,27,27,1.0
train,paragraph_400_overlap_75,UpjohnInc_20200121_10-12G_EX-2.6_11948692_EX-2.6_Manufacturing Agreement_ Supply Agreement,33948,117,95,95,1.0
train,paragraph_400_overlap_75,"Antares Pharma, Inc. - Manufacturing Agreement",16365,49,20,20,1.0
train,paragraph_400_overlap_75,RareElementResourcesLtd_20171019_SC 13D_EX-99.4_10897534_EX-99.4_Intellectual Property Agreement,5415,17,33,33,1.0
train,paragraph_400_overlap_75,VARIABLESEPARATEACCOUNT_04_30_2014-EX-13.C-UNCONDITIONAL CAPITAL MAINTENANCE AGREEMENT,2381,8,14,13,0.9285714285714286
train,paragraph_400_overlap_75,ABILITYINC_06_15_2020-EX-4.25-SERVICES AGREEMENT,4115,15,16,16,1.0
train,paragraph_400_overlap_75,ELECTRAMECCANICA VEHICLES CORP. - Manufacturing Agreement,7251,26,30,30,1.0
train,paragraph_400_overlap_75,GopageCorp_20140221_10-K_EX-10.1_8432966_EX-10.1_Content License Agreement,6030,19,25,25,1.0
train,paragraph_400_overlap_75,BICYCLETHERAPEUTICSPLC_03_10_2020-EX-10.11-SERVICE AGREEMENT,9252,26,27,26,0.9629629629629629
train,paragraph_400_overlap_75,TELEGLOBEINTERNATIONALHOLDINGSLTD_03_29_2004-EX-10.10-CONSTRUCTION AND MAINTENANCE AGREEMENT,15095,55,62,62,1.0
train,paragraph_400_overlap_75,INTERNATIONALFASTFOODCORP_04_04_1997-EX-99-FRANCHISE AGREEMENT,16157,49,65,65,1.0
train,paragraph_400_overlap_75,BIOCEPTINC_08_19_2013-EX-10-COLLABORATION AGREEMENT,12142,40,40,40,1.0
train,paragraph_400_overlap_75,PACIFICSYSTEMSCONTROLTECHNOLOGYINC_08_24_2000-EX-10.53-SPONSORSHIP AGREEMENT,682,2,9,9,1.0
train,paragraph_400_overlap_75,NANOPHASETECHNOLOGIESCORP_11_01_2005-EX-99.1-DISTRIBUTOR AGREEMENT,7663,27,37,37,1.0
train,paragraph_400_overlap_75,AzulSa_20170303_F-1A_EX-10.3_9943903_EX-10.3_Maintenance Agreement1,34155,99,41,41,1.0
train,paragraph_400_overlap_75,PelicanDeliversInc_20200211_S-1_EX-10.3_11975895_EX-10.3_Development Agreement2,4870,18,21,21,1.0
train,paragraph_400_overlap_75,"NETGEAR,INC_04_21_2003-EX-10.16-AMENDMENT TO THE DISTRIBUTOR AGREEMENT BETWEEN INGRAM MICRO AND NETGEAR",973,3,8,8,1.0
train,paragraph_400_overlap_75,NEONSYSTEMSINC_03_01_1999-EX-10.5-DISTRIBUTOR AGREEMENT_Amendment,2848,9,32,32,1.0
train,paragraph_400_overlap_75,SPARKLINGSPRINGWATERHOLDINGSLTD_07_03_2002-EX-10.13-SOFTWARE LICENSE AND MAINTENANCE AGREEMENT,3885,11,28,28,1.0
train,paragraph_400_overlap_75,NUVEEN - REMARKETING AGREEMENT,11298,35,17,17,1.0
train,paragraph_400_overlap_75,SECURIANFUNDSTRUST_05_01_2012-EX-99.28.H.9-NET INVESTMENT INCOME MAINTENANCE AGREEMENT,1538,5,13,13,1.0
train,paragraph_400_overlap_75,WELLSFARGOMORTGAGEBACKEDSECURITIES2006-6TRUST_05_11_2006-EX-10.3-Yield Maintenance Agreement,5299,17,12,12,1.0
train,paragraph_400_overlap_75,REWALKROBOTICSLTD_07_10_2014-EX-10.2-STRATEGIC ALLIANCE AGREEMENT,2320,7,15,15,1.0
train,paragraph_400_overlap_75,PenntexMidstreamPartnersLp_20150416_S-1A_EX-10.4_9042833_EX-10.4_Transportation Agreement,7965,22,20,20,1.0
train,paragraph_400_overlap_75,FerroglobePlc_20150624_F-4A_EX-10.20_9154746_EX-10.20_Outsourcing Agreement,4627,13,13,13,1.0
train,paragraph_400_overlap_75,TodosMedicalLtd_20190328_20-F_EX-4.10_11587157_EX-4.10_Marketing Agreement_ Reseller Agreement,5066,19,31,31,1.0
train,paragraph_400_overlap_75,PrecheckHealthServicesInc_20200320_8-K_EX-99.2_12070169_EX-99.2_Distributor Agreement,970,3,13,13,1.0
train,paragraph_400_overlap_75,INKTOMICORP_06_08_1998-EX-10.14-SOFTWARE HOSTING AGREEMENT,9916,28,29,29,1.0
train,paragraph_400_overlap_75,"OAKTREECAPITALGROUP,LLC_03_02_2020-EX-10.8-Services Agreement",3194,9,14,14,1.0
train,paragraph_400_overlap_75,BANGIINC_05_25_2005-EX-10-Premium Managed Hosting Agreement,302,1,6,6,1.0
train,paragraph_400_overlap_75,AMERICANPHYSICIANSCAPITALINC_03_31_2003-EX-10.26-AGENCY AGREEMENT,2901,8,25,25,1.0
train,paragraph_400_overlap_75,GULFSOUTHMEDICALSUPPLYINC_12_24_1997-EX-4-AFFILIATE AGREEMENT,2765,9,9,9,1.0
train,paragraph_400_overlap_75,"BELLRINGBRANDS,INC_02_07_2020-EX-10.18-MASTER SUPPLY AGREEMENT",5813,17,28,28,1.0
train,paragraph_400_overlap_75,AimmuneTherapeuticsInc_20200205_8-K_EX-10.3_11967170_EX-10.3_Development Agreement,25298,74,56,55,0.9821428571428571
train,paragraph_400_overlap_75,HEALTHGATEDATACORP_11_24_1999-EX-10.1-HOSTING AND MANAGEMENT AGREEMENT (1),17975,49,51,51,1.0
train,paragraph_400_overlap_75,"INTELLIGENTHIGHWAYSOLUTIONS,INC_01_18_2018-EX-10.1-Strategic Alliance Agreement",1217,4,14,14,1.0
train,paragraph_400_overlap_75,ATMOSENERGYCORP_11_22_2002-EX-10.17-TRANSPORTATION SERVICE AGREEMENT,2588,7,18,18,1.0
train,paragraph_400_overlap_75,PacificapEntertainmentHoldingsInc_20051115_8-KA_EX-1.01_4300894_EX-1.01_Content License Agreement,2500,8,15,15,1.0
train,paragraph_400_overlap_75,ReedsInc_20191113_10-Q_EX-10.4_11888303_EX-10.4_Development Agreement,4301,15,19,19,1.0
train,paragraph_400_overlap_75,RgcResourcesInc_20151216_8-K_EX-10.3_9372751_EX-10.3_Franchise Agreement,805,3,10,10,1.0
train,paragraph_400_overlap_75,"BELLICUMPHARMACEUTICALS,INC_05_07_2019-EX-10.1-Supply Agreement",28275,85,69,69,1.0
train,paragraph_400_overlap_75,MARTINMIDSTREAMPARTNERSLP_01_23_2004-EX-10.3-TRANSPORTATION SERVICES AGREEMENT,2175,7,17,17,1.0
train,paragraph_400_overlap_75,RUBIOSRESTAURANTSINC_03_31_2008-EX-10.75-SPONSORSHIP AGREEMENT,5760,19,20,20,1.0
train,paragraph_400_overlap_75,CardlyticsInc_20180112_S-1_EX-10.16_11002987_EX-10.16_Maintenance Agreement2,387,1,6,6,1.0
train,paragraph_400_overlap_75,"XLITECHNOLOGIES,INC_12_11_2015-EX-10.1-Sponsorship Agreement",2851,11,16,16,1.0
train,paragraph_400_overlap_75,ScansourceInc_20190822_10-K_EX-10.38_11793958_EX-10.38_Distributor Agreement2,2044,7,18,18,1.0
train,paragraph_400_overlap_75,VERTEXENERGYINC_08_14_2014-EX-10.24-OPERATION AND MAINTENANCE AGREEMENT,8601,26,29,29,1.0
train,paragraph_400_overlap_75,NYLIACVARIABLEANNUITYSEPARATEACCOUNTIII_04_10_2020-EX-99.8.KK-SERVICE AGREEMENT,1072,3,12,12,1.0
train,paragraph_400_overlap_75,AlliedEsportsEntertainmentInc_20190815_8-K_EX-10.34_11788308_EX-10.34_Sponsorship Agreement,5852,19,25,25,1.0
train,paragraph_400_overlap_75,SLOVAKWIRELESSFINANCECOBV_03_28_2001-EX-4.(B)(II).3-Maintenance and support contract for SICAP(R) modules,3435,10,9,9,1.0
train,paragraph_400_overlap_75,ANIXABIOSCIENCESINC_06_09_2020-EX-10.1-COLLABORATION AGREEMENT,6178,20,31,31,1.0
train,paragraph_400_overlap_75,"ELFBEAUTY,INC_07_02_2020-EX-10.1-COOPERATION AGREEMENT",7265,22,17,17,1.0
train,paragraph_400_overlap_75,DigitalCinemaDestinationsCorp_20111220_S-1_EX-10.10_7346719_EX-10.10_Affiliate Agreement,16673,59,63,63,1.0
train,paragraph_400_overlap_75,VERTICALNETINC_04_01_2002-EX-10.19-MAINTENANCE AND SUPPORT AGREEMENT,10705,32,31,31,1.0
train,paragraph_400_overlap_75,TcPipelinesLp_20160226_10-K_EX-99.12_9454048_EX-99.12_Transportation Agreement,916,3,11,11,1.0
train,paragraph_400_overlap_75,HUBEIMINKANGPHARMACEUTICALLTD_09_19_2006-EX-10.1-OUTSOURCING AGREEMENT,1836,6,13,13,1.0
train,paragraph_400_overlap_75,ACCURAYINC_09_01_2010-EX-10.31-DISTRIBUTOR AGREEMENT,13349,47,30,30,1.0
train,paragraph_400_overlap_75,"MIDDLEBROOKPHARMACEUTICALS,INC_03_18_2010-EX-10.1-PROMOTION AGREEMENT",8879,27,23,22,0.9565217391304348
train,paragraph_400_overlap_75,ArcGroupInc_20171211_8-K_EX-10.1_10976103_EX-10.1_Sponsorship Agreement,2622,9,9,9,1.0
train,paragraph_400_overlap_75,AtnInternationalInc_20191108_10-Q_EX-10.1_11878541_EX-10.1_Maintenance Agreement,34973,105,70,68,0.9714285714285714
train,paragraph_400_overlap_75,"SightLife Surgical, Inc. - STRATEGIC SALES _ MARKETING AGREEMENT",3604,12,23,23,1.0
train,paragraph_400_overlap_75,InmodeLtd_20190729_F-1A_EX-10.9_11743243_EX-10.9_Manufacturing Agreement,6122,24,23,23,1.0
train,paragraph_400_overlap_75,FUSIONPHARMACEUTICALSINC_06_05_2020-EX-10.17-Supply Agreement - FUSION,6318,22,29,29,1.0
train,paragraph_400_overlap_75,URSCORPNEW_03_17_2014-EX-99-COOPERATION AGREEMENT,6004,18,9,9,1.0
train,paragraph_400_overlap_75,GpaqAcquisitionHoldingsInc_20200123_S-4A_EX-10.6_11951677_EX-10.6_License Agreement,7187,24,45,45,1.0
train,paragraph_400_overlap_75,SalesforcecomInc_20171122_10-Q_EX-10.1_10961535_EX-10.1_Reseller Agreement,435,2,6,6,1.0
train,paragraph_400_overlap_75,SLINGERBAGINC_05_27_2020-EX-10.7-CONSULTING AGREEMENT,5346,20,15,15,1.0
train,paragraph_400_overlap_75,IGENEBIOTECHNOLOGYINC_05_13_2003-EX-1-JOINT VENTURE AGREEMENT,11330,35,28,28,1.0
train,paragraph_400_overlap_75,ENERGYXXILTD_05_08_2015-EX-10.13-Transportation AGREEMENT,9243,32,23,23,1.0
train,paragraph_400_overlap_75,EtonPharmaceuticalsInc_20191114_10-Q_EX-10.1_11893941_EX-10.1_Development Agreement,10256,35,27,27,1.0
train,paragraph_400_overlap_75,ScansourceInc_20190822_10-K_EX-10.38_11793958_EX-10.38_Distributor Agreement1,12904,37,42,41,0.9761904761904762
train,paragraph_400_overlap_75,CardlyticsInc_20180112_S-1_EX-10.16_11002987_EX-10.16_Maintenance Agreement1,25087,74,93,93,1.0
train,paragraph_400_overlap_75,"NETGEAR,INC_04_21_2003-EX-10.16-DISTRIBUTOR AGREEMENT",6029,17,45,45,1.0
train,paragraph_400_overlap_75,EcoScienceSolutionsInc_20171117_8-K_EX-10.1_10956472_EX-10.1_Endorsement Agreement,2843,8,17,17,1.0
train,paragraph_400_overlap_75,AMERICASSHOPPINGMALLINC_12_10_1999-EX-10.2-SITE DEVELOPMENT AND HOSTING AGREEMENT,2892,8,22,22,1.0
train,paragraph_400_overlap_75,DataCallTechnologies_20060918_SB-2A_EX-10.9_944510_EX-10.9_Content License Agreement,1666,5,22,22,1.0
train,paragraph_400_overlap_75,JINGWEIINTERNATIONALLTD_10_04_2007-EX-10.7-INTELLECTUAL PROPERTY AGREEMENT,2356,7,18,18,1.0
train,paragraph_400_overlap_75,FEDERATEDGOVERNMENTINCOMESECURITIESINC_04_28_2020-EX-99.SERV AGREE-SERVICES AGREEMENT,1762,5,13,13,1.0
train,paragraph_400_overlap_75,MRSFIELDSORIGINALCOOKIESINC_01_29_1998-EX-10-FRANCHISE AGREEMENT,33705,99,78,78,1.0
train,paragraph_400_overlap_75,PalmerSquareCapitalBdcInc_20200116_10-12GA_EX-10.6_11949289_EX-10.6_Trademark License Agreement,2306,8,19,19,1.0
train,paragraph_400_overlap_75,LUCIDINC_04_15_2011-EX-10.9-DISTRIBUTOR AGREEMENT,2351,7,20,20,1.0
train,paragraph_400_overlap_75,UsioInc_20040428_SB-2_EX-10.11_1723988_EX-10.11_Affiliate Agreement 2,3740,12,28,28,1.0
train,paragraph_400_overlap_75,EmmisCommunicationsCorp_20191125_8-K_EX-10.6_11906433_EX-10.6_Marketing Agreement,2709,9,11,11,1.0
train,paragraph_400_overlap_75,ENTERTAINMENTGAMINGASIAINC_02_15_2005-EX-10.5-DISTRIBUTOR AGREEMENT,6920,20,38,36,0.9473684210526315
train,paragraph_400_overlap_75,"Magenta Therapeutics, Inc. - Master Development and Manufacturing Agreement",11308,35,33,33,1.0
train,paragraph_400_overlap_75,"GRIDIRONBIONUTRIENTS,INC_02_05_2020-EX-10.3-SUPPLY AGREEMENT",903,4,10,10,1.0
train,paragraph_400_overlap_75,PapaJohnsInternationalInc_20190617_8-K_EX-10.1_11707365_EX-10.1_Endorsement Agreement,10661,34,35,35,1.0
train,paragraph_400_overlap_75,SUMMAFOURINC_06_19_1998-EX-10.3-SOFTWARE LICENSE AND MAINTENANCE AGREEMENT,14158,39,34,34,1.0
train,paragraph_400_overlap_75,MACROGENICSINC_08_02_2013-EX-10-COLLABORATION AGREEMENT,25333,70,51,51,1.0
train,paragraph_400_overlap_75,GSVINC_05_15_1998-EX-10-SPONSORSHIP AGREEMENT,5880,16,22,22,1.0
train,paragraph_400_overlap_75,MorganStanleyDirectLendingFund_20191119_10-12GA_EX-10.5_11898508_EX-10.5_Trademark License Agreement,2438,10,27,27,1.0
train,paragraph_400_overlap_75,ELANDIAINTERNATIONALINC_04_25_2007-EX-10.21-Outsourcing Agreement,12396,33,25,25,1.0
train,paragraph_400_overlap_75,PareteumCorp_20081001_8-K_EX-99.1_2654808_EX-99.1_Hosting Agreement,10213,29,23,23,1.0
train,paragraph_400_overlap_75,PhasebioPharmaceuticalsInc_20200330_10-K_EX-10.21_12086810_EX-10.21_Development Agreement,45650,136,88,88,1.0
train,paragraph_400_overlap_75,"KUBIENT,INC_07_02_2020-EX-10.14-MASTER SERVICES AGREEMENT_Part2",1185,4,13,13,1.0
train,paragraph_400_overlap_75,EdietsComInc_20001030_10QSB_EX-10.4_2606646_EX-10.4_Co-Branding Agreement,9075,24,48,48,1.0
train,paragraph_400_overlap_75,LECLANCHÉ S.A. - JOINT DEVELOPMENT AND MARKETING AGREEMENT,3207,9,19,19,1.0
train,paragraph_400_overlap_75,CardlyticsInc_20180112_S-1_EX-10.16_11002987_EX-10.16_Maintenance Agreement4,756,2,12,12,1.0
train,paragraph_400_overlap_75,TomOnlineInc_20060501_20-F_EX-4.46_749700_EX-4.46_Co-Branding Agreement,17487,54,56,56,1.0
train,paragraph_400_overlap_75,"CERES,INC_01_25_2012-EX-10.20-Collaboration Agreement",45577,125,66,66,1.0
train,paragraph_400_overlap_75,"INTERSECTENT,INC_05_11_2020-EX-10.1-SUPPLY AGREEMENT",5973,19,18,18,1.0
train,paragraph_400_overlap_75,"TRANSPHORM,INC_02_14_2020-EX-10.12(1)-JOINT VENTURE AGREEMENT",15468,45,35,35,1.0
train,paragraph_400_overlap_75,EuromediaHoldingsCorp_20070215_10SB12G_EX-10.B(01)_525118_EX-10.B(01)_Content License Agreement,4580,15,30,30,1.0
train,paragraph_400_overlap_75,"Sonos, Inc. - Manufacturing Agreement ",17177,52,53,53,1.0
train,paragraph_400_overlap_75,"ASHWORTHINC_01_29_1999-EX-10.(D)-PROMOTION AGREEMENT AND NANTZ COMMUNICATIONS, INC.",3589,10,27,27,1.0
train,paragraph_400_overlap_75,LIGHTBRIDGECORP_11_23_2015-EX-10.26-STRATEGIC ALLIANCE AGREEMENT,3023,9,11,11,1.0
train,paragraph_400_overlap_75,"XLITECHNOLOGIES,INC_12_02_2015-EX-10.02-STRATEGIC ALLIANCE AGREEMENT",875,3,9,9,1.0
train,paragraph_400_overlap_75,HYPERIONSOFTWARECORP_09_28_1994-EX-10.47-EXCLUSIVE DISTRIBUTOR AGREEMENT,5290,16,30,30,1.0
train,paragraph_400_overlap_75,BUFFALOWILDWINGSINC_06_05_1998-EX-10.3-FRANCHISE AGREEMENT,23663,69,86,83,0.9651162790697675
train,paragraph_400_overlap_75,ReynoldsConsumerProductsInc_20200121_S-1A_EX-10.22_11948918_EX-10.22_Service Agreement,17207,50,26,26,1.0
train,paragraph_400_overlap_75,"GWG HOLDINGS, INC. - ORDERLY MARKETING AGREEMENT",4177,16,12,12,1.0
train,paragraph_400_overlap_75,BLACKROCKMUNIHOLDINGSINVESTMENTQUALITYFUND_04_07_2020-EX-99.01-JOINT FILING AGREEMENT,201,1,6,6,1.0
train,paragraph_400_overlap_75,ALLISONTRANSMISSIONHOLDINGSINC_12_15_2014-EX-99.1-COOPERATION AGREEMENT,5202,16,18,18,1.0
train,paragraph_400_overlap_75,WARNINGMANAGEMENTSERVICESINC_12_10_1999-EX-10-ENDORSEMENT AGREEMENT,4602,15,32,32,1.0
train,paragraph_400_overlap_75,LinkPlusCorp_20050802_8-K_EX-10_3240252_EX-10_Affiliate Agreement,2899,8,32,32,1.0
train,paragraph_400_overlap_75,SMITHELECTRICVEHICLESCORP_04_04_2012-EX-10.26-FLEET MAINTENANCE AGREEMENT,13201,49,29,29,1.0
train,paragraph_400_overlap_75,CHINARECYCLINGENERGYCORP_11_14_2013-EX-10.6-Cooperation Agreement,2664,8,13,13,1.0
train,paragraph_400_overlap_75,"KUBIENT,INC_07_02_2020-EX-10.14-MASTER SERVICES AGREEMENT_Part1",4014,12,20,20,1.0
train,paragraph_400_overlap_75,NeoformaInc_19991202_S-1A_EX-10.26_5224521_EX-10.26_Co-Branding Agreement,13370,39,70,70,1.0
train,paragraph_400_overlap_75,AULAMERICANUNITTRUST_04_24_2020-EX-99.8.77-SERVICING AGREEMENT,5607,21,16,16,1.0
train,paragraph_400_overlap_75,VIOLINMEMORYINC_12_12_2012-EX-10.14-SPONSORSHIP AGREEMENT,8499,24,30,30,1.0
train,paragraph_400_overlap_75,RaeSystemsInc_20001114_10-Q_EX-10.57_2631790_EX-10.57_Co-Branding Agreement,5582,17,29,29,1.0
train,paragraph_400_overlap_75,QBIOMEDINC_04_08_2020-EX-99.1-JOINT FILING AGREEMENT,429,2,13,13,1.0
train,paragraph_400_overlap_75,ZogenixInc_20190509_10-Q_EX-10.2_11663313_EX-10.2_Distributor Agreement,26626,79,70,69,0.9857142857142858
train,paragraph_400_overlap_75,LeadersonlineInc_20000427_S-1A_EX-10.8_4991089_EX-10.8_Co-Branding Agreement,8078,24,44,44,1.0
train,paragraph_400_overlap_75,ArcaUsTreasuryFund_20200207_N-2_EX-99.K5_11971930_EX-99.K5_Development Agreement,2316,8,12,12,1.0
train,paragraph_400_overlap_75,BIOAMBERINC_04_10_2013-EX-10.34-DEVELOPMENT AGREEMENT - First Amendment,940,3,7,7,1.0
train,paragraph_400_overlap_75,"XACCT Technologies, Inc.SUPPORT AND MAINTENANCE AGREEMENT",1796,5,14,14,1.0
train,paragraph_400_overlap_75,CHANGEPOINTCORP_03_08_2000-EX-10.6-LICENSE AND HOSTING AGREEMENT,18806,53,82,82,1.0
train,paragraph_400_overlap_75,Apollo Endosurgery - Manufacturing and Supply Agreement,7248,22,24,24,1.0
train,paragraph_400_overlap_75,"MJBIOTECH,INC_12_06_2018-EX-99.01-JOINT VENTURE AGREEMENT",3709,10,22,22,1.0
train,paragraph_400_overlap_75,IDREAMSKYTECHNOLOGYLTD_07_03_2014-EX-10.39-Cooperation Agreement on Mobile Game Business,12072,34,26,26,1.0
train,paragraph_400_overlap_75,"CANOPETROLEUM,INC_12_13_2007-EX-10.1-Sponsorship Agreement",1449,4,14,14,1.0
train,paragraph_400_overlap_75,"HOSPITALITYINVESTORSTRUST,INC_04_07_2014-EX-10.26-FRANCHISE AGREEMENT",23061,75,49,49,1.0
train,paragraph_400_overlap_75,FulucaiProductionsLtd_20131223_10-Q_EX-10.9_8368347_EX-10.9_Content License Agreement,2804,10,28,28,1.0
train,paragraph_400_overlap_75,MPLXLP_06_17_2015-EX-10.1-TRANSPORTATION SERVICES AGREEMENT,8966,27,30,30,1.0
train,paragraph_400_overlap_75,LOGANSROADHOUSEINC_03_27_1998-EX-10.17-SPONSORSHIP AGREEMENT,2865,8,19,19,1.0
train,paragraph_400_overlap_75,FuelcellEnergyInc_20191106_8-K_EX-10.1_11868007_EX-10.1_Development Agreement,15880,45,60,60,1.0
train,paragraph_400_overlap_75,"THERAVANCEBIOPHARMA,INC_05_08_2020-EX-10.2-SERVICE AGREEMENT",5294,20,16,16,1.0
train,paragraph_400_overlap_75,DYNAMEXINC_06_06_1996-EX-10.4-TRANSPORTATION SERVICES AGREEMENT,6760,19,33,33,1.0
train,paragraph_400_overlap_75,ULTRAGENYXPHARMACEUTICALINC_12_23_2013-EX-10.9-SUPPLY AGREEMENT,2274,6,16,16,1.0
train,paragraph_400_overlap_75,"NETGEAR,INC_04_21_2003-EX-10.16- AMENDMENT #2 TO THE DISTRIBUTION AGREEMENT",555,2,6,6,1.0
train,paragraph_400_overlap_75,SFGFINANCIALCORP_05_12_2009-EX-10.1-SOFTWARE LICENSE AND MAINTENANCE AGREEMENT,7749,24,32,32,1.0
train,paragraph_400_overlap_75,"VAXCYTE,INC_05_22_2020-EX-10.19-SUPPLY AGREEMENT",15227,48,29,29,1.0
train,paragraph_400_overlap_75,"OTISWORLDWIDECORP_04_03_2020-EX-10.4-INTELLECTUAL PROPERTY AGREEMENT by and among UNITED TECHNOLOGIES CORPORATION, OTIS WORLDWIDE CORPORATION and CARRIER ~1",9672,33,32,32,1.0
train,paragraph_400_overlap_75,"GIGGLESN_HUGS,INC_06_23_2016-EX-10.2-STRATEGIC ALLIANCE AGREEMENT",3430,14,19,19,1.0
train,paragraph_400_overlap_75,ExactSciencesCorp_20180822_8-K_EX-10.1_11331629_EX-10.1_Promotion Agreement,24685,94,43,42,0.9767441860465116
train,paragraph_400_overlap_75,GlobalTechnologiesGroupInc_20050928_10KSB_EX-10.9_4148808_EX-10.9_Content License Agreement,5899,17,18,18,1.0
train,paragraph_400_overlap_75,HertzGroupRealtyTrustInc_20190920_S-11A_EX-10.8_11816941_EX-10.8_Trademark License Agreement,2236,7,15,15,1.0
train,paragraph_400_overlap_75,QuantumGroupIncFl_20090120_8-K_EX-99.2_3672910_EX-99.2_Hosting Agreement,17414,56,32,32,1.0
train,paragraph_400_overlap_75,"PHREESIA,INC_05_28_2019-EX-10.18-STRATEGIC ALLIANCE AGREEMENT",17703,51,51,50,0.9803921568627451
train,paragraph_400_overlap_75,"Array BioPharma Inc. - LICENSE, DEVELOPMENT AND COMMERCIALIZATION AGREEMENT",42742,129,65,65,1.0
train,paragraph_400_overlap_75,MERCATAINC_03_09_2000-EX-10.21-SPONSORSHIP AGREEMENT,3224,10,12,12,1.0
train,paragraph_400_overlap_75,"MEDALISTDIVERSIFIEDREIT,INC_05_18_2020-EX-10.1-CONSULTING AGREEMENT",3724,13,34,34,1.0
train,paragraph_400_overlap_75,"FOUNDATIONMEDICINE,INC_02_02_2015-EX-10.2-Collaboration Agreement",26407,75,75,75,1.0
train,paragraph_400_overlap_75,RevolutionMedicinesInc_20200117_S-1_EX-10.1_11948417_EX-10.1_Development Agreement,40936,123,90,90,1.0
train,paragraph_400_overlap_75,"ETELOS,INC_03_09_2004-EX-10.8-DISTRIBUTOR AGREEMENT",3863,11,25,25,1.0
train,paragraph_400_overlap_75,LifewayFoodsInc_20160316_10-K_EX-10.24_9489766_EX-10.24_Endorsement Agreement,1656,6,16,16,1.0
train,paragraph_400_overlap_75,"LEGACYTECHNOLOGYHOLDINGS,INC_12_09_2005-EX-10.2-DISTRIBUTOR AGREEMENT",1937,6,23,23,1.0
train,paragraph_400_overlap_75,DeltathreeInc_19991102_S-1A_EX-10.19_6227850_EX-10.19_Co-Branding Agreement_ Service Agreement,4070,12,17,17,1.0
train,paragraph_400_overlap_75,"SPRINGBANKPHARMACEUTICALS,INC_04_08_2020-EX-99.A-JOINT FILING AGREEMENT",246,1,6,6,1.0
train,paragraph_400_overlap_75,ImineCorp_20180725_S-1_EX-10.5_11275970_EX-10.5_Distributor Agreement,5369,17,23,23,1.0
train,paragraph_400_overlap_75,CCAINDUSTRIESINC_04_14_2014-EX-10.1-OUTSOURCING AGREEMENT,4889,14,27,27,1.0
train,paragraph_400_overlap_75,Microgenics Corporation - Collaborative Development and Commercialization Agreement,28415,92,54,54,1.0
train,paragraph_400_overlap_75,VgrabCommunicationsInc_20200129_10-K_EX-10.33_11958828_EX-10.33_Development Agreement,2297,8,13,13,1.0
train,paragraph_400_overlap_75,AIRTECHINTERNATIONALGROUPINC_05_08_2000-EX-10.4-FRANCHISE AGREEMENT,11368,32,42,42,1.0
train,paragraph_400_overlap_75,IMMUNOMEDICSINC_08_07_2019-EX-10.1-PROMOTION AGREEMENT,24022,69,36,36,1.0
train,paragraph_400_overlap_75,BravatekSolutionsInc_20170418_8-K_EX-10.1_10205739_EX-10.1_Reseller Agreement,2384,8,17,17,1.0
train,paragraph_400_overlap_75,SPORTHALEYINC_09_29_1997-EX-10.2-10-ENDORSEMENT AGREEMENT,1537,5,21,21,1.0
train,paragraph_400_overlap_75,XENCORINC_10_25_2013-EX-10.24-COLLABORATION AGREEMENT (3),20117,65,66,66,1.0
train,paragraph_400_overlap_75,NETGROCERINC_07_31_1998-EX-10.15-SPONSORSHIP AGREEMENT,5206,15,26,25,0.9615384615384616
train,paragraph_400_overlap_75,CoherusBiosciencesInc_20200227_10-K_EX-10.29_12021376_EX-10.29_Development Agreement,21991,64,56,56,1.0
train,paragraph_400_overlap_75,DIVERSINETCORP_03_01_2012-EX-4-RESELLER AGREEMENT,11296,34,43,43,1.0
train,paragraph_400_overlap_75,NmfSlfIInc_20200115_10-12GA_EX-10.5_11946987_EX-10.5_Trademark License Agreement,2694,8,25,25,1.0
train,paragraph_400_overlap_75,KALLOINC_11_03_2011-EX-10.1-STRATEGIC ALLIANCE AGREEMENT,11172,32,34,34,1.0
train,paragraph_400_overlap_75,MOSSIMOINC_04_14_2000-EX-10.14-ENDORSEMENT AGREEMENT,3480,10,28,28,1.0
train,paragraph_400_overlap_75,FEDERATEDGOVERNMENTINCOMESECURITIESINC_04_28_2020-EX-99.SERV AGREE-SERVICES AGREEMENT_AMENDMENT,564,2,8,8,1.0
train,paragraph_400_overlap_75,RandWorldwideInc_20010402_8-KA_EX-10.2_2102464_EX-10.2_Co-Branding Agreement,6718,20,34,34,1.0
train,paragraph_400_overlap_75,GOLDRESOURCECORP_12_11_2008-EX-10.1-STRATEGIC ALLIANCE AGREEMENT,8786,27,36,36,1.0
train,paragraph_400_overlap_75,"Loop Industries, Inc. - Marketing Agreement",5244,20,19,19,1.0
train,paragraph_400_overlap_75,BloomEnergyCorp_20180321_DRSA (on S-1)_EX-10_11240356_EX-10_Maintenance Agreement,16116,48,36,36,1.0
train,paragraph_400_overlap_75,AudibleInc_20001113_10-Q_EX-10.32_2599586_EX-10.32_Co-Branding Agreement_ Marketing Agreement_ Investment Distribution Agreement,11211,34,47,47,1.0
train,paragraph_400_overlap_75,HOLIDAYRVSUPERSTORESINC_04_15_2002-EX-10.13-ENDORSEMENT AGREEMENT,2189,7,17,17,1.0
train,paragraph_400_overlap_75,NeuroboPharmaceuticalsInc_20190903_S-4_EX-10.36_11802165_EX-10.36_Manufacturing Agreement_ Supply Agreement,3094,12,11,11,1.0
train,paragraph_400_overlap_75,SONUSCORP_03_12_1997-EX-10.11-SPONSORSHIP AGREEMENT,3891,11,10,10,1.0
train,paragraph_400_overlap_75,RangeResourcesLouisianaInc_20150417_8-K_EX-10.5_9045501_EX-10.5_Transportation Agreement,15659,44,21,21,1.0
train,paragraph_400_overlap_75,CHAPARRALRESOURCESINC_03_30_2000-EX-10.66-TRANSPORTATION CONTRACT,3865,11,17,17,1.0
train,paragraph_400_overlap_75,AURASYSTEMSINC_06_16_2010-EX-10.25-STRATEGIC ALLIANCE AGREEMENT,6938,25,44,44,1.0
train,paragraph_400_overlap_75,IpassInc_20181203_8-K_EX-99.1_11445874_EX-99.1_Reseller Agreement,11394,37,30,30,1.0
train,paragraph_400_overlap_75,VERSOTECHNOLOGIESINC_12_28_2007-EX-99.3-INTELLECTUAL PROPERTY AGREEMENT,739,2,8,8,1.0
train,paragraph_400_overlap_75,EhaveInc_20190515_20-F_EX-4.44_11678816_EX-4.44_License Agreement_ Reseller Agreement,13634,50,62,61,0.9838709677419355
train,paragraph_400_overlap_75,"UNITEDNATIONALBANCORP_03_03_1999-EX-99-Outsourcing Agreement with the BISYS Group, Inc.",279,1,7,7,1.0
train,paragraph_400_overlap_75,VirtuosoSurgicalInc_20191227_1-A_EX1A-6 MAT CTRCT_11933379_EX1A-6 MAT CTRCT_License Agreement,5675,21,37,37,1.0
train,paragraph_400_overlap_75,"ROCKYMOUNTAINCHOCOLATEFACTORY,INC_12_23_2019-EX-10.2-STRATEGIC ALLIANCE AGREEMENT",19420,67,34,33,0.9705882352941176
train,paragraph_400_overlap_75,VITAMINSHOPPECOMINC_09_13_1999-EX-10.26-SPONSORSHIP AGREEMENT,8223,23,16,16,1.0
train,paragraph_400_overlap_75,"SOLUTIONSVENDINGINTERNATIONAL,INC_03_31_2020-EX1A-1 UNDR AGMT-SERVICES AGREEMENT",1122,3,9,9,1.0
train,paragraph_400_overlap_75,InnerscopeHearingTechnologiesInc_20181109_8-K_EX-10.6_11419704_EX-10.6_Distributor Agreement,3360,9,27,27,1.0
train,paragraph_400_overlap_75,SmartRxSystemsInc_20180914_1-A_EX1A-6 MAT CTRCT_11351705_EX1A-6 MAT CTRCT_Distributor Agreement,6123,19,25,25,1.0
train,paragraph_400_overlap_75,BIOFRONTERAAG_04_29_2019-EX-4.17-SUPPLY AGREEMENT,9771,35,27,27,1.0
train,paragraph_400_overlap_75,"CORALGOLDRESOURCES,LTD_05_28_2020-EX-4.1-CONSULTING AGREEMENT",4730,13,20,20,1.0
train,paragraph_400_overlap_75,Cerus Corporation - FIRST AMEND TO SUPPLY AND MANUFACTURING AGREEMENT,1796,6,7,7,1.0
train,paragraph_400_overlap_75,OLDAPIWIND-DOWNLTD_01_08_2016-EX-1.3-AGENCY AGREEMENT2,630,2,8,8,1.0
train,paragraph_400_overlap_75,ATENTOSA_07_06_2020-EX-99.1-JOINT FILING AGREEMENT,357,1,12,12,1.0
train,paragraph_400_overlap_75,HealthcentralCom_19991108_S-1A_EX-10.27_6623292_EX-10.27_Co-Branding Agreement,6492,18,34,34,1.0
train,paragraph_400_overlap_75,GAINSCOINC_01_21_2010-EX-10.41-SPONSORSHIP AGREEMENT,2452,8,26,26,1.0
train,paragraph_400_overlap_75,"TURNKEYCAPITAL,INC_07_20_2017-EX-1.1-Strategic Alliance Agreement",1988,6,12,12,1.0
train,paragraph_400_overlap_75,IVILLAGEINC_03_17_1999-EX-10.16-SPONSORSHIP AGREEMENT,3407,10,26,26,1.0
train,paragraph_400_overlap_75,"IPAYMENT,INC_05_14_2007-EX-10.1-SPONSORSHIP AGREEMENT",14652,41,34,34,1.0
train,paragraph_400_overlap_75,RISEEDUCATIONCAYMANLTD_04_17_2020-EX-4.23-SERVICE AGREEMENT,2394,8,13,13,1.0
train,paragraph_400_overlap_75,STARTECGLOBALCOMMUNICATIONSCORP_11_16_1998-EX-10.30-CONSTRUCTION AND MAINTENANCE AGREEMENT,14551,42,74,74,1.0
train,paragraph_400_overlap_75,LejuHoldingsLtd_20140121_DRS (on F-1)_EX-10.26_8473102_EX-10.26_Content License Agreement2,327,1,7,7,1.0
train,paragraph_400_overlap_75,FIBROGENINC_10_01_2014-EX-10.11-COLLABORATION AGREEMENT,24526,74,51,51,1.0
train,paragraph_400_overlap_75,"KNOWLABS,INC_08_15_2005-EX-10-INTELLECTUAL PROPERTY AGREEMENT",1970,6,16,16,1.0
train,paragraph_400_overlap_75,UAGHINC_04_14_2004-EX-10.18-MAINTENANCE AGREEMENT,2676,9,19,19,1.0
train,paragraph_400_overlap_75,"ARMSTRONGFLOORING,INC_01_07_2019-EX-10.2-INTELLECTUAL PROPERTY AGREEMENT",10349,35,49,49,1.0
train,paragraph_400_overlap_75,VitalibisInc_20180316_8-K_EX-10.2_11100168_EX-10.2_Hosting Agreement,7045,22,29,29,1.0
train,paragraph_400_overlap_75,HEALTHGATEDATACORP_11_24_1999-EX-10.1-HOSTING AND MANAGEMENT AGREEMENT - Escrow Agreement,4201,11,15,13,0.8666666666666667
train,paragraph_400_overlap_75,BNLFINANCIALCORP_03_30_2007-EX-10.8-OUTSOURCING AGREEMENT,6470,25,27,27,1.0
train,paragraph_400_overlap_75,"IOVANCEBIOTHERAPEUTICS,INC_08_03_2017-EX-10.1-STRATEGIC ALLIANCE AGREEMENT",10693,38,27,27,1.0
train,paragraph_400_overlap_75,NEONSYSTEMSINC_03_01_1999-EX-10.5-DISTRIBUTOR AGREEMENT_New,8888,26,40,40,1.0
train,paragraph_400_overlap_75,TELKOMSALTD_01_30_2003-EX-10-LICENCE AND MAINTENANCE AGREEMENT,16176,61,49,49,1.0
train,paragraph_400_overlap_75,"FIDELITYNATIONALINFORMATIONSERVICES,INC_08_05_2009-EX-10.3-INTELLECTUAL PROPERTY AGREEMENT",19341,58,70,70,1.0
train,paragraph_400_overlap_75,TRUENORTHENERGYCORP_02_08_2007-EX-10.1-DEVELOPMENT AGREEMENT,6961,22,19,18,0.9473684210526315
train,paragraph_400_overlap_75,GentechHoldingsInc_20190808_1-A_EX1A-6 MAT CTRCT_11776814_EX1A-6 MAT CTRCT_Distributor Agreement,4097,13,24,24,1.0
train,paragraph_400_overlap_75,TICKETSCOMINC_06_22_1999-EX-10.22-SPONSORSHIP AGREEMENT,1155,4,16,16,1.0
train,paragraph_400_overlap_75,"ADMA BioManufacturing, LLC -  Amendment #3 to Manufacturing Agreement ",2478,10,16,16,1.0
train,paragraph_400_overlap_75,OFGBANCORP_03_28_2007-EX-10.23-OUTSOURCING AGREEMENT,24004,70,44,44,1.0
train,paragraph_400_overlap_75,"DUOSTECHNOLOGIESGROUP,INC_04_21_2009-EX-10.1-STRATEGIC ALLIANCE AGREEMENT",7148,23,38,38,1.0
train,paragraph_400_overlap_75,OLDAPIWIND-DOWNLTD_01_08_2016-EX-1.3-AGENCY AGREEMENT1,15521,54,16,16,1.0
train,paragraph_400_overlap_75,"ADIANUTRITION,INC_04_01_2005-EX-10.D2-RESELLER AGREEMENT",4051,12,22,22,1.0
train,paragraph_400_overlap_75,"ATHENSBANCSHARESCORP_11_02_2009-EX-1.2-AGENCY AGREEMENT , 2009",23419,74,16,16,1.0
train,paragraph_400_overlap_75,SoupmanInc_20150814_8-K_EX-10.1_9230148_EX-10.1_Franchise Agreement3,438,2,2,2,1.0
train,paragraph_400_overlap_75,MOVADOGROUPINC_04_30_2003-EX-10.28-ENDORSEMENT AGREEMENT,2710,8,9,9,1.0
train,paragraph_400_overlap_75,StaarSurgicalCompany_20180801_10-Q_EX-10.37_11289449_EX-10.37_Distributor Agreement,7649,27,38,38,1.0
train,paragraph_400_overlap_75,EmeraldHealthBioceuticalsInc_20200218_1-A_EX1A-6 MAT CTRCT_11987205_EX1A-6 MAT CTRCT_Development Agreement,2606,8,20,20,1.0
train,paragraph_400_overlap_75,STAMPSCOMINC_06_24_1999-EX-10.18-SPONSORSHIP AGREEMENT,5496,16,32,32,1.0
train,paragraph_400_overlap_75,BEYONDCOMCORP_08_03_2000-EX-10.2-CO-HOSTING AGREEMENT,7991,22,33,33,1.0
train,paragraph_400_overlap_75,CHEETAHMOBILEINC_04_22_2014-EX-10.43-Cooperation Agreement,6230,17,23,23,1.0
train,paragraph_400_overlap_75,ClickstreamCorp_20200330_1-A_EX1A-6 MAT CTRCT_12089935_EX1A-6 MAT CTRCT_Development Agreement,5445,19,24,24,1.0
train,paragraph_400_overlap_75,NEOMEDIATECHNOLOGIESINC_12_15_2005-EX-16.1-DISTRIBUTOR AGREEMENT,4973,14,29,29,1.0
train,paragraph_400_overlap_75,"ADUROBIOTECH,INC_06_02_2020-EX-10.7-CONSULTING AGREEMENT(1)",1850,6,16,16,1.0
train,paragraph_400_overlap_75,LejuHoldingsLtd_20140121_DRS (on F-1)_EX-10.26_8473102_EX-10.26_Content License Agreement1,7198,27,22,22,1.0
train,paragraph_400_overlap_75,"VISIUMTECHNOLOGIES,INC_10_20_2004-EX-10.20-DISTRIBUTOR AGREEMENT",7706,22,42,42,1.0
train,paragraph_400_overlap_75,"INNOVIVA,INC_08_07_2014-EX-10.1-COLLABORATION AGREEMENT",28937,104,52,52,1.0
train,paragraph_400_overlap_75,SoupmanInc_20150814_8-K_EX-10.1_9230148_EX-10.1_Franchise Agreement2,844,3,5,5,1.0
train,paragraph_400_overlap_75,"ADUROBIOTECH,INC_06_02_2020-EX-10.7-CONSULTING AGREEMENT",1850,6,14,14,1.0
train,paragraph_400_overlap_75,CybergyHoldingsInc_20140520_10-Q_EX-10.27_8605784_EX-10.27_Affiliate Agreement,5326,15,26,26,1.0
train,paragraph_400_overlap_75,MANAKOASERVICESCORP_11_21_2007-EX-7.5-STRATEGIC ALLIANCE AGREEMENT,2355,7,14,14,1.0
train,paragraph_400_overlap_75,FLOTEKINDUSTRIESINCCN_05_09_2019-EX-10.1-SUPPLY AGREEMENT,3037,9,19,19,1.0
train,paragraph_400_overlap_75,EUROPEANMICROHOLDINGSINC_03_06_1998-EX-10.6-DISTRIBUTOR AGREEMENT,7939,22,38,38,1.0
train,paragraph_400_overlap_75,KitovPharmaLtd_20190326_20-F_EX-4.15_11584449_EX-4.15_Manufacturing Agreement,8964,33,36,36,1.0
train,paragraph_400_overlap_75,BellringBrandsInc_20190920_S-1_EX-10.12_11817081_EX-10.12_Manufacturing Agreement3,1240,4,10,10,1.0
train,paragraph_400_overlap_75,GOCALLINC_03_30_2000-EX-10.7-Promotion Agreement,2983,9,18,18,1.0
train,paragraph_400_overlap_75,LEJUHOLDINGSLTD_03_12_2014-EX-10.34-INTERNET CHANNEL COOPERATION AGREEMENT,5930,21,20,20,1.0
train,paragraph_400_overlap_75,BLACKSTONEGSOLONG-SHORTCREDITINCOMEFUND_05_11_2020-EX-99.(K)(1)-SERVICE AGREEMENT,8073,23,17,17,1.0
train,paragraph_400_overlap_75,"MEETGROUP,INC_06_29_2017-EX-10.1-COOPERATION AGREEMENT",9394,32,15,15,1.0
train,paragraph_400_overlap_75,GluMobileInc_20070319_S-1A_EX-10.09_436630_EX-10.09_Content License Agreement3,545,2,10,10,1.0
train,paragraph_400_overlap_75,ADAPTIMMUNETHERAPEUTICSPLC_04_06_2017-EX-10.11-STRATEGIC ALLIANCE AGREEMENT,15471,51,56,56,1.0
train,paragraph_400_overlap_75,ENTRUSTINC_07_24_1998-EX-10.5-STRATEGIC ALLIANCE AGREEMENT,5893,16,39,38,0.9743589743589743
train,paragraph_400_overlap_75,SYKESHEALTHPLANSERVICESINC_04_24_1998-EX-10.14-OUTSOURCING AGREEMENT,1876,6,18,18,1.0
train,paragraph_400_overlap_75,NATIONALPROCESSINGINC_07_18_1996-EX-10.4-SPONSORSHIP AGREEMENT,4359,12,14,14,1.0
train,paragraph_400_overlap_75,SimplicityEsportsGamingCompany_20181130_8-K_EX-10.1_11444071_EX-10.1_Franchise Agreement,4347,12,27,27,1.0
train,paragraph_400_overlap_75,QIWI_06_16_2017-EX-99.(D)(2)-COOPERATION AGREEMENT,4170,12,16,16,1.0
train,paragraph_400_overlap_75,RemarkHoldingsInc_20081114_10-Q_EX-10.24_2895649_EX-10.24_Content License Agreement,9178,30,54,54,1.0
train,paragraph_400_overlap_75,CnsPharmaceuticalsInc_20200326_8-K_EX-10.1_12079626_EX-10.1_Development Agreement,3260,10,14,14,1.0
train,paragraph_400_overlap_75,GluMobileInc_20070319_S-1A_EX-10.09_436630_EX-10.09_Content License Agreement2,1853,6,25,25,1.0
train,paragraph_400_overlap_75,"BLUEHILLSBANCORP,INC_05_20_2014-EX-1.1-AGENCY AGREEMENT",21046,64,22,22,1.0
train,paragraph_400_overlap_75,GarrettMotionInc_20181001_8-K_EX-2.4_11364532_EX-2.4_Intellectual Property Agreement,8757,25,33,33,1.0
train,paragraph_400_overlap_75,TheglobeComInc_19990503_S-1A_EX-10.20_5416126_EX-10.20_Co-Branding Agreement,6614,19,35,35,1.0
train,paragraph_400_overlap_75,EmbarkComInc_19991008_S-1A_EX-10.10_6487661_EX-10.10_Co-Branding Agreement,5039,14,22,22,1.0
train,paragraph_400_overlap_75,TRANSMONTAIGNEPARTNERSLLC_03_13_2020-EX-10.9-SERVICES AGREEMENT,880,3,12,12,1.0
train,paragraph_400_overlap_75,"COOLTECHNOLOGIES,INC_10_25_2017-EX-10.71-Strategic Alliance Agreement",2154,7,14,14,1.0
train,paragraph_400_overlap_75,ALLIANCEBANCORPINCOFPENNSYLVANIA_10_18_2006-EX-1.2-AGENCY AGREEMENT,20957,63,24,24,1.0
train,paragraph_400_overlap_75,XpresspaGroupInc_20190401_10-K_EX-10.28_11599457_EX-10.28_Marketing Agreement,8460,31,49,49,1.0
train,paragraph_400_overlap_75,BellringBrandsInc_20190920_S-1_EX-10.12_11817081_EX-10.12_Manufacturing Agreement2,344,1,9,9,1.0
train,paragraph_400_overlap_75,IdeanomicsInc_20160330_10-K_EX-10.26_9512211_EX-10.26_Content License Agreement,6321,19,28,26,0.9285714285714286
train,paragraph_400_overlap_75,BIOAMBERINC_04_10_2013-EX-10.34-DEVELOPMENT AGREEMENT (1),5818,18,30,30,1.0
train,paragraph_400_overlap_75,PrudentialBancorpInc_20170606_8-K_EX-10.4_10474434_EX-10.4_Endorsement Agreement,2264,7,12,12,1.0
train,paragraph_400_overlap_75,"BERKELEYLIGHTS,INC_06_26_2020-EX-10.12-COLLABORATION AGREEMENT",32708,101,89,86,0.9662921348314607
train,paragraph_400_overlap_75,UnionDentalHoldingsInc_20050204_8-KA_EX-10_3345577_EX-10_Affiliate Agreement,1850,6,11,11,1.0
train,paragraph_400_overlap_75,WOMENSGOLFUNLIMITEDINC_03_29_2000-EX-10.13-ENDORSEMENT AGREEMENT - Intellectual Property Rights                 Confidentiality and Non-Use Obligations Agreement,940,3,7,7,1.0
train,paragraph_400_overlap_75,SPHERE3DCORP_06_24_2020-EX-10.12-CONSULTING AGREEMENT,1897,6,12,12,1.0
train,paragraph_400_overlap_75,ENTERPRISEPRODUCTSPARTNERSLP_07_08_1998-EX-10.3-TRANSPORTATION CONTRACT,11141,31,36,36,1.0
train,paragraph_400_overlap_75,HerImports_20161018_8-KA_EX-10.14_9765707_EX-10.14_Maintenance Agreement,1595,5,8,8,1.0
train,paragraph_400_overlap_75,PROLONGINTERNATIONALCORP_03_23_1998-EX-10.16-SPONSORSHIP AGREEMENT,2180,7,11,11,1.0
train,paragraph_400_overlap_75,DYNTEKINC_07_30_1999-EX-10-ONLINE HOSTING AGREEMENT,4009,12,20,20,1.0
train,paragraph_400_overlap_75,ALAMOGORDOFINANCIALCORP_12_16_1999-EX-1-AGENCY AGREEMENT,18815,57,22,22,1.0
train,paragraph_400_overlap_75,StampscomInc_20001114_10-Q_EX-10.47_2631630_EX-10.47_Co-Branding Agreement,11730,33,46,44,0.9565217391304348
train,paragraph_400_overlap_75,InvendaCorp_20000828_S-1A_EX-10.2_2588206_EX-10.2_Co-Branding Agreement,14682,40,63,62,0.9841269841269841
train,paragraph_400_overlap_75,WebmdHealthCorp_20050908_S-1A_EX-10.7_1027007_EX-10.7_Content License Agreement,2356,7,20,20,1.0
train,paragraph_400_overlap_75,SANDRIDGEENERGYINC_08_06_2009-EX-10.6-OPERATIONS AND MAINTENANCE AGREEMENT,10964,32,34,34,1.0
train,paragraph_400_overlap_75,ON4COMMUNICATIONSINC_07_02_2009-EX-10.1-PROMOTION AGREEMENT,2349,8,13,13,1.0
train,paragraph_400_overlap_75,GluMobileInc_20070319_S-1A_EX-10.09_436630_EX-10.09_Content License Agreement1,17147,50,68,68,1.0
train,paragraph_400_overlap_75,BANUESTRAFINANCIALCORP_09_08_2006-EX-10.16-AGENCY AGREEMENT,7308,23,12,12,1.0
train,paragraph_400_overlap_75,ArtaraTherapeuticsInc_20200110_8-K_EX-10.5_11943350_EX-10.5_License Agreement,5818,22,28,28,1.0
train,paragraph_400_overlap_75,NlsPharmaceuticsLtd_20200228_F-1_EX-10.14_12029046_EX-10.14_Development Agreement,10546,37,29,29,1.0
train,paragraph_400_overlap_75,"VIRTUALSCOPICS,INC_11_12_2010-EX-10.1-STRATEGIC ALLIANCE AGREEMENT",7273,26,31,31,1.0
train,paragraph_400_overlap_75,BellringBrandsInc_20190920_S-1_EX-10.12_11817081_EX-10.12_Manufacturing Agreement1,6565,20,23,23,1.0
train,paragraph_400_overlap_75,BLUEFLYINC_03_27_2002-EX-10.27-e-business Hosting Agreement,5136,14,31,31,1.0
train,paragraph_400_overlap_75,ASIANDRAGONGROUPINC_08_11_2005-EX-10.5-Reseller Agreement,7018,22,20,19,0.95
train,paragraph_400_overlap_75,MANUFACTURERSSERVICESLTD_06_05_2000-EX-10.14-OUTSOURCING AGREEMENT,41962,116,65,65,1.0
train,paragraph_400_overlap_75,LiquidmetalTechnologiesInc_20200205_8-K_EX-10.1_11968198_EX-10.1_Development Agreement,12529,44,56,56,1.0
train,paragraph_400_overlap_75,PlayboyEnterprisesInc_20090220_10-QA_EX-10.2_4091580_EX-10.2_Content License Agreement_ Marketing Agreement_ Sales-Purchase Agreement2,526,2,6,6,1.0
train,paragraph_400_overlap_75,ZtoExpressCaymanInc_20160930_F-1_EX-10.10_9752871_EX-10.10_Transportation Agreement,1468,5,12,12,1.0
train,paragraph_400_overlap_75,2ThemartComInc_19990826_10-12G_EX-10.10_6700288_EX-10.10_Co-Branding Agreement_ Agency Agreement,4467,12,30,30,1.0
train,paragraph_400_overlap_75,MOELIS_CO_03_24_2014-EX-10.19-STRATEGIC ALLIANCE AGREEMENT,18625,66,51,51,1.0
train,paragraph_400_overlap_75,XYBERNAUTCORP_07_12_2002-EX-4-SPONSORSHIP AGREEMENT,6661,19,17,17,1.0
train,paragraph_400_overlap_75,"CARDAX,INC_08_19_2014-EX-10.1-COLLABORATION AGREEMENT",8586,27,23,23,1.0
train,paragraph_400_overlap_75,"MACY_S,INC_05_11_2020-EX-99.4-JOINT FILING AGREEMENT",216,1,5,5,1.0
train,paragraph_400_overlap_75,TALCOTTRESOLUTIONLIFEINSURANCECO-SEPARATEACCOUNTTWELVE_04_30_2020-EX-99.8(L)-SERVICE AGREEMENT,4724,17,12,12,1.0
train,paragraph_400_overlap_75,ArmstrongFlooringInc_20190107_8-K_EX-10.2_11471795_EX-10.2_Intellectual Property Agreement,8284,29,51,51,1.0
train,paragraph_400_overlap_75,PFSFUNDS_06_26_2020-EX-99.H OTH MAT CONT-SERVICES AGREEMENT,2435,8,14,14,1.0
train,paragraph_400_overlap_75,WaterNowInc_20191120_10-Q_EX-10.12_11900227_EX-10.12_Distributor Agreement,7396,25,41,41,1.0
train,paragraph_400_overlap_75,MTITECHNOLOGYCORP_11_16_2004-EX-10.102-Reseller Agreement Premier Addendum,4685,13,18,18,1.0
train,paragraph_400_overlap_75,SCOUTCAMINC_05_12_2020-EX-10.22-SERVICES AGREEMENT,1305,4,18,18,1.0
train,paragraph_400_overlap_75,PharmagenInc_20120803_8-KA_EX-10.1_7693204_EX-10.1_Endorsement Agreement,2778,10,19,19,1.0
train,paragraph_400_overlap_75,DRKOOPCOMINC_04_21_1999-EX-10.28-SPONSORSHIP AGREEMENT,5546,15,18,18,1.0
train,paragraph_400_overlap_75,"VNUE,INC_07_10_2015-EX-10.1-SPONSORSHIP AGREEMENT",3207,11,18,18,1.0
train,paragraph_400_overlap_75,LegacyEducationAllianceInc_20141110_8-K_EX-10.9_8828866_EX-10.9_Endorsement Agreement,3149,11,19,19,1.0
train,paragraph_400_overlap_75,PcquoteComInc_19990721_S-1A_EX-10.11_6377149_EX-10.11_Co-Branding Agreement3,395,1,7,7,1.0
train,paragraph_400_overlap_75,GluMobileInc_20070319_S-1A_EX-10.09_436630_EX-10.09_Content License Agreement4,291,1,8,8,1.0
train,paragraph_400_overlap_75,"OPTIMIZEDTRANSPORTATIONMANAGEMENT,INC_07_26_2000-EX-6.6-DISTRIBUTOR AGREEMENT",1367,4,18,17,0.9444444444444444
train,paragraph_400_overlap_75,IMAGEWARESYSTEMSINC_12_20_1999-EX-10.22-MAINTENANCE AGREEMENT,2925,9,16,16,1.0
train,paragraph_400_overlap_75,NakedBrandGroupInc_20150731_POS AM (on S-1)_EX-10.75_9196027_EX-10.75_Endorsement Agreement,7601,23,35,35,1.0
train,paragraph_400_overlap_75,ZONDWINDSYSTEMPARTNERSLTDSERIES85-B_04_03_2006-EX-10-MANAGEMENT AND MAINTENANCE AGREEMENT,1368,4,8,8,1.0
train,paragraph_400_overlap_75,IbioInc_20200313_8-K_EX-10.1_12052678_EX-10.1_Development Agreement,4657,19,18,18,1.0
train,paragraph_400_overlap_75,BellringBrandsInc_20190920_S-1_EX-10.12_11817081_EX-10.12_Manufacturing Agreement4,258,1,8,8,1.0
train,paragraph_400_overlap_75,ParatekPharmaceuticalsInc_20170505_10-KA_EX-10.29_10323872_EX-10.29_Outsourcing Agreement,17726,50,46,46,1.0
train,paragraph_400_overlap_75,JOINTCORP_09_19_2014-EX-10.15-FRANCHISE AGREEMENT,26623,99,86,85,0.9883720930232558
train,paragraph_400_overlap_75,VnueInc_20150914_8-K_EX-10.1_9259571_EX-10.1_Promotion Agreement,1634,6,12,12,1.0
train,paragraph_400_overlap_75,NEXSTARFINANCEHOLDINGSINC_03_27_2002-EX-10.26-OUTSOURCING AGREEMENT,18265,54,25,24,0.96
train,paragraph_400_overlap_75,SUNTRONCORP_05_17_2006-EX-10.22-MAINTENANCE AGREEMENT,4818,14,27,27,1.0
train,paragraph_400_overlap_75,"SPIENERGYCO,LTD_03_09_2011-EX-99.5-OPERATIONS AND MAINTENANCE AGREEMENT",8153,23,21,21,1.0
train,paragraph_400_overlap_75,SteelVaultCorp_20081224_10-K_EX-10.16_3074935_EX-10.16_Affiliate Agreement,2709,10,16,16,1.0
train,paragraph_400_overlap_75,"KIROMICBIOPHARMA,INC_04_08_2020-EX-10.28-JOINT VENTURE AGREEMENT",5749,17,25,25,1.0
train,paragraph_400_overlap_75,PlayboyEnterprisesInc_20090220_10-QA_EX-10.2_4091580_EX-10.2_Content License Agreement_ Marketing Agreement_ Sales-Purchase Agreement1,17994,62,70,70,1.0
train,paragraph_400_overlap_75,TubeMediaCorp_20060310_8-K_EX-10.1_513921_EX-10.1_Affiliate Agreement,10728,34,49,49,1.0
train,paragraph_400_overlap_75,"MARSHALLHOLDINGSINTERNATIONAL,INC_04_14_2004-EX-10.15-ENDORSEMENT AGREEMENT",1716,5,16,16,1.0
train,paragraph_400_overlap_75,BLACKBOXSTOCKSINC_08_05_2014-EX-10.1-DISTRIBUTOR AGREEMENT,2706,8,21,21,1.0
train,paragraph_400_overlap_75,WARNERCHILCOTTPLC_12_31_2003-EX-4.36-DEVELOPMENT AGREEMENT,4152,12,13,13,1.0
train,paragraph_400_overlap_75,VertexEnergyInc_20200113_8-K_EX-10.1_11943624_EX-10.1_Marketing Agreement,7280,26,26,26,1.0
train,paragraph_400_overlap_75,NETZEEINC_11_14_2002-EX-10.3-MAINTENANCE AGREEMENT,464,2,9,9,1.0
train,paragraph_400_overlap_75,REGANHOLDINGCORP_03_31_2008-EX-10-LICENSE AND HOSTING AGREEMENT,8824,25,22,21,0.9545454545454546
train,paragraph_400_overlap_75,MidwestEnergyEmissionsCorp_20080604_8-K_EX-10.2_3093976_EX-10.2_Content License Agreement,5199,16,31,31,1.0
train,paragraph_400_overlap_75,HYDRONTECHNOLOGIESINC_03_31_1997-EX-10.47-SPONSORSHIP AGREEMENT,4114,12,14,14,1.0
train,paragraph_400_overlap_75,CcRealEstateIncomeFundadv_20181205_POS 8C_EX-99.(H)(3)_11447739_EX-99.(H)(3)_Marketing Agreement,4695,16,14,14,1.0
train,paragraph_400_overlap_75,"BLUEROCKRESIDENTIALGROWTHREIT,INC_06_01_2016-EX-1.1-AGENCY AGREEMENT",20909,72,17,16,0.9411764705882353
train,paragraph_400_overlap_75,"TALLGRASSENERGY,LP_02_20_2020-EX-99.26-JOINT FILING AGREEMENT",621,2,12,12,1.0
train,paragraph_400_overlap_75,KINGPHARMACEUTICALSINC_08_09_2006-EX-10.1-PROMOTION AGREEMENT,26840,82,64,64,1.0
train,paragraph_400_overlap_75,PerformanceSportsBrandsInc_20110909_S-1_EX-10.10_7220214_EX-10.10_Endorsement Agreement,4118,11,24,24,1.0
test,fixed_350_overlap_50,LohaCompanyltd_20191209_F-1_EX-10.16_11917878_EX-10.16_Supply Agreement,1880,7,7,7,1.0
test,fixed_350_overlap_50,CENTRACKINTERNATIONALINC_10_29_1999-EX-10.3-WEB SITE HOSTING AGREEMENT,2280,8,17,17,1.0
test,fixed_350_overlap_50,DovaPharmaceuticalsInc_20181108_10-Q_EX-10.2_11414857_EX-10.2_Promotion Agreement,26789,90,51,46,0.9019607843137255
test,fixed_350_overlap_50,"PACIRA PHARMACEUTICALS, INC. - A_R STRATEGIC LICENSING, DISTRIBUTION AND MARKETING AGREEMENT ",22756,76,83,78,0.9397590361445783
test,fixed_350_overlap_50,ThriventVariableInsuranceAccountB_20190701_N-6_EX-99.D(IV)_11720968_EX-99.D(IV)_Endorsement Agreement,735,3,5,5,1.0
test,fixed_350_overlap_50,"HERTZGLOBALHOLDINGS,INC_07_07_2016-EX-10.4-INTELLECTUAL PROPERTY AGREEMENT",4904,17,30,30,1.0
test,fixed_350_overlap_50,TUNIUCORP_03_06_2014-EX-10-COOPERATION AGREEMENT,2760,10,21,21,1.0
test,fixed_350_overlap_50,CYBERIANOUTPOSTINC_07_09_1998-EX-10.13-PROMOTION AGREEMENT,3450,12,22,20,0.9090909090909091
test,fixed_350_overlap_50,MSCIINC_02_28_2008-EX-10.10-,1851,7,18,18,1.0
test,fixed_350_overlap_50,CHERRYHILLMORTGAGEINVESTMENTCORP_09_26_2013-EX-10.1-Strategic Alliance Agreement,4441,15,9,9,1.0
test,fixed_350_overlap_50,"WASTE2ENERGYHOLDINGS,INC_06_03_2010-EX-10.2-STRATEGIC ALLIANCE AGREEMENT",6187,21,16,16,1.0
test,fixed_350_overlap_50,GridironBionutrientsInc_20171206_8-K_EX-10.2_10972556_EX-10.2_Endorsement Agreement,529,2,12,12,1.0
test,fixed_350_overlap_50,FreezeTagInc_20180411_8-K_EX-10.1_11139603_EX-10.1_Sponsorship Agreement,4102,14,23,23,1.0
test,fixed_350_overlap_50,WEBHELPCOMINC_03_22_2000-EX-10.8-HOSTING AGREEMENT,2955,10,20,20,1.0
test,fixed_350_overlap_50,"Columbia Laboratories, (Bermuda) Ltd. - AMEND NO. 2 TO MANUFACTURING AND SUPPLY AGREEMENT",7145,24,21,21,1.0
test,fixed_350_overlap_50,N2KINC_10_16_1997-EX-10.16-SPONSORSHIP AGREEMENT,5558,19,40,40,1.0
test,fixed_350_overlap_50,ArconicRolledProductsCorp_20191217_10-12B_EX-2.7_11923804_EX-2.7_Trademark License Agreement,2828,10,20,20,1.0
test,fixed_350_overlap_50,STWRESOURCESHOLDINGCORP_08_06_2014-EX-10.1-COOPERATION AGREEMENT,4448,15,25,25,1.0
test,fixed_350_overlap_50,HarpoonTherapeuticsInc_20200312_10-K_EX-10.18_12051356_EX-10.18_Development Agreement,38518,129,70,65,0.9285714285714286
test,fixed_350_overlap_50,CardlyticsInc_20180112_S-1_EX-10.16_11002987_EX-10.16_Maintenance Agreement3,251,1,7,7,1.0
test,fixed_350_overlap_50,AIRSPANNETWORKSINC_04_11_2000-EX-10.5-Distributor Agreement,10292,35,43,41,0.9534883720930233
test,fixed_350_overlap_50,GRANTIERRAENERGYINC_05_07_2012-EX-10.6-TRANSPORTATION CONTRACT,35339,118,33,32,0.9696969696969697
test,fixed_350_overlap_50,"VIVINT SOLAR, INC. - NON-COMPETITION AGREEMENT",506,2,8,8,1.0
test,fixed_350_overlap_50,CHIPMOSTECHNOLOGIESBERMUDALTD_04_18_2016-EX-4.72-Strategic Alliance Agreement,2026,7,11,11,1.0
test,fixed_350_overlap_50,RitterPharmaceuticalsInc_20200313_S-4A_EX-10.54_12055220_EX-10.54_Development Agreement,18871,63,49,48,0.9795918367346939
test,fixed_350_overlap_50,AMBASSADOREYEWEARGROUPINC_11_17_1997-EX-10.28-ENDORSEMENT AGREEMENT,5780,20,40,40,1.0
test,fixed_350_overlap_50,USASYNTHETICFUELCORP_10_21_2010-EX-10.10-STRATEGIC ALLIANCE AGREEMENT,8033,27,19,18,0.9473684210526315
test,fixed_350_overlap_50,WESTERN COPPER - NON-COMPETITION AGREEMENT,2626,9,17,16,0.9411764705882353
test,fixed_350_overlap_50,"HEMISPHERX - Sales, Marketing, Distribution, and Supply Agreement",10901,37,43,43,1.0
test,fixed_350_overlap_50,MphaseTechnologiesInc_20030911_10-K_EX-10.15_1560667_EX-10.15_Co-Branding Agreement,1169,4,14,14,1.0
test,fixed_350_overlap_50,"BABCOCK_WILCOXENTERPRISES,INC_08_04_2015-EX-10.17-INTELLECTUAL PROPERTY AGREEMENT between THE BABCOCK _ WILCOX COMPANY and BABCOCK _ WILCOX ENTERPRISES, INC.",16565,56,55,40,0.7272727272727273
test,fixed_350_overlap_50,"VAPOTHERM, INC. - Manufacturing and Supply Agreement",11847,40,24,24,1.0
test,fixed_350_overlap_50,PLAYAHOTELS_RESORTSNV_03_14_2017-EX-10.22-STRATEGIC ALLIANCE AGREEMENT (Hyatt Ziva Cancun),3543,12,17,15,0.8823529411764706
test,fixed_350_overlap_50,"SPOKHOLDINGS,INC_06_19_2020-EX-10.1-COOPERATION AGREEMENT",2842,10,13,13,1.0
test,fixed_350_overlap_50,RMRGROUPINC_01_22_2020-EX-99.1-JOINT FILING AGREEMENT,109,1,4,4,1.0
test,fixed_350_overlap_50,PRIMEENERGYRESOURCESCORP_04_02_2007-EX-10.28-COMPLETION AND LIQUIDITY MAINTENANCE AGREEMENT,742,3,10,10,1.0
test,fixed_350_overlap_50,AgapeAtpCorp_20191202_10-KA_EX-10.1_11911128_EX-10.1_Supply Agreement,3292,11,31,31,1.0
test,fixed_350_overlap_50,PhoenixNewMediaLtd_20110421_F-1_EX-10.17_6958322_EX-10.17_Content License Agreement,3908,13,20,19,0.95
test,fixed_350_overlap_50,"ONEMAINHOLDINGS,INC_02_20_2020-EX-99.D-JOINT FILING AGREEMENT",944,3,15,15,1.0
test,fixed_350_overlap_50,BerkshireHillsBancorpInc_20120809_10-Q_EX-10.16_7708169_EX-10.16_Endorsement Agreement,4466,15,23,22,0.9565217391304348
test,fixed_350_overlap_50,VALENCETECHNOLOGYINC_02_14_2003-EX-10-JOINT VENTURE CONTRACT,11008,37,24,23,0.9583333333333334
test,fixed_350_overlap_50,Quaker Chemical Corporation - NON COMPETITION AND NON SOLICITATION AGREEMENT,3488,12,21,21,1.0
test,fixed_350_overlap_50,GpaqAcquisitionHoldingsInc_20200123_S-4A_EX-10.8_11951679_EX-10.8_Service Agreement,8649,29,28,28,1.0
test,fixed_350_overlap_50,"SUCAMPOPHARMACEUTICALS,INC_11_04_2015-EX-10.2-STRATEGIC ALLIANCE AGREEMENT",9629,32,14,13,0.9285714285714286
test,fixed_350_overlap_50,KENTUCKYUTILITIESCO_03_25_2003-EX-10.65-TRANSPORTATION AGREEMENT,2578,9,15,15,1.0
test,fixed_350_overlap_50,AFSALABANCORPINC_08_01_1996-EX-1.1-AGENCY AGREEMENT,17813,60,22,20,0.9090909090909091
test,fixed_350_overlap_50,SigaTechnologiesInc_20190603_8-K_EX-10.1_11695818_EX-10.1_Promotion Agreement,22348,75,42,40,0.9523809523809523
test,fixed_350_overlap_50,HPILHOLDING_01_07_2015-EX-99.1-COOPERATION AGREEMENT,2626,9,14,14,1.0
test,fixed_350_overlap_50,FEDERATEDGOVERNMENTINCOMESECURITIESINC_04_28_2020-EX-99.SERV AGREE-SERVICES AGREEMENT_POWEROF,2213,8,9,9,1.0
test,fixed_350_overlap_50,"CURAEGISTECHNOLOGIES,INC_05_26_2010-EX-1-CORPORATE SPONSORSHIP AGREEMENT",1975,7,19,19,1.0
test,fixed_350_overlap_50,GridironBionutrientsInc_20171206_8-K_EX-10.1_10972555_EX-10.1_Endorsement Agreement,4601,16,29,29,1.0
test,fixed_350_overlap_50,WOMENSGOLFUNLIMITEDINC_03_29_2000-EX-10.13-ENDORSEMENT AGREEMENT,4539,15,48,47,0.9791666666666666
test,fixed_350_overlap_50,ScansourceInc_20190509_10-Q_EX-10.2_11661422_EX-10.2_Distributor Agreement,2131,7,21,21,1.0
test,fixed_350_overlap_50,SoupmanInc_20150814_8-K_EX-10.1_9230148_EX-10.1_Franchise Agreement4,492,2,4,4,1.0
test,fixed_350_overlap_50,BOLIVARMININGCORP_05_23_2003-EX-2.1-VISP WEB SITE BUILDING AND HOSTING AGREEMENT,1736,6,14,14,1.0
test,fixed_350_overlap_50,"GALERATHERAPEUTICS,INC_02_14_2020-EX-99.A-JOINT FILING AGREEMENT",623,2,14,14,1.0
test,fixed_350_overlap_50,"Reinsurance Group of America, Incorporated - A_R REMARKETING  AGREEMENT",16074,54,21,20,0.9523809523809523
test,fixed_350_overlap_50,PaperexchangeComInc_20000322_S-1A_EX-10.4_5202103_EX-10.4_Co-Branding Agreement,12480,42,62,61,0.9838709677419355
test,fixed_350_overlap_50,BIOPURECORP_06_30_1999-EX-10.13-AGENCY AGREEMENT,5757,20,28,27,0.9642857142857143
test,fixed_350_overlap_50,TRIZETTOGROUPINC_08_18_1999-EX-10.17-TECHNICAL INFRASTRUCTURE MAINTENANCE AGREEMENT,2208,8,18,17,0.9444444444444444
test,fixed_350_overlap_50,"SPIENERGYCO,LTD_07_10_2014-EX-10-Cooperation Agreement of 50MWp Photovoltaic Grid-connected Power Generation Project in Yangqiao of~1",413,2,6,6,1.0
test,fixed_350_overlap_50,SoupmanInc_20150814_8-K_EX-10.1_9230148_EX-10.1_Franchise Agreement1,22750,76,81,74,0.9135802469135802
test,fixed_350_overlap_50,IntegrityMediaInc_20010329_10-K405_EX-10.17_2373875_EX-10.17_Co-Branding Agreement,3545,12,30,29,0.9666666666666667
test,fixed_350_overlap_50,WatchitMediaInc_20061201_8-K_EX-10.1_4148672_EX-10.1_Content License Agreement,342,1,8,8,1.0
test,fixed_350_overlap_50,"OMINTO,INC_03_29_2004-EX-10-RESELLER AGREEMENT",3983,14,22,22,1.0
test,fixed_350_overlap_50,"GSITECHNOLOGYINC_11_16_2009-EX-10.2-INTELLECTUAL PROPERTY AGREEMENT between SONY ELECTRONICS INC. and GSI TECHNOLOGY, INC.",5558,19,24,24,1.0
test,fixed_350_overlap_50,MusclepharmCorp_20170208_10-KA_EX-10.38_9893581_EX-10.38_Co-Branding Agreement,13393,45,72,70,0.9722222222222222
test,fixed_350_overlap_50,"PAXMEDICA,INC_07_02_2020-EX-10.12-Master Service Agreement",2694,9,21,20,0.9523809523809523
test,fixed_350_overlap_50,"DRIVENDELIVERIES,INC_05_22_2020-EX-10.4-CONSULTING AGREEMENT",4188,14,24,23,0.9583333333333334
test,fixed_350_overlap_50,"HALITRON,INC_03_01_2005-EX-10.15-SPONSORSHIP AND DEVELOPMENT AGREEMENT",4429,15,32,31,0.96875
test,fixed_350_overlap_50,WestPharmaceuticalServicesInc_20200116_8-K_EX-10.1_11947529_EX-10.1_Supply Agreement,12651,43,43,40,0.9302325581395349
test,fixed_350_overlap_50,PANDIONTHERAPEUTICSHOLDCOLLC_05_22_2020-EX-10.17-CONSULTING AGREEMENT,3527,12,23,20,0.8695652173913043
test,fixed_350_overlap_50,BizzingoInc_20120322_8-K_EX-10.17_7504499_EX-10.17_Endorsement Agreement,3696,13,23,23,1.0
test,fixed_350_overlap_50,PHLVARIABLEINSURANCECOCT_08_17_2009-EX-10.1-STRATEGIC ALLIANCE AGREEMENT,15724,53,26,25,0.9615384615384616
test,fixed_350_overlap_50,"MFAFINANCIAL,INC_07_06_2020-EX-99.D-JOINT FILING AGREEMENT",578,2,21,21,1.0
test,fixed_350_overlap_50,PROFOUNDMEDICALCORP_08_29_2019-EX-4.5-SUPPLY AGREEMENT,10152,34,32,31,0.96875
test,fixed_350_overlap_50,TRICITYBANKSHARESCORP_05_15_1998-EX-10-OUTSOURCING AGREEMENT,15402,52,38,35,0.9210526315789473
test,fixed_350_overlap_50,"HC2HOLDINGS,INC_05_14_2020-EX-10.1-COOPERATION AGREEMENT",8562,29,16,15,0.9375
test,fixed_350_overlap_50,Monsanto Company - SECOND A_R EXCLUSIVE AGENCY AND MARKETING AGREEMENT ,33833,113,95,88,0.9263157894736842
test,fixed_350_overlap_50,ElPolloLocoHoldingsInc_20200306_10-K_EX-10.16_12041700_EX-10.16_Development Agreement,9315,31,33,32,0.9696969696969697
test,fixed_350_overlap_50,ACCELERATEDTECHNOLOGIESHOLDINGCORP_04_24_2003-EX-10.13-JOINT VENTURE AGREEMENT,1911,7,13,13,1.0
test,fixed_350_overlap_50,SEASPINEHOLDINGSCORP_10_10_2018-EX-10.1-SUPPLY AGREEMENT,10675,36,37,36,0.972972972972973
test,fixed_350_overlap_50,HfEnterprisesInc_20191223_S-1_EX-10.22_11931299_EX-10.22_Development Agreement,2923,10,23,23,1.0
test,fixed_350_overlap_50,ICORECONNECTINC_10_13_2010-EX-7.1-Strategic Alliance Agreement,3913,13,21,21,1.0
test,fixed_350_overlap_50,TEARDROPGOLFCO_10_23_1996-EX-10.12-ENDORSEMENT AGREEMENT,3682,13,24,24,1.0
test,fixed_350_overlap_50,ScansourceInc_20190822_10-K_EX-10.39_11793959_EX-10.39_Distributor Agreement,1605,6,7,7,1.0
test,fixed_350_overlap_50,LOOKSMARTLTD_07_20_2012-EX-99.(D)(I)-SPONSORSHIP AGREEMENT,3945,13,14,14,1.0
test,fixed_350_overlap_50,PcquoteComInc_19990721_S-1A_EX-10.11_6377149_EX-10.11_Co-Branding Agreement2,123,1,7,7,1.0
test,fixed_350_overlap_50,IMPCOTECHNOLOGIESINC_04_15_2003-EX-10.65-JOINT VENTURE AGREEMENT,10211,34,22,22,1.0
test,fixed_350_overlap_50,EbixInc_20010515_10-Q_EX-10.3_4049767_EX-10.3_Co-Branding Agreement,6272,21,28,24,0.8571428571428571
test,fixed_350_overlap_50,EcoScienceSolutionsInc_20180406_8-K_EX-10.1_11135398_EX-10.1_Sponsorship Agreement,1236,4,11,11,1.0
test,fixed_350_overlap_50,"GOOSEHEADINSURANCE,INC_04_02_2018-EX-10.6-Franchise Agreement",47733,159,97,90,0.9278350515463918
test,fixed_350_overlap_50,IdeanomicsInc_20151124_8-K_EX-10.2_9354744_EX-10.2_Content License Agreement,5426,18,24,24,1.0
test,fixed_350_overlap_50,"PRECIGEN,INC_01_22_2020-EX-99.1-JOINT FILING AGREEMENT",145,1,4,4,1.0
test,fixed_350_overlap_50,PhotronicsInc_20171219_10-QA_EX-10.28_10982650_EX-10.28_Outsourcing Agreement,3937,13,19,17,0.8947368421052632
test,fixed_350_overlap_50,EMERALDHEALTHTHERAPEUTICSINC_06_10_2020-EX-4.5-CONSULTING AGREEMENT - DR. GAETANO MORELLO N.D. INC.,3192,11,13,13,1.0
test,fixed_350_overlap_50,PcquoteComInc_19990721_S-1A_EX-10.11_6377149_EX-10.11_Co-Branding Agreement1,3025,10,15,15,1.0
test,fixed_350_overlap_50,ALCOSTORESINC_12_14_2005-EX-10.26-AGENCY AGREEMENT,1807,6,11,11,1.0
test,fixed_350_overlap_50,INGEVITYCORP_05_16_2016-EX-10.5-INTELLECTUAL PROPERTY AGREEMENT,9967,34,41,39,0.9512195121951219
test,fixed_350_overlap_50,"NOVOINTEGRATEDSCIENCES,INC_12_23_2019-EX-10.1-JOINT VENTURE AGREEMENT",3412,12,19,19,1.0
test,fixed_350_overlap_50,XinhuaSportsEntertainmentLtd_20070221_F-1_EX-99.4_645553_EX-99.4_Content License Agreement,2472,9,26,26,1.0
test,fixed_350_overlap_50,MERITLIFEINSURANCECO_06_19_2020-EX-10.(XIV)-MASTER SERVICES AGREEMENT,3328,11,24,24,1.0
test,paragraph_350_overlap_50,LohaCompanyltd_20191209_F-1_EX-10.16_11917878_EX-10.16_Supply Agreement,1880,7,7,7,1.0
test,paragraph_350_overlap_50,CENTRACKINTERNATIONALINC_10_29_1999-EX-10.3-WEB SITE HOSTING AGREEMENT,2280,7,17,17,1.0
test,paragraph_350_overlap_50,DovaPharmaceuticalsInc_20181108_10-Q_EX-10.2_11414857_EX-10.2_Promotion Agreement,26789,93,51,51,1.0
test,paragraph_350_overlap_50,"PACIRA PHARMACEUTICALS, INC. - A_R STRATEGIC LICENSING, DISTRIBUTION AND MARKETING AGREEMENT ",22756,75,83,82,0.9879518072289156
test,paragraph_350_overlap_50,ThriventVariableInsuranceAccountB_20190701_N-6_EX-99.D(IV)_11720968_EX-99.D(IV)_Endorsement Agreement,735,3,5,5,1.0
test,paragraph_350_overlap_50,"HERTZGLOBALHOLDINGS,INC_07_07_2016-EX-10.4-INTELLECTUAL PROPERTY AGREEMENT",4904,21,30,30,1.0
test,paragraph_350_overlap_50,TUNIUCORP_03_06_2014-EX-10-COOPERATION AGREEMENT,2760,9,21,21,1.0
test,paragraph_350_overlap_50,CYBERIANOUTPOSTINC_07_09_1998-EX-10.13-PROMOTION AGREEMENT,3450,12,22,22,1.0
test,paragraph_350_overlap_50,MSCIINC_02_28_2008-EX-10.10-,1851,7,18,18,1.0
test,paragraph_350_overlap_50,CHERRYHILLMORTGAGEINVESTMENTCORP_09_26_2013-EX-10.1-Strategic Alliance Agreement,4441,15,9,9,1.0
test,paragraph_350_overlap_50,"WASTE2ENERGYHOLDINGS,INC_06_03_2010-EX-10.2-STRATEGIC ALLIANCE AGREEMENT",6187,27,16,16,1.0
test,paragraph_350_overlap_50,GridironBionutrientsInc_20171206_8-K_EX-10.2_10972556_EX-10.2_Endorsement Agreement,529,2,12,12,1.0
test,paragraph_350_overlap_50,FreezeTagInc_20180411_8-K_EX-10.1_11139603_EX-10.1_Sponsorship Agreement,4102,15,23,23,1.0
test,paragraph_350_overlap_50,WEBHELPCOMINC_03_22_2000-EX-10.8-HOSTING AGREEMENT,2955,10,20,20,1.0
test,paragraph_350_overlap_50,"Columbia Laboratories, (Bermuda) Ltd. - AMEND NO. 2 TO MANUFACTURING AND SUPPLY AGREEMENT",7145,26,21,21,1.0
test,paragraph_350_overlap_50,N2KINC_10_16_1997-EX-10.16-SPONSORSHIP AGREEMENT,5558,18,40,40,1.0
test,paragraph_350_overlap_50,ArconicRolledProductsCorp_20191217_10-12B_EX-2.7_11923804_EX-2.7_Trademark License Agreement,2828,10,20,20,1.0
test,paragraph_350_overlap_50,STWRESOURCESHOLDINGCORP_08_06_2014-EX-10.1-COOPERATION AGREEMENT,4448,17,25,25,1.0
test,paragraph_350_overlap_50,HarpoonTherapeuticsInc_20200312_10-K_EX-10.18_12051356_EX-10.18_Development Agreement,38518,138,70,70,1.0
test,paragraph_350_overlap_50,CardlyticsInc_20180112_S-1_EX-10.16_11002987_EX-10.16_Maintenance Agreement3,251,1,7,7,1.0
test,paragraph_350_overlap_50,AIRSPANNETWORKSINC_04_11_2000-EX-10.5-Distributor Agreement,10292,35,43,43,1.0
test,paragraph_350_overlap_50,GRANTIERRAENERGYINC_05_07_2012-EX-10.6-TRANSPORTATION CONTRACT,35339,138,33,32,0.9696969696969697
test,paragraph_350_overlap_50,"VIVINT SOLAR, INC. - NON-COMPETITION AGREEMENT",506,2,8,8,1.0
test,paragraph_350_overlap_50,CHIPMOSTECHNOLOGIESBERMUDALTD_04_18_2016-EX-4.72-Strategic Alliance Agreement,2026,7,11,11,1.0
test,paragraph_350_overlap_50,RitterPharmaceuticalsInc_20200313_S-4A_EX-10.54_12055220_EX-10.54_Development Agreement,18871,68,49,49,1.0
test,paragraph_350_overlap_50,AMBASSADOREYEWEARGROUPINC_11_17_1997-EX-10.28-ENDORSEMENT AGREEMENT,5780,21,40,40,1.0
test,paragraph_350_overlap_50,USASYNTHETICFUELCORP_10_21_2010-EX-10.10-STRATEGIC ALLIANCE AGREEMENT,8033,33,19,19,1.0
test,paragraph_350_overlap_50,WESTERN COPPER - NON-COMPETITION AGREEMENT,2626,8,17,17,1.0
test,paragraph_350_overlap_50,"HEMISPHERX - Sales, Marketing, Distribution, and Supply Agreement",10901,40,43,43,1.0
test,paragraph_350_overlap_50,MphaseTechnologiesInc_20030911_10-K_EX-10.15_1560667_EX-10.15_Co-Branding Agreement,1169,4,14,14,1.0
test,paragraph_350_overlap_50,"BABCOCK_WILCOXENTERPRISES,INC_08_04_2015-EX-10.17-INTELLECTUAL PROPERTY AGREEMENT between THE BABCOCK _ WILCOX COMPANY and BABCOCK _ WILCOX ENTERPRISES, INC.",16565,58,55,55,1.0
test,paragraph_350_overlap_50,"VAPOTHERM, INC. - Manufacturing and Supply Agreement",11847,42,24,24,1.0
test,paragraph_350_overlap_50,PLAYAHOTELS_RESORTSNV_03_14_2017-EX-10.22-STRATEGIC ALLIANCE AGREEMENT (Hyatt Ziva Cancun),3543,12,17,17,1.0
test,paragraph_350_overlap_50,"SPOKHOLDINGS,INC_06_19_2020-EX-10.1-COOPERATION AGREEMENT",2842,10,13,13,1.0
test,paragraph_350_overlap_50,RMRGROUPINC_01_22_2020-EX-99.1-JOINT FILING AGREEMENT,109,1,4,4,1.0
test,paragraph_350_overlap_50,PRIMEENERGYRESOURCESCORP_04_02_2007-EX-10.28-COMPLETION AND LIQUIDITY MAINTENANCE AGREEMENT,742,3,10,10,1.0
test,paragraph_350_overlap_50,AgapeAtpCorp_20191202_10-KA_EX-10.1_11911128_EX-10.1_Supply Agreement,3292,13,31,31,1.0
test,paragraph_350_overlap_50,PhoenixNewMediaLtd_20110421_F-1_EX-10.17_6958322_EX-10.17_Content License Agreement,3908,15,20,20,1.0
test,paragraph_350_overlap_50,"ONEMAINHOLDINGS,INC_02_20_2020-EX-99.D-JOINT FILING AGREEMENT",944,3,15,15,1.0
test,paragraph_350_overlap_50,BerkshireHillsBancorpInc_20120809_10-Q_EX-10.16_7708169_EX-10.16_Endorsement Agreement,4466,19,23,23,1.0
test,paragraph_350_overlap_50,VALENCETECHNOLOGYINC_02_14_2003-EX-10-JOINT VENTURE CONTRACT,11008,36,24,24,1.0
test,paragraph_350_overlap_50,Quaker Chemical Corporation - NON COMPETITION AND NON SOLICITATION AGREEMENT,3488,14,21,21,1.0
test,paragraph_350_overlap_50,GpaqAcquisitionHoldingsInc_20200123_S-4A_EX-10.8_11951679_EX-10.8_Service Agreement,8649,31,28,27,0.9642857142857143
test,paragraph_350_overlap_50,"SUCAMPOPHARMACEUTICALS,INC_11_04_2015-EX-10.2-STRATEGIC ALLIANCE AGREEMENT",9629,36,14,14,1.0
test,paragraph_350_overlap_50,KENTUCKYUTILITIESCO_03_25_2003-EX-10.65-TRANSPORTATION AGREEMENT,2578,10,15,15,1.0
test,paragraph_350_overlap_50,AFSALABANCORPINC_08_01_1996-EX-1.1-AGENCY AGREEMENT,17813,65,22,22,1.0
test,paragraph_350_overlap_50,SigaTechnologiesInc_20190603_8-K_EX-10.1_11695818_EX-10.1_Promotion Agreement,22348,85,42,42,1.0
test,paragraph_350_overlap_50,HPILHOLDING_01_07_2015-EX-99.1-COOPERATION AGREEMENT,2626,9,14,14,1.0
test,paragraph_350_overlap_50,FEDERATEDGOVERNMENTINCOMESECURITIESINC_04_28_2020-EX-99.SERV AGREE-SERVICES AGREEMENT_POWEROF,2213,8,9,9,1.0
test,paragraph_350_overlap_50,"CURAEGISTECHNOLOGIES,INC_05_26_2010-EX-1-CORPORATE SPONSORSHIP AGREEMENT",1975,7,19,19,1.0
test,paragraph_350_overlap_50,GridironBionutrientsInc_20171206_8-K_EX-10.1_10972555_EX-10.1_Endorsement Agreement,4601,17,29,29,1.0
test,paragraph_350_overlap_50,WOMENSGOLFUNLIMITEDINC_03_29_2000-EX-10.13-ENDORSEMENT AGREEMENT,4539,15,48,48,1.0
test,paragraph_350_overlap_50,ScansourceInc_20190509_10-Q_EX-10.2_11661422_EX-10.2_Distributor Agreement,2131,8,21,21,1.0
test,paragraph_350_overlap_50,SoupmanInc_20150814_8-K_EX-10.1_9230148_EX-10.1_Franchise Agreement4,492,2,4,4,1.0
test,paragraph_350_overlap_50,BOLIVARMININGCORP_05_23_2003-EX-2.1-VISP WEB SITE BUILDING AND HOSTING AGREEMENT,1736,7,14,14,1.0
test,paragraph_350_overlap_50,"GALERATHERAPEUTICS,INC_02_14_2020-EX-99.A-JOINT FILING AGREEMENT",623,2,14,14,1.0
test,paragraph_350_overlap_50,"Reinsurance Group of America, Incorporated - A_R REMARKETING  AGREEMENT",16074,56,21,21,1.0
test,paragraph_350_overlap_50,PaperexchangeComInc_20000322_S-1A_EX-10.4_5202103_EX-10.4_Co-Branding Agreement,12480,43,62,62,1.0
test,paragraph_350_overlap_50,BIOPURECORP_06_30_1999-EX-10.13-AGENCY AGREEMENT,5757,19,28,28,1.0
test,paragraph_350_overlap_50,TRIZETTOGROUPINC_08_18_1999-EX-10.17-TECHNICAL INFRASTRUCTURE MAINTENANCE AGREEMENT,2208,8,18,18,1.0
test,paragraph_350_overlap_50,"SPIENERGYCO,LTD_07_10_2014-EX-10-Cooperation Agreement of 50MWp Photovoltaic Grid-connected Power Generation Project in Yangqiao of~1",413,2,6,6,1.0
test,paragraph_350_overlap_50,SoupmanInc_20150814_8-K_EX-10.1_9230148_EX-10.1_Franchise Agreement1,22750,86,81,80,0.9876543209876543
test,paragraph_350_overlap_50,IntegrityMediaInc_20010329_10-K405_EX-10.17_2373875_EX-10.17_Co-Branding Agreement,3545,13,30,30,1.0
test,paragraph_350_overlap_50,WatchitMediaInc_20061201_8-K_EX-10.1_4148672_EX-10.1_Content License Agreement,342,1,8,8,1.0
test,paragraph_350_overlap_50,"OMINTO,INC_03_29_2004-EX-10-RESELLER AGREEMENT",3983,13,22,22,1.0
test,paragraph_350_overlap_50,"GSITECHNOLOGYINC_11_16_2009-EX-10.2-INTELLECTUAL PROPERTY AGREEMENT between SONY ELECTRONICS INC. and GSI TECHNOLOGY, INC.",5558,21,24,24,1.0
test,paragraph_350_overlap_50,MusclepharmCorp_20170208_10-KA_EX-10.38_9893581_EX-10.38_Co-Branding Agreement,13393,52,72,72,1.0
test,paragraph_350_overlap_50,"PAXMEDICA,INC_07_02_2020-EX-10.12-Master Service Agreement",2694,11,21,21,1.0
test,paragraph_350_overlap_50,"DRIVENDELIVERIES,INC_05_22_2020-EX-10.4-CONSULTING AGREEMENT",4188,15,24,23,0.9583333333333334
test,paragraph_350_overlap_50,"HALITRON,INC_03_01_2005-EX-10.15-SPONSORSHIP AND DEVELOPMENT AGREEMENT",4429,15,32,31,0.96875
test,paragraph_350_overlap_50,WestPharmaceuticalServicesInc_20200116_8-K_EX-10.1_11947529_EX-10.1_Supply Agreement,12651,45,43,42,0.9767441860465116
test,paragraph_350_overlap_50,PANDIONTHERAPEUTICSHOLDCOLLC_05_22_2020-EX-10.17-CONSULTING AGREEMENT,3527,12,23,23,1.0
test,paragraph_350_overlap_50,BizzingoInc_20120322_8-K_EX-10.17_7504499_EX-10.17_Endorsement Agreement,3696,14,23,23,1.0
test,paragraph_350_overlap_50,PHLVARIABLEINSURANCECOCT_08_17_2009-EX-10.1-STRATEGIC ALLIANCE AGREEMENT,15724,51,26,24,0.9230769230769231
test,paragraph_350_overlap_50,"MFAFINANCIAL,INC_07_06_2020-EX-99.D-JOINT FILING AGREEMENT",578,2,21,21,1.0
test,paragraph_350_overlap_50,PROFOUNDMEDICALCORP_08_29_2019-EX-4.5-SUPPLY AGREEMENT,10152,40,32,32,1.0
test,paragraph_350_overlap_50,TRICITYBANKSHARESCORP_05_15_1998-EX-10-OUTSOURCING AGREEMENT,15402,52,38,37,0.9736842105263158
test,paragraph_350_overlap_50,"HC2HOLDINGS,INC_05_14_2020-EX-10.1-COOPERATION AGREEMENT",8562,33,16,16,1.0
test,paragraph_350_overlap_50,Monsanto Company - SECOND A_R EXCLUSIVE AGENCY AND MARKETING AGREEMENT ,33833,113,95,95,1.0
test,paragraph_350_overlap_50,ElPolloLocoHoldingsInc_20200306_10-K_EX-10.16_12041700_EX-10.16_Development Agreement,9315,31,33,33,1.0
test,paragraph_350_overlap_50,ACCELERATEDTECHNOLOGIESHOLDINGCORP_04_24_2003-EX-10.13-JOINT VENTURE AGREEMENT,1911,7,13,13,1.0
test,paragraph_350_overlap_50,SEASPINEHOLDINGSCORP_10_10_2018-EX-10.1-SUPPLY AGREEMENT,10675,37,37,37,1.0
test,paragraph_350_overlap_50,HfEnterprisesInc_20191223_S-1_EX-10.22_11931299_EX-10.22_Development Agreement,2923,11,23,23,1.0
test,paragraph_350_overlap_50,ICORECONNECTINC_10_13_2010-EX-7.1-Strategic Alliance Agreement,3913,13,21,21,1.0
test,paragraph_350_overlap_50,TEARDROPGOLFCO_10_23_1996-EX-10.12-ENDORSEMENT AGREEMENT,3682,13,24,24,1.0
test,paragraph_350_overlap_50,ScansourceInc_20190822_10-K_EX-10.39_11793959_EX-10.39_Distributor Agreement,1605,6,7,7,1.0
test,paragraph_350_overlap_50,LOOKSMARTLTD_07_20_2012-EX-99.(D)(I)-SPONSORSHIP AGREEMENT,3945,14,14,14,1.0
test,paragraph_350_overlap_50,PcquoteComInc_19990721_S-1A_EX-10.11_6377149_EX-10.11_Co-Branding Agreement2,123,1,7,7,1.0
test,paragraph_350_overlap_50,IMPCOTECHNOLOGIESINC_04_15_2003-EX-10.65-JOINT VENTURE AGREEMENT,10211,40,22,22,1.0
test,paragraph_350_overlap_50,EbixInc_20010515_10-Q_EX-10.3_4049767_EX-10.3_Co-Branding Agreement,6272,21,28,28,1.0
test,paragraph_350_overlap_50,EcoScienceSolutionsInc_20180406_8-K_EX-10.1_11135398_EX-10.1_Sponsorship Agreement,1236,5,11,11,1.0
test,paragraph_350_overlap_50,"GOOSEHEADINSURANCE,INC_04_02_2018-EX-10.6-Franchise Agreement",47733,169,97,95,0.979381443298969
test,paragraph_350_overlap_50,IdeanomicsInc_20151124_8-K_EX-10.2_9354744_EX-10.2_Content License Agreement,5426,23,24,24,1.0
test,paragraph_350_overlap_50,"PRECIGEN,INC_01_22_2020-EX-99.1-JOINT FILING AGREEMENT",145,1,4,4,1.0
test,paragraph_350_overlap_50,PhotronicsInc_20171219_10-QA_EX-10.28_10982650_EX-10.28_Outsourcing Agreement,3937,15,19,19,1.0
test,paragraph_350_overlap_50,EMERALDHEALTHTHERAPEUTICSINC_06_10_2020-EX-4.5-CONSULTING AGREEMENT - DR. GAETANO MORELLO N.D. INC.,3192,13,13,13,1.0
test,paragraph_350_overlap_50,PcquoteComInc_19990721_S-1A_EX-10.11_6377149_EX-10.11_Co-Branding Agreement1,3025,10,15,15,1.0
test,paragraph_350_overlap_50,ALCOSTORESINC_12_14_2005-EX-10.26-AGENCY AGREEMENT,1807,6,11,11,1.0
test,paragraph_350_overlap_50,INGEVITYCORP_05_16_2016-EX-10.5-INTELLECTUAL PROPERTY AGREEMENT,9967,36,41,41,1.0
test,paragraph_350_overlap_50,"NOVOINTEGRATEDSCIENCES,INC_12_23_2019-EX-10.1-JOINT VENTURE AGREEMENT",3412,13,19,19,1.0
test,paragraph_350_overlap_50,XinhuaSportsEntertainmentLtd_20070221_F-1_EX-99.4_645553_EX-99.4_Content License Agreement,2472,8,26,26,1.0
test,paragraph_350_overlap_50,MERITLIFEINSURANCECO_06_19_2020-EX-10.(XIV)-MASTER SERVICES AGREEMENT,3328,16,24,24,1.0
test,paragraph_400_overlap_75,LohaCompanyltd_20191209_F-1_EX-10.16_11917878_EX-10.16_Supply Agreement,1880,7,7,7,1.0
test,paragraph_400_overlap_75,CENTRACKINTERNATIONALINC_10_29_1999-EX-10.3-WEB SITE HOSTING AGREEMENT,2280,7,17,17,1.0
test,paragraph_400_overlap_75,DovaPharmaceuticalsInc_20181108_10-Q_EX-10.2_11414857_EX-10.2_Promotion Agreement,26789,79,51,50,0.9803921568627451
test,paragraph_400_overlap_75,"PACIRA PHARMACEUTICALS, INC. - A_R STRATEGIC LICENSING, DISTRIBUTION AND MARKETING AGREEMENT ",22756,67,83,82,0.9879518072289156
test,paragraph_400_overlap_75,ThriventVariableInsuranceAccountB_20190701_N-6_EX-99.D(IV)_11720968_EX-99.D(IV)_Endorsement Agreement,735,2,5,5,1.0
test,paragraph_400_overlap_75,"HERTZGLOBALHOLDINGS,INC_07_07_2016-EX-10.4-INTELLECTUAL PROPERTY AGREEMENT",4904,18,30,30,1.0
test,paragraph_400_overlap_75,TUNIUCORP_03_06_2014-EX-10-COOPERATION AGREEMENT,2760,8,21,21,1.0
test,paragraph_400_overlap_75,CYBERIANOUTPOSTINC_07_09_1998-EX-10.13-PROMOTION AGREEMENT,3450,10,22,22,1.0
test,paragraph_400_overlap_75,MSCIINC_02_28_2008-EX-10.10-,1851,6,18,18,1.0
test,paragraph_400_overlap_75,CHERRYHILLMORTGAGEINVESTMENTCORP_09_26_2013-EX-10.1-Strategic Alliance Agreement,4441,13,9,9,1.0
test,paragraph_400_overlap_75,"WASTE2ENERGYHOLDINGS,INC_06_03_2010-EX-10.2-STRATEGIC ALLIANCE AGREEMENT",6187,18,16,16,1.0
test,paragraph_400_overlap_75,GridironBionutrientsInc_20171206_8-K_EX-10.2_10972556_EX-10.2_Endorsement Agreement,529,2,12,12,1.0
test,paragraph_400_overlap_75,FreezeTagInc_20180411_8-K_EX-10.1_11139603_EX-10.1_Sponsorship Agreement,4102,13,23,23,1.0
test,paragraph_400_overlap_75,WEBHELPCOMINC_03_22_2000-EX-10.8-HOSTING AGREEMENT,2955,10,20,20,1.0
test,paragraph_400_overlap_75,"Columbia Laboratories, (Bermuda) Ltd. - AMEND NO. 2 TO MANUFACTURING AND SUPPLY AGREEMENT",7145,21,21,21,1.0
test,paragraph_400_overlap_75,N2KINC_10_16_1997-EX-10.16-SPONSORSHIP AGREEMENT,5558,16,40,40,1.0
test,paragraph_400_overlap_75,ArconicRolledProductsCorp_20191217_10-12B_EX-2.7_11923804_EX-2.7_Trademark License Agreement,2828,9,20,20,1.0
test,paragraph_400_overlap_75,STWRESOURCESHOLDINGCORP_08_06_2014-EX-10.1-COOPERATION AGREEMENT,4448,16,25,25,1.0
test,paragraph_400_overlap_75,HarpoonTherapeuticsInc_20200312_10-K_EX-10.18_12051356_EX-10.18_Development Agreement,38518,118,70,70,1.0
test,paragraph_400_overlap_75,CardlyticsInc_20180112_S-1_EX-10.16_11002987_EX-10.16_Maintenance Agreement3,251,1,7,7,1.0
test,paragraph_400_overlap_75,AIRSPANNETWORKSINC_04_11_2000-EX-10.5-Distributor Agreement,10292,30,43,43,1.0
test,paragraph_400_overlap_75,GRANTIERRAENERGYINC_05_07_2012-EX-10.6-TRANSPORTATION CONTRACT,35339,113,33,33,1.0
test,paragraph_400_overlap_75,"VIVINT SOLAR, INC. - NON-COMPETITION AGREEMENT",506,2,8,8,1.0
test,paragraph_400_overlap_75,CHIPMOSTECHNOLOGIESBERMUDALTD_04_18_2016-EX-4.72-Strategic Alliance Agreement,2026,6,11,11,1.0
test,paragraph_400_overlap_75,RitterPharmaceuticalsInc_20200313_S-4A_EX-10.54_12055220_EX-10.54_Development Agreement,18871,64,49,49,1.0
test,paragraph_400_overlap_75,AMBASSADOREYEWEARGROUPINC_11_17_1997-EX-10.28-ENDORSEMENT AGREEMENT,5780,18,40,40,1.0
test,paragraph_400_overlap_75,USASYNTHETICFUELCORP_10_21_2010-EX-10.10-STRATEGIC ALLIANCE AGREEMENT,8033,29,19,19,1.0
test,paragraph_400_overlap_75,WESTERN COPPER - NON-COMPETITION AGREEMENT,2626,8,17,17,1.0
test,paragraph_400_overlap_75,"HEMISPHERX - Sales, Marketing, Distribution, and Supply Agreement",10901,37,43,43,1.0
test,paragraph_400_overlap_75,MphaseTechnologiesInc_20030911_10-K_EX-10.15_1560667_EX-10.15_Co-Branding Agreement,1169,4,14,14,1.0
test,paragraph_400_overlap_75,"BABCOCK_WILCOXENTERPRISES,INC_08_04_2015-EX-10.17-INTELLECTUAL PROPERTY AGREEMENT between THE BABCOCK _ WILCOX COMPANY and BABCOCK _ WILCOX ENTERPRISES, INC.",16565,49,55,55,1.0
test,paragraph_400_overlap_75,"VAPOTHERM, INC. - Manufacturing and Supply Agreement",11847,34,24,24,1.0
test,paragraph_400_overlap_75,PLAYAHOTELS_RESORTSNV_03_14_2017-EX-10.22-STRATEGIC ALLIANCE AGREEMENT (Hyatt Ziva Cancun),3543,11,17,17,1.0
test,paragraph_400_overlap_75,"SPOKHOLDINGS,INC_06_19_2020-EX-10.1-COOPERATION AGREEMENT",2842,9,13,13,1.0
test,paragraph_400_overlap_75,RMRGROUPINC_01_22_2020-EX-99.1-JOINT FILING AGREEMENT,109,1,4,4,1.0
test,paragraph_400_overlap_75,PRIMEENERGYRESOURCESCORP_04_02_2007-EX-10.28-COMPLETION AND LIQUIDITY MAINTENANCE AGREEMENT,742,2,10,10,1.0
test,paragraph_400_overlap_75,AgapeAtpCorp_20191202_10-KA_EX-10.1_11911128_EX-10.1_Supply Agreement,3292,10,31,31,1.0
test,paragraph_400_overlap_75,PhoenixNewMediaLtd_20110421_F-1_EX-10.17_6958322_EX-10.17_Content License Agreement,3908,13,20,20,1.0
test,paragraph_400_overlap_75,"ONEMAINHOLDINGS,INC_02_20_2020-EX-99.D-JOINT FILING AGREEMENT",944,3,15,15,1.0
test,paragraph_400_overlap_75,BerkshireHillsBancorpInc_20120809_10-Q_EX-10.16_7708169_EX-10.16_Endorsement Agreement,4466,14,23,23,1.0
test,paragraph_400_overlap_75,VALENCETECHNOLOGYINC_02_14_2003-EX-10-JOINT VENTURE CONTRACT,11008,31,24,24,1.0
test,paragraph_400_overlap_75,Quaker Chemical Corporation - NON COMPETITION AND NON SOLICITATION AGREEMENT,3488,13,21,21,1.0
test,paragraph_400_overlap_75,GpaqAcquisitionHoldingsInc_20200123_S-4A_EX-10.8_11951679_EX-10.8_Service Agreement,8649,29,28,28,1.0
test,paragraph_400_overlap_75,"SUCAMPOPHARMACEUTICALS,INC_11_04_2015-EX-10.2-STRATEGIC ALLIANCE AGREEMENT",9629,32,14,14,1.0
test,paragraph_400_overlap_75,KENTUCKYUTILITIESCO_03_25_2003-EX-10.65-TRANSPORTATION AGREEMENT,2578,10,15,15,1.0
test,paragraph_400_overlap_75,AFSALABANCORPINC_08_01_1996-EX-1.1-AGENCY AGREEMENT,17813,53,22,21,0.9545454545454546
test,paragraph_400_overlap_75,SigaTechnologiesInc_20190603_8-K_EX-10.1_11695818_EX-10.1_Promotion Agreement,22348,76,42,42,1.0
test,paragraph_400_overlap_75,HPILHOLDING_01_07_2015-EX-99.1-COOPERATION AGREEMENT,2626,9,14,14,1.0
test,paragraph_400_overlap_75,FEDERATEDGOVERNMENTINCOMESECURITIESINC_04_28_2020-EX-99.SERV AGREE-SERVICES AGREEMENT_POWEROF,2213,8,9,9,1.0
test,paragraph_400_overlap_75,"CURAEGISTECHNOLOGIES,INC_05_26_2010-EX-1-CORPORATE SPONSORSHIP AGREEMENT",1975,6,19,19,1.0
test,paragraph_400_overlap_75,GridironBionutrientsInc_20171206_8-K_EX-10.1_10972555_EX-10.1_Endorsement Agreement,4601,14,29,29,1.0
test,paragraph_400_overlap_75,WOMENSGOLFUNLIMITEDINC_03_29_2000-EX-10.13-ENDORSEMENT AGREEMENT,4539,13,48,48,1.0
test,paragraph_400_overlap_75,ScansourceInc_20190509_10-Q_EX-10.2_11661422_EX-10.2_Distributor Agreement,2131,6,21,21,1.0
test,paragraph_400_overlap_75,SoupmanInc_20150814_8-K_EX-10.1_9230148_EX-10.1_Franchise Agreement4,492,2,4,4,1.0
test,paragraph_400_overlap_75,BOLIVARMININGCORP_05_23_2003-EX-2.1-VISP WEB SITE BUILDING AND HOSTING AGREEMENT,1736,6,14,14,1.0
test,paragraph_400_overlap_75,"GALERATHERAPEUTICS,INC_02_14_2020-EX-99.A-JOINT FILING AGREEMENT",623,2,14,14,1.0
test,paragraph_400_overlap_75,"Reinsurance Group of America, Incorporated - A_R REMARKETING  AGREEMENT",16074,48,21,21,1.0
test,paragraph_400_overlap_75,PaperexchangeComInc_20000322_S-1A_EX-10.4_5202103_EX-10.4_Co-Branding Agreement,12480,37,62,62,1.0
test,paragraph_400_overlap_75,BIOPURECORP_06_30_1999-EX-10.13-AGENCY AGREEMENT,5757,17,28,28,1.0
test,paragraph_400_overlap_75,TRIZETTOGROUPINC_08_18_1999-EX-10.17-TECHNICAL INFRASTRUCTURE MAINTENANCE AGREEMENT,2208,7,18,18,1.0
test,paragraph_400_overlap_75,"SPIENERGYCO,LTD_07_10_2014-EX-10-Cooperation Agreement of 50MWp Photovoltaic Grid-connected Power Generation Project in Yangqiao of~1",413,2,6,6,1.0
test,paragraph_400_overlap_75,SoupmanInc_20150814_8-K_EX-10.1_9230148_EX-10.1_Franchise Agreement1,22750,78,81,80,0.9876543209876543
test,paragraph_400_overlap_75,IntegrityMediaInc_20010329_10-K405_EX-10.17_2373875_EX-10.17_Co-Branding Agreement,3545,11,30,30,1.0
test,paragraph_400_overlap_75,WatchitMediaInc_20061201_8-K_EX-10.1_4148672_EX-10.1_Content License Agreement,342,1,8,8,1.0
test,paragraph_400_overlap_75,"OMINTO,INC_03_29_2004-EX-10-RESELLER AGREEMENT",3983,11,22,22,1.0
test,paragraph_400_overlap_75,"GSITECHNOLOGYINC_11_16_2009-EX-10.2-INTELLECTUAL PROPERTY AGREEMENT between SONY ELECTRONICS INC. and GSI TECHNOLOGY, INC.",5558,19,24,24,1.0
test,paragraph_400_overlap_75,MusclepharmCorp_20170208_10-KA_EX-10.38_9893581_EX-10.38_Co-Branding Agreement,13393,47,72,72,1.0
test,paragraph_400_overlap_75,"PAXMEDICA,INC_07_02_2020-EX-10.12-Master Service Agreement",2694,9,21,21,1.0
test,paragraph_400_overlap_75,"DRIVENDELIVERIES,INC_05_22_2020-EX-10.4-CONSULTING AGREEMENT",4188,13,24,24,1.0
test,paragraph_400_overlap_75,"HALITRON,INC_03_01_2005-EX-10.15-SPONSORSHIP AND DEVELOPMENT AGREEMENT",4429,14,32,32,1.0
test,paragraph_400_overlap_75,WestPharmaceuticalServicesInc_20200116_8-K_EX-10.1_11947529_EX-10.1_Supply Agreement,12651,38,43,43,1.0
test,paragraph_400_overlap_75,PANDIONTHERAPEUTICSHOLDCOLLC_05_22_2020-EX-10.17-CONSULTING AGREEMENT,3527,11,23,23,1.0
test,paragraph_400_overlap_75,BizzingoInc_20120322_8-K_EX-10.17_7504499_EX-10.17_Endorsement Agreement,3696,13,23,23,1.0
test,paragraph_400_overlap_75,PHLVARIABLEINSURANCECOCT_08_17_2009-EX-10.1-STRATEGIC ALLIANCE AGREEMENT,15724,46,26,26,1.0
test,paragraph_400_overlap_75,"MFAFINANCIAL,INC_07_06_2020-EX-99.D-JOINT FILING AGREEMENT",578,2,21,21,1.0
test,paragraph_400_overlap_75,PROFOUNDMEDICALCORP_08_29_2019-EX-4.5-SUPPLY AGREEMENT,10152,36,32,32,1.0
test,paragraph_400_overlap_75,TRICITYBANKSHARESCORP_05_15_1998-EX-10-OUTSOURCING AGREEMENT,15402,45,38,37,0.9736842105263158
test,paragraph_400_overlap_75,"HC2HOLDINGS,INC_05_14_2020-EX-10.1-COOPERATION AGREEMENT",8562,28,16,16,1.0
test,paragraph_400_overlap_75,Monsanto Company - SECOND A_R EXCLUSIVE AGENCY AND MARKETING AGREEMENT ,33833,99,95,95,1.0
test,paragraph_400_overlap_75,ElPolloLocoHoldingsInc_20200306_10-K_EX-10.16_12041700_EX-10.16_Development Agreement,9315,29,33,33,1.0
test,paragraph_400_overlap_75,ACCELERATEDTECHNOLOGIESHOLDINGCORP_04_24_2003-EX-10.13-JOINT VENTURE AGREEMENT,1911,6,13,13,1.0
test,paragraph_400_overlap_75,SEASPINEHOLDINGSCORP_10_10_2018-EX-10.1-SUPPLY AGREEMENT,10675,32,37,37,1.0
test,paragraph_400_overlap_75,HfEnterprisesInc_20191223_S-1_EX-10.22_11931299_EX-10.22_Development Agreement,2923,9,23,23,1.0
test,paragraph_400_overlap_75,ICORECONNECTINC_10_13_2010-EX-7.1-Strategic Alliance Agreement,3913,12,21,21,1.0
test,paragraph_400_overlap_75,TEARDROPGOLFCO_10_23_1996-EX-10.12-ENDORSEMENT AGREEMENT,3682,11,24,24,1.0
test,paragraph_400_overlap_75,ScansourceInc_20190822_10-K_EX-10.39_11793959_EX-10.39_Distributor Agreement,1605,5,7,7,1.0
test,paragraph_400_overlap_75,LOOKSMARTLTD_07_20_2012-EX-99.(D)(I)-SPONSORSHIP AGREEMENT,3945,13,14,14,1.0
test,paragraph_400_overlap_75,PcquoteComInc_19990721_S-1A_EX-10.11_6377149_EX-10.11_Co-Branding Agreement2,123,1,7,7,1.0
test,paragraph_400_overlap_75,IMPCOTECHNOLOGIESINC_04_15_2003-EX-10.65-JOINT VENTURE AGREEMENT,10211,32,22,22,1.0
test,paragraph_400_overlap_75,EbixInc_20010515_10-Q_EX-10.3_4049767_EX-10.3_Co-Branding Agreement,6272,18,28,28,1.0
test,paragraph_400_overlap_75,EcoScienceSolutionsInc_20180406_8-K_EX-10.1_11135398_EX-10.1_Sponsorship Agreement,1236,4,11,11,1.0
test,paragraph_400_overlap_75,"GOOSEHEADINSURANCE,INC_04_02_2018-EX-10.6-Franchise Agreement",47733,157,97,96,0.9896907216494846
test,paragraph_400_overlap_75,IdeanomicsInc_20151124_8-K_EX-10.2_9354744_EX-10.2_Content License Agreement,5426,21,24,24,1.0
test,paragraph_400_overlap_75,"PRECIGEN,INC_01_22_2020-EX-99.1-JOINT FILING AGREEMENT",145,1,4,4,1.0
test,paragraph_400_overlap_75,PhotronicsInc_20171219_10-QA_EX-10.28_10982650_EX-10.28_Outsourcing Agreement,3937,12,19,19,1.0
test,paragraph_400_overlap_75,EMERALDHEALTHTHERAPEUTICSINC_06_10_2020-EX-4.5-CONSULTING AGREEMENT - DR. GAETANO MORELLO N.D. INC.,3192,11,13,13,1.0
test,paragraph_400_overlap_75,PcquoteComInc_19990721_S-1A_EX-10.11_6377149_EX-10.11_Co-Branding Agreement1,3025,9,15,15,1.0
test,paragraph_400_overlap_75,ALCOSTORESINC_12_14_2005-EX-10.26-AGENCY AGREEMENT,1807,6,11,11,1.0
test,paragraph_400_overlap_75,INGEVITYCORP_05_16_2016-EX-10.5-INTELLECTUAL PROPERTY AGREEMENT,9967,34,41,41,1.0
test,paragraph_400_overlap_75,"NOVOINTEGRATEDSCIENCES,INC_12_23_2019-EX-10.1-JOINT VENTURE AGREEMENT",3412,11,19,19,1.0
test,paragraph_400_overlap_75,XinhuaSportsEntertainmentLtd_20070221_F-1_EX-99.4_645553_EX-99.4_Content License Agreement,2472,7,26,26,1.0
test,paragraph_400_overlap_75,MERITLIFEINSURANCECO_06_19_2020-EX-10.(XIV)-MASTER SERVICES AGREEMENT,3328,11,24,24,1.0
train,paragraph_300_overlap_50,LIMEENERGYCO_09_09_1999-EX-10-DISTRIBUTOR AGREEMENT,5998,26,46,46,1.0
train,paragraph_300_overlap_50,"WHITESMOKE,INC_11_08_2011-EX-10.26-PROMOTION AND DISTRIBUTION AGREEMENT",11313,50,27,27,1.0
train,paragraph_300_overlap_50,NELNETINC_04_08_2020-EX-1-JOINT FILING AGREEMENT,170,1,4,4,1.0
train,paragraph_300_overlap_50,ADAMSGOLFINC_03_21_2005-EX-10.17-ENDORSEMENT AGREEMENT,3770,15,23,23,1.0
train,paragraph_300_overlap_50,"KIROMICBIOPHARMA,INC_05_11_2020-EX-10.23-CONSULTING AGREEMENT",2766,11,24,24,1.0
train,paragraph_300_overlap_50,"VEONEER,INC_02_21_2020-EX-10.11-JOINT VENTURE AGREEMENT",1334,6,16,16,1.0
train,paragraph_300_overlap_50,"MetLife, Inc. - Remarketing Agreement",17518,76,16,16,1.0
train,paragraph_300_overlap_50,"FTENETWORKS,INC_02_18_2016-EX-99.4-STRATEGIC ALLIANCE AGREEMENT",5761,26,33,33,1.0
train,paragraph_300_overlap_50,DOMINIADVISORTRUST_02_18_2005-EX-99.(H)(2)-SPONSORSHIP AGREEMENT,1847,8,13,13,1.0
train,paragraph_300_overlap_50,PfHospitalityGroupInc_20150923_10-12G_EX-10.1_9266710_EX-10.1_Franchise Agreement3,1014,4,12,12,1.0
train,paragraph_300_overlap_50,CerenceInc_20191002_8-K_EX-10.4_11827494_EX-10.4_Intellectual Property Agreement,9608,41,40,40,1.0
train,paragraph_300_overlap_50,ReynoldsConsumerProductsInc_20191115_S-1_EX-10.18_11896469_EX-10.18_Supply Agreement,9599,43,26,26,1.0
train,paragraph_300_overlap_50,IntegrityFunds_20200121_485BPOS_EX-99.E UNDR CONTR_11948727_EX-99.E UNDR CONTR_Service Agreement,3784,16,12,12,1.0
train,paragraph_300_overlap_50,PREMIERBIOMEDICALINC_05_14_2020-EX-10.2-INTELLECTUAL PROPERTY AGREEMENT,3596,14,22,22,1.0
train,paragraph_300_overlap_50,"SIBANNAC,INC_12_04_2017-EX-2.1-Strategic Alliance Agreement",1236,6,14,14,1.0
train,paragraph_300_overlap_50,INTRICONCORP_03_10_2009-EX-10.22-Strategic Alliance Agreement,7774,32,35,35,1.0
train,paragraph_300_overlap_50,BONTONSTORESINC_04_20_2018-EX-99.3-AGENCY AGREEMENT,26842,109,43,43,1.0
train,paragraph_300_overlap_50,"ON2TECHNOLOGIES,INC_11_17_2006-EX-10.3-SUPPORT AND MAINTENANCE AGREEMENT",8844,36,17,17,1.0
train,paragraph_300_overlap_50,Freecook_20180605_S-1_EX-10.3_11233807_EX-10.3_Hosting Agreement,997,4,10,10,1.0
train,paragraph_300_overlap_50,OPERALTD_04_30_2020-EX-4.14-SERVICE AGREEMENT,3326,15,21,21,1.0
train,paragraph_300_overlap_50,"BORROWMONEYCOM,INC_06_11_2020-EX-10.1-JOINT VENTURE AGREEMENT",3507,18,11,11,1.0
train,paragraph_300_overlap_50,ZEBRATECHNOLOGIESCORP_04_16_2014-EX-10.1-INTELLECTUAL PROPERTY AGREEMENT,19581,83,45,42,0.9333333333333333
train,paragraph_300_overlap_50,ChinaRealEstateInformationCorp_20090929_F-1_EX-10.32_4771615_EX-10.32_Content License Agreement,7522,30,24,24,1.0
train,paragraph_300_overlap_50,GLOBALTECHNOLOGIESLTD_06_08_2020-EX-10.16-CONSULTING AGREEMENT,3199,13,12,12,1.0
train,paragraph_300_overlap_50,PfHospitalityGroupInc_20150923_10-12G_EX-10.1_9266710_EX-10.1_Franchise Agreement1,24389,105,84,82,0.9761904761904762
train,paragraph_300_overlap_50,CORIOINC_07_20_2000-EX-10.5-LICENSE AND HOSTING AGREEMENT,8396,34,53,52,0.9811320754716981
train,paragraph_300_overlap_50,SENMIAOTECHNOLOGYLTD_02_19_2019-EX-10.5-Collaboration Agreement,11876,50,33,33,1.0
train,paragraph_300_overlap_50,HealthcareIntegratedTechnologiesInc_20190812_8-K_EX-10.1_11776966_EX-10.1_Reseller Agreement,3519,15,22,22,1.0
train,paragraph_300_overlap_50,LOYALTYPOINTINC_11_16_2004-EX-10.2-RESELLER AGREEMENT,12890,52,30,30,1.0
train,paragraph_300_overlap_50,BNCMORTGAGEINC_05_17_1999-EX-10.4-LICENSING AND WEB SITE HOSTING AGREEMENT,4739,19,17,17,1.0
train,paragraph_300_overlap_50,ENERGOUSCORP_03_16_2017-EX-10.24-STRATEGIC ALLIANCE AGREEMENT,12422,55,67,66,0.9850746268656716
train,paragraph_300_overlap_50,CytodynInc_20200109_10-Q_EX-10.5_11941634_EX-10.5_License Agreement,24801,107,52,51,0.9807692307692307
train,paragraph_300_overlap_50,NICELTD_06_26_2003-EX-4.5-OUTSOURCING AGREEMENT,18608,74,29,29,1.0
train,paragraph_300_overlap_50,ImpresseCorp_20000322_S-1A_EX-10.11_5199234_EX-10.11_Co-Branding Agreement,7249,29,32,32,1.0
train,paragraph_300_overlap_50,AlliedEsportsEntertainmentInc_20190815_8-K_EX-10.19_11788293_EX-10.19_Content License Agreement,5471,23,30,30,1.0
train,paragraph_300_overlap_50,CreditcardscomInc_20070810_S-1_EX-10.33_362297_EX-10.33_Affiliate Agreement,4045,18,13,13,1.0
train,paragraph_300_overlap_50,GALACTICOMMTECHNOLOGIESINC_11_07_1997-EX-10.46-WEB HOSTING AGREEMENT,223,1,5,5,1.0
train,paragraph_300_overlap_50,"Zounds Hearing, Inc. - MANUFACTURING DESIGN MARKETING AGREEMENT",6897,29,31,30,0.967741935483871
train,paragraph_300_overlap_50,CUROGROUPHOLDINGSCORP_05_04_2020-EX-10.3-SERVICING AGREEMENT,5793,25,12,12,1.0
train,paragraph_300_overlap_50,SouthernStarEnergyInc_20051202_SB-2A_EX-9_801890_EX-9_Affiliate Agreement,3607,14,17,17,1.0
train,paragraph_300_overlap_50,ConformisInc_20191101_10-Q_EX-10.6_11861402_EX-10.6_Development Agreement,9583,44,33,33,1.0
train,paragraph_300_overlap_50,Principal Life Insurance Company - Broker Dealer Marketing and Servicing Agreement,4366,20,15,15,1.0
train,paragraph_300_overlap_50,LegacyEducationAllianceInc_20200330_10-K_EX-10.18_12090678_EX-10.18_Development Agreement,7337,31,49,49,1.0
train,paragraph_300_overlap_50,VerizonAbsLlc_20200123_8-K_EX-10.4_11952335_EX-10.4_Service Agreement,45143,176,26,26,1.0
train,paragraph_300_overlap_50,VERICELCORP_08_06_2019-EX-10.10-SUPPLY AGREEMENT,15862,65,39,39,1.0
train,paragraph_300_overlap_50,WPPPLC_04_30_2020-EX-4.28-SERVICE AGREEMENT,10958,46,26,25,0.9615384615384616
train,paragraph_300_overlap_50,WORLDWIDESTRATEGIESINC_11_02_2005-EX-10-RESELLER AGREEMENT,10830,43,43,43,1.0
train,paragraph_300_overlap_50,FEDERATEDGOVERNMENTINCOMESECURITIESINC_04_28_2020-EX-99.SERV AGREE-SERVICES AGREEMENT_SECONDAMENDMENT,820,4,8,8,1.0
train,paragraph_300_overlap_50,AzulSa_20170303_F-1A_EX-10.3_9943903_EX-10.3_Maintenance Agreement2,2549,10,13,13,1.0
train,paragraph_300_overlap_50,PelicanDeliversInc_20200211_S-1_EX-10.3_11975895_EX-10.3_Development Agreement1,2820,14,6,6,1.0
train,paragraph_300_overlap_50,ORBSATCORP_08_17_2007-EX-7.3-STRATEGIC ALLIANCE AGREEMENT,2909,12,19,19,1.0
train,paragraph_300_overlap_50,DRAGONSYSTEMSINC_01_08_1999-EX-10.17-OUTSOURCING AGREEMENT,1088,4,13,13,1.0
train,paragraph_300_overlap_50,SEPARATEACCOUNTIIOFAGL_05_02_2011-EX-99.(J)(4)-UNCONDITIONAL CAPITAL MAINTENANCE AGREEMENT,2845,12,13,13,1.0
train,paragraph_300_overlap_50,ImperialGardenResortInc_20161028_DRS (on F-1)_EX-10.13_9963189_EX-10.13_Outsourcing Agreement,1849,9,7,7,1.0
train,paragraph_300_overlap_50,"VIRGINGALACTICHOLDINGS,INC_04_08_2020-EX-99.1-JOINT FILING STATEMENT",188,1,6,6,1.0
train,paragraph_300_overlap_50,FuseMedicalInc_20190321_10-K_EX-10.43_11575454_EX-10.43_Distributor Agreement,5339,20,21,21,1.0
train,paragraph_300_overlap_50,ASPIRITYHOLDINGSLLC_05_07_2012-EX-10.6-OUTSOURCING AGREEMENT,10095,44,28,28,1.0
train,paragraph_300_overlap_50,"OASYSMOBILE,INC_07_05_2001-EX-10.17-OUTSOURCING AGREEMENT",8147,34,47,47,1.0
train,paragraph_300_overlap_50,MEDIWOUNDLTD_01_15_2014-EX-10.6-SUPPLY AGREEMENT,7708,36,27,27,1.0
train,paragraph_300_overlap_50,UpjohnInc_20200121_10-12G_EX-2.6_11948692_EX-2.6_Manufacturing Agreement_ Supply Agreement,33948,153,95,93,0.9789473684210527
train,paragraph_300_overlap_50,"Antares Pharma, Inc. - Manufacturing Agreement",16365,66,20,20,1.0
train,paragraph_300_overlap_50,RareElementResourcesLtd_20171019_SC 13D_EX-99.4_10897534_EX-99.4_Intellectual Property Agreement,5415,25,33,33,1.0
train,paragraph_300_overlap_50,VARIABLESEPARATEACCOUNT_04_30_2014-EX-13.C-UNCONDITIONAL CAPITAL MAINTENANCE AGREEMENT,2381,10,14,14,1.0
train,paragraph_300_overlap_50,ABILITYINC_06_15_2020-EX-4.25-SERVICES AGREEMENT,4115,17,16,16,1.0
train,paragraph_300_overlap_50,ELECTRAMECCANICA VEHICLES CORP. - Manufacturing Agreement,7251,32,30,30,1.0
train,paragraph_300_overlap_50,GopageCorp_20140221_10-K_EX-10.1_8432966_EX-10.1_Content License Agreement,6030,27,25,25,1.0
train,paragraph_300_overlap_50,BICYCLETHERAPEUTICSPLC_03_10_2020-EX-10.11-SERVICE AGREEMENT,9252,38,27,25,0.9259259259259259
train,paragraph_300_overlap_50,TELEGLOBEINTERNATIONALHOLDINGSLTD_03_29_2004-EX-10.10-CONSTRUCTION AND MAINTENANCE AGREEMENT,15095,67,62,62,1.0
train,paragraph_300_overlap_50,INTERNATIONALFASTFOODCORP_04_04_1997-EX-99-FRANCHISE AGREEMENT,16157,65,65,65,1.0
train,paragraph_300_overlap_50,BIOCEPTINC_08_19_2013-EX-10-COLLABORATION AGREEMENT,12142,50,40,40,1.0
train,paragraph_300_overlap_50,PACIFICSYSTEMSCONTROLTECHNOLOGYINC_08_24_2000-EX-10.53-SPONSORSHIP AGREEMENT,682,3,9,9,1.0
train,paragraph_300_overlap_50,NANOPHASETECHNOLOGIESCORP_11_01_2005-EX-99.1-DISTRIBUTOR AGREEMENT,7663,31,37,36,0.972972972972973
train,paragraph_300_overlap_50,AzulSa_20170303_F-1A_EX-10.3_9943903_EX-10.3_Maintenance Agreement1,34155,142,41,41,1.0
train,paragraph_300_overlap_50,PelicanDeliversInc_20200211_S-1_EX-10.3_11975895_EX-10.3_Development Agreement2,4870,21,21,21,1.0
train,paragraph_300_overlap_50,"NETGEAR,INC_04_21_2003-EX-10.16-AMENDMENT TO THE DISTRIBUTOR AGREEMENT BETWEEN INGRAM MICRO AND NETGEAR",973,4,8,8,1.0
train,paragraph_300_overlap_50,NEONSYSTEMSINC_03_01_1999-EX-10.5-DISTRIBUTOR AGREEMENT_Amendment,2848,12,32,32,1.0
train,paragraph_300_overlap_50,SPARKLINGSPRINGWATERHOLDINGSLTD_07_03_2002-EX-10.13-SOFTWARE LICENSE AND MAINTENANCE AGREEMENT,3885,16,28,28,1.0
train,paragraph_300_overlap_50,NUVEEN - REMARKETING AGREEMENT,11298,46,17,17,1.0
train,paragraph_300_overlap_50,SECURIANFUNDSTRUST_05_01_2012-EX-99.28.H.9-NET INVESTMENT INCOME MAINTENANCE AGREEMENT,1538,6,13,13,1.0
train,paragraph_300_overlap_50,WELLSFARGOMORTGAGEBACKEDSECURITIES2006-6TRUST_05_11_2006-EX-10.3-Yield Maintenance Agreement,5299,23,12,12,1.0
train,paragraph_300_overlap_50,REWALKROBOTICSLTD_07_10_2014-EX-10.2-STRATEGIC ALLIANCE AGREEMENT,2320,9,15,15,1.0
train,paragraph_300_overlap_50,PenntexMidstreamPartnersLp_20150416_S-1A_EX-10.4_9042833_EX-10.4_Transportation Agreement,7965,32,20,20,1.0
train,paragraph_300_overlap_50,FerroglobePlc_20150624_F-4A_EX-10.20_9154746_EX-10.20_Outsourcing Agreement,4627,17,13,13,1.0
train,paragraph_300_overlap_50,TodosMedicalLtd_20190328_20-F_EX-4.10_11587157_EX-4.10_Marketing Agreement_ Reseller Agreement,5066,21,31,31,1.0
train,paragraph_300_overlap_50,PrecheckHealthServicesInc_20200320_8-K_EX-99.2_12070169_EX-99.2_Distributor Agreement,970,5,13,13,1.0
train,paragraph_300_overlap_50,INKTOMICORP_06_08_1998-EX-10.14-SOFTWARE HOSTING AGREEMENT,9916,39,29,29,1.0
train,paragraph_300_overlap_50,"OAKTREECAPITALGROUP,LLC_03_02_2020-EX-10.8-Services Agreement",3194,12,14,14,1.0
train,paragraph_300_overlap_50,BANGIINC_05_25_2005-EX-10-Premium Managed Hosting Agreement,302,2,6,6,1.0
train,paragraph_300_overlap_50,AMERICANPHYSICIANSCAPITALINC_03_31_2003-EX-10.26-AGENCY AGREEMENT,2901,11,25,25,1.0
train,paragraph_300_overlap_50,GULFSOUTHMEDICALSUPPLYINC_12_24_1997-EX-4-AFFILIATE AGREEMENT,2765,11,9,9,1.0
train,paragraph_300_overlap_50,"BELLRINGBRANDS,INC_02_07_2020-EX-10.18-MASTER SUPPLY AGREEMENT",5813,25,28,28,1.0
train,paragraph_300_overlap_50,AimmuneTherapeuticsInc_20200205_8-K_EX-10.3_11967170_EX-10.3_Development Agreement,25298,104,56,54,0.9642857142857143
train,paragraph_300_overlap_50,HEALTHGATEDATACORP_11_24_1999-EX-10.1-HOSTING AND MANAGEMENT AGREEMENT (1),17975,68,51,50,0.9803921568627451
train,paragraph_300_overlap_50,"INTELLIGENTHIGHWAYSOLUTIONS,INC_01_18_2018-EX-10.1-Strategic Alliance Agreement",1217,6,14,14,1.0
train,paragraph_300_overlap_50,ATMOSENERGYCORP_11_22_2002-EX-10.17-TRANSPORTATION SERVICE AGREEMENT,2588,10,18,18,1.0
train,paragraph_300_overlap_50,PacificapEntertainmentHoldingsInc_20051115_8-KA_EX-1.01_4300894_EX-1.01_Content License Agreement,2500,10,15,15,1.0
train,paragraph_300_overlap_50,ReedsInc_20191113_10-Q_EX-10.4_11888303_EX-10.4_Development Agreement,4301,18,19,19,1.0
train,paragraph_300_overlap_50,RgcResourcesInc_20151216_8-K_EX-10.3_9372751_EX-10.3_Franchise Agreement,805,4,10,10,1.0
train,paragraph_300_overlap_50,"BELLICUMPHARMACEUTICALS,INC_05_07_2019-EX-10.1-Supply Agreement",28275,122,69,68,0.9855072463768116
train,paragraph_300_overlap_50,MARTINMIDSTREAMPARTNERSLP_01_23_2004-EX-10.3-TRANSPORTATION SERVICES AGREEMENT,2175,9,17,17,1.0
train,paragraph_300_overlap_50,RUBIOSRESTAURANTSINC_03_31_2008-EX-10.75-SPONSORSHIP AGREEMENT,5760,24,20,19,0.95
train,paragraph_300_overlap_50,CardlyticsInc_20180112_S-1_EX-10.16_11002987_EX-10.16_Maintenance Agreement2,387,2,6,6,1.0
train,paragraph_300_overlap_50,"XLITECHNOLOGIES,INC_12_11_2015-EX-10.1-Sponsorship Agreement",2851,12,16,16,1.0
train,paragraph_300_overlap_50,ScansourceInc_20190822_10-K_EX-10.38_11793958_EX-10.38_Distributor Agreement2,2044,8,18,18,1.0
train,paragraph_300_overlap_50,VERTEXENERGYINC_08_14_2014-EX-10.24-OPERATION AND MAINTENANCE AGREEMENT,8601,34,29,29,1.0
train,paragraph_300_overlap_50,NYLIACVARIABLEANNUITYSEPARATEACCOUNTIII_04_10_2020-EX-99.8.KK-SERVICE AGREEMENT,1072,4,12,12,1.0
train,paragraph_300_overlap_50,AlliedEsportsEntertainmentInc_20190815_8-K_EX-10.34_11788308_EX-10.34_Sponsorship Agreement,5852,24,25,25,1.0
train,paragraph_300_overlap_50,SLOVAKWIRELESSFINANCECOBV_03_28_2001-EX-4.(B)(II).3-Maintenance and support contract for SICAP(R) modules,3435,12,9,9,1.0
train,paragraph_300_overlap_50,ANIXABIOSCIENCESINC_06_09_2020-EX-10.1-COLLABORATION AGREEMENT,6178,26,31,31,1.0
train,paragraph_300_overlap_50,"ELFBEAUTY,INC_07_02_2020-EX-10.1-COOPERATION AGREEMENT",7265,32,17,17,1.0
train,paragraph_300_overlap_50,DigitalCinemaDestinationsCorp_20111220_S-1_EX-10.10_7346719_EX-10.10_Affiliate Agreement,16673,69,63,63,1.0
train,paragraph_300_overlap_50,VERTICALNETINC_04_01_2002-EX-10.19-MAINTENANCE AND SUPPORT AGREEMENT,10705,44,31,31,1.0
train,paragraph_300_overlap_50,TcPipelinesLp_20160226_10-K_EX-99.12_9454048_EX-99.12_Transportation Agreement,916,4,11,11,1.0
train,paragraph_300_overlap_50,HUBEIMINKANGPHARMACEUTICALLTD_09_19_2006-EX-10.1-OUTSOURCING AGREEMENT,1836,8,13,13,1.0
train,paragraph_300_overlap_50,ACCURAYINC_09_01_2010-EX-10.31-DISTRIBUTOR AGREEMENT,13349,56,30,30,1.0
train,paragraph_300_overlap_50,"MIDDLEBROOKPHARMACEUTICALS,INC_03_18_2010-EX-10.1-PROMOTION AGREEMENT",8879,37,23,23,1.0
train,paragraph_300_overlap_50,ArcGroupInc_20171211_8-K_EX-10.1_10976103_EX-10.1_Sponsorship Agreement,2622,11,9,9,1.0
train,paragraph_300_overlap_50,AtnInternationalInc_20191108_10-Q_EX-10.1_11878541_EX-10.1_Maintenance Agreement,34973,141,70,66,0.9428571428571428
train,paragraph_300_overlap_50,"SightLife Surgical, Inc. - STRATEGIC SALES _ MARKETING AGREEMENT",3604,15,23,23,1.0
train,paragraph_300_overlap_50,InmodeLtd_20190729_F-1A_EX-10.9_11743243_EX-10.9_Manufacturing Agreement,6122,26,23,23,1.0
train,paragraph_300_overlap_50,FUSIONPHARMACEUTICALSINC_06_05_2020-EX-10.17-Supply Agreement - FUSION,6318,27,29,29,1.0
train,paragraph_300_overlap_50,URSCORPNEW_03_17_2014-EX-99-COOPERATION AGREEMENT,6004,25,9,9,1.0
train,paragraph_300_overlap_50,GpaqAcquisitionHoldingsInc_20200123_S-4A_EX-10.6_11951677_EX-10.6_License Agreement,7187,31,45,45,1.0
train,paragraph_300_overlap_50,SalesforcecomInc_20171122_10-Q_EX-10.1_10961535_EX-10.1_Reseller Agreement,435,2,6,6,1.0
train,paragraph_300_overlap_50,SLINGERBAGINC_05_27_2020-EX-10.7-CONSULTING AGREEMENT,5346,23,15,15,1.0
train,paragraph_300_overlap_50,IGENEBIOTECHNOLOGYINC_05_13_2003-EX-1-JOINT VENTURE AGREEMENT,11330,47,28,28,1.0
train,paragraph_300_overlap_50,ENERGYXXILTD_05_08_2015-EX-10.13-Transportation AGREEMENT,9243,42,23,23,1.0
train,paragraph_300_overlap_50,EtonPharmaceuticalsInc_20191114_10-Q_EX-10.1_11893941_EX-10.1_Development Agreement,10256,46,27,27,1.0
train,paragraph_300_overlap_50,ScansourceInc_20190822_10-K_EX-10.38_11793958_EX-10.38_Distributor Agreement1,12904,51,42,41,0.9761904761904762
train,paragraph_300_overlap_50,CardlyticsInc_20180112_S-1_EX-10.16_11002987_EX-10.16_Maintenance Agreement1,25087,100,93,93,1.0
train,paragraph_300_overlap_50,"NETGEAR,INC_04_21_2003-EX-10.16-DISTRIBUTOR AGREEMENT",6029,24,45,45,1.0
train,paragraph_300_overlap_50,EcoScienceSolutionsInc_20171117_8-K_EX-10.1_10956472_EX-10.1_Endorsement Agreement,2843,11,17,17,1.0
train,paragraph_300_overlap_50,AMERICASSHOPPINGMALLINC_12_10_1999-EX-10.2-SITE DEVELOPMENT AND HOSTING AGREEMENT,2892,11,22,22,1.0
train,paragraph_300_overlap_50,DataCallTechnologies_20060918_SB-2A_EX-10.9_944510_EX-10.9_Content License Agreement,1666,6,22,22,1.0
train,paragraph_300_overlap_50,JINGWEIINTERNATIONALLTD_10_04_2007-EX-10.7-INTELLECTUAL PROPERTY AGREEMENT,2356,9,18,18,1.0
train,paragraph_300_overlap_50,FEDERATEDGOVERNMENTINCOMESECURITIESINC_04_28_2020-EX-99.SERV AGREE-SERVICES AGREEMENT,1762,8,13,11,0.8461538461538461
train,paragraph_300_overlap_50,MRSFIELDSORIGINALCOOKIESINC_01_29_1998-EX-10-FRANCHISE AGREEMENT,33705,138,78,77,0.9871794871794872
train,paragraph_300_overlap_50,PalmerSquareCapitalBdcInc_20200116_10-12GA_EX-10.6_11949289_EX-10.6_Trademark License Agreement,2306,10,19,19,1.0
train,paragraph_300_overlap_50,LUCIDINC_04_15_2011-EX-10.9-DISTRIBUTOR AGREEMENT,2351,11,20,20,1.0
train,paragraph_300_overlap_50,UsioInc_20040428_SB-2_EX-10.11_1723988_EX-10.11_Affiliate Agreement 2,3740,16,28,27,0.9642857142857143
train,paragraph_300_overlap_50,EmmisCommunicationsCorp_20191125_8-K_EX-10.6_11906433_EX-10.6_Marketing Agreement,2709,12,11,11,1.0
train,paragraph_300_overlap_50,ENTERTAINMENTGAMINGASIAINC_02_15_2005-EX-10.5-DISTRIBUTOR AGREEMENT,6920,27,38,37,0.9736842105263158
train,paragraph_300_overlap_50,"Magenta Therapeutics, Inc. - Master Development and Manufacturing Agreement",11308,46,33,33,1.0
train,paragraph_300_overlap_50,"GRIDIRONBIONUTRIENTS,INC_02_05_2020-EX-10.3-SUPPLY AGREEMENT",903,4,10,10,1.0
train,paragraph_300_overlap_50,PapaJohnsInternationalInc_20190617_8-K_EX-10.1_11707365_EX-10.1_Endorsement Agreement,10661,44,35,35,1.0
train,paragraph_300_overlap_50,SUMMAFOURINC_06_19_1998-EX-10.3-SOFTWARE LICENSE AND MAINTENANCE AGREEMENT,14158,53,34,33,0.9705882352941176
train,paragraph_300_overlap_50,MACROGENICSINC_08_02_2013-EX-10-COLLABORATION AGREEMENT,25333,99,51,50,0.9803921568627451
train,paragraph_300_overlap_50,GSVINC_05_15_1998-EX-10-SPONSORSHIP AGREEMENT,5880,22,22,22,1.0
train,paragraph_300_overlap_50,MorganStanleyDirectLendingFund_20191119_10-12GA_EX-10.5_11898508_EX-10.5_Trademark License Agreement,2438,10,27,27,1.0
train,paragraph_300_overlap_50,ELANDIAINTERNATIONALINC_04_25_2007-EX-10.21-Outsourcing Agreement,12396,45,25,25,1.0
train,paragraph_300_overlap_50,PareteumCorp_20081001_8-K_EX-99.1_2654808_EX-99.1_Hosting Agreement,10213,41,23,23,1.0
train,paragraph_300_overlap_50,PhasebioPharmaceuticalsInc_20200330_10-K_EX-10.21_12086810_EX-10.21_Development Agreement,45650,190,88,86,0.9772727272727273
train,paragraph_300_overlap_50,"KUBIENT,INC_07_02_2020-EX-10.14-MASTER SERVICES AGREEMENT_Part2",1185,5,13,13,1.0
train,paragraph_300_overlap_50,EdietsComInc_20001030_10QSB_EX-10.4_2606646_EX-10.4_Co-Branding Agreement,9075,37,48,48,1.0
train,paragraph_300_overlap_50,LECLANCHÉ S.A. - JOINT DEVELOPMENT AND MARKETING AGREEMENT,3207,12,19,19,1.0
train,paragraph_300_overlap_50,CardlyticsInc_20180112_S-1_EX-10.16_11002987_EX-10.16_Maintenance Agreement4,756,3,12,12,1.0
train,paragraph_300_overlap_50,TomOnlineInc_20060501_20-F_EX-4.46_749700_EX-4.46_Co-Branding Agreement,17487,77,56,54,0.9642857142857143
train,paragraph_300_overlap_50,"CERES,INC_01_25_2012-EX-10.20-Collaboration Agreement",45577,171,66,66,1.0
train,paragraph_300_overlap_50,"INTERSECTENT,INC_05_11_2020-EX-10.1-SUPPLY AGREEMENT",5973,28,18,18,1.0
train,paragraph_300_overlap_50,"TRANSPHORM,INC_02_14_2020-EX-10.12(1)-JOINT VENTURE AGREEMENT",15468,62,35,34,0.9714285714285714
train,paragraph_300_overlap_50,EuromediaHoldingsCorp_20070215_10SB12G_EX-10.B(01)_525118_EX-10.B(01)_Content License Agreement,4580,22,30,30,1.0
train,paragraph_300_overlap_50,"Sonos, Inc. - Manufacturing Agreement ",17177,68,53,53,1.0
train,paragraph_300_overlap_50,"ASHWORTHINC_01_29_1999-EX-10.(D)-PROMOTION AGREEMENT AND NANTZ COMMUNICATIONS, INC.",3589,14,27,27,1.0
train,paragraph_300_overlap_50,LIGHTBRIDGECORP_11_23_2015-EX-10.26-STRATEGIC ALLIANCE AGREEMENT,3023,12,11,11,1.0
train,paragraph_300_overlap_50,"XLITECHNOLOGIES,INC_12_02_2015-EX-10.02-STRATEGIC ALLIANCE AGREEMENT",875,4,9,9,1.0
train,paragraph_300_overlap_50,HYPERIONSOFTWARECORP_09_28_1994-EX-10.47-EXCLUSIVE DISTRIBUTOR AGREEMENT,5290,21,30,30,1.0
train,paragraph_300_overlap_50,BUFFALOWILDWINGSINC_06_05_1998-EX-10.3-FRANCHISE AGREEMENT,23663,97,86,83,0.9651162790697675
train,paragraph_300_overlap_50,ReynoldsConsumerProductsInc_20200121_S-1A_EX-10.22_11948918_EX-10.22_Service Agreement,17207,70,26,26,1.0
train,paragraph_300_overlap_50,"GWG HOLDINGS, INC. - ORDERLY MARKETING AGREEMENT",4177,19,12,12,1.0
train,paragraph_300_overlap_50,BLACKROCKMUNIHOLDINGSINVESTMENTQUALITYFUND_04_07_2020-EX-99.01-JOINT FILING AGREEMENT,201,1,6,6,1.0
train,paragraph_300_overlap_50,ALLISONTRANSMISSIONHOLDINGSINC_12_15_2014-EX-99.1-COOPERATION AGREEMENT,5202,24,18,18,1.0
train,paragraph_300_overlap_50,WARNINGMANAGEMENTSERVICESINC_12_10_1999-EX-10-ENDORSEMENT AGREEMENT,4602,19,32,32,1.0
train,paragraph_300_overlap_50,LinkPlusCorp_20050802_8-K_EX-10_3240252_EX-10_Affiliate Agreement,2899,11,32,32,1.0
train,paragraph_300_overlap_50,SMITHELECTRICVEHICLESCORP_04_04_2012-EX-10.26-FLEET MAINTENANCE AGREEMENT,13201,61,29,28,0.9655172413793104
train,paragraph_300_overlap_50,CHINARECYCLINGENERGYCORP_11_14_2013-EX-10.6-Cooperation Agreement,2664,12,13,13,1.0
train,paragraph_300_overlap_50,"KUBIENT,INC_07_02_2020-EX-10.14-MASTER SERVICES AGREEMENT_Part1",4014,17,20,20,1.0
train,paragraph_300_overlap_50,NeoformaInc_19991202_S-1A_EX-10.26_5224521_EX-10.26_Co-Branding Agreement,13370,52,70,70,1.0
train,paragraph_300_overlap_50,AULAMERICANUNITTRUST_04_24_2020-EX-99.8.77-SERVICING AGREEMENT,5607,22,16,16,1.0
train,paragraph_300_overlap_50,VIOLINMEMORYINC_12_12_2012-EX-10.14-SPONSORSHIP AGREEMENT,8499,34,30,29,0.9666666666666667
train,paragraph_300_overlap_50,RaeSystemsInc_20001114_10-Q_EX-10.57_2631790_EX-10.57_Co-Branding Agreement,5582,22,29,29,1.0
train,paragraph_300_overlap_50,QBIOMEDINC_04_08_2020-EX-99.1-JOINT FILING AGREEMENT,429,2,13,13,1.0
train,paragraph_300_overlap_50,ZogenixInc_20190509_10-Q_EX-10.2_11663313_EX-10.2_Distributor Agreement,26626,112,70,67,0.9571428571428572
train,paragraph_300_overlap_50,LeadersonlineInc_20000427_S-1A_EX-10.8_4991089_EX-10.8_Co-Branding Agreement,8078,33,44,44,1.0
train,paragraph_300_overlap_50,ArcaUsTreasuryFund_20200207_N-2_EX-99.K5_11971930_EX-99.K5_Development Agreement,2316,10,12,12,1.0
train,paragraph_300_overlap_50,BIOAMBERINC_04_10_2013-EX-10.34-DEVELOPMENT AGREEMENT - First Amendment,940,4,7,7,1.0
train,paragraph_300_overlap_50,"XACCT Technologies, Inc.SUPPORT AND MAINTENANCE AGREEMENT",1796,7,14,14,1.0
train,paragraph_300_overlap_50,CHANGEPOINTCORP_03_08_2000-EX-10.6-LICENSE AND HOSTING AGREEMENT,18806,77,82,82,1.0
train,paragraph_300_overlap_50,Apollo Endosurgery - Manufacturing and Supply Agreement,7248,30,24,24,1.0
train,paragraph_300_overlap_50,"MJBIOTECH,INC_12_06_2018-EX-99.01-JOINT VENTURE AGREEMENT",3709,14,22,22,1.0
train,paragraph_300_overlap_50,IDREAMSKYTECHNOLOGYLTD_07_03_2014-EX-10.39-Cooperation Agreement on Mobile Game Business,12072,47,26,26,1.0
train,paragraph_300_overlap_50,"CANOPETROLEUM,INC_12_13_2007-EX-10.1-Sponsorship Agreement",1449,6,14,14,1.0
train,paragraph_300_overlap_50,"HOSPITALITYINVESTORSTRUST,INC_04_07_2014-EX-10.26-FRANCHISE AGREEMENT",23061,96,49,47,0.9591836734693877
train,paragraph_300_overlap_50,FulucaiProductionsLtd_20131223_10-Q_EX-10.9_8368347_EX-10.9_Content License Agreement,2804,12,28,28,1.0
train,paragraph_300_overlap_50,MPLXLP_06_17_2015-EX-10.1-TRANSPORTATION SERVICES AGREEMENT,8966,37,30,30,1.0
train,paragraph_300_overlap_50,LOGANSROADHOUSEINC_03_27_1998-EX-10.17-SPONSORSHIP AGREEMENT,2865,11,19,19,1.0
train,paragraph_300_overlap_50,FuelcellEnergyInc_20191106_8-K_EX-10.1_11868007_EX-10.1_Development Agreement,15880,63,60,59,0.9833333333333333
train,paragraph_300_overlap_50,"THERAVANCEBIOPHARMA,INC_05_08_2020-EX-10.2-SERVICE AGREEMENT",5294,25,16,16,1.0
train,paragraph_300_overlap_50,DYNAMEXINC_06_06_1996-EX-10.4-TRANSPORTATION SERVICES AGREEMENT,6760,26,33,33,1.0
train,paragraph_300_overlap_50,ULTRAGENYXPHARMACEUTICALINC_12_23_2013-EX-10.9-SUPPLY AGREEMENT,2274,9,16,16,1.0
train,paragraph_300_overlap_50,"NETGEAR,INC_04_21_2003-EX-10.16- AMENDMENT #2 TO THE DISTRIBUTION AGREEMENT",555,2,6,6,1.0
train,paragraph_300_overlap_50,SFGFINANCIALCORP_05_12_2009-EX-10.1-SOFTWARE LICENSE AND MAINTENANCE AGREEMENT,7749,32,32,32,1.0
train,paragraph_300_overlap_50,"VAXCYTE,INC_05_22_2020-EX-10.19-SUPPLY AGREEMENT",15227,62,29,28,0.9655172413793104
train,paragraph_300_overlap_50,"OTISWORLDWIDECORP_04_03_2020-EX-10.4-INTELLECTUAL PROPERTY AGREEMENT by and among UNITED TECHNOLOGIES CORPORATION, OTIS WORLDWIDE CORPORATION and CARRIER ~1",9672,41,32,28,0.875
train,paragraph_300_overlap_50,"GIGGLESN_HUGS,INC_06_23_2016-EX-10.2-STRATEGIC ALLIANCE AGREEMENT",3430,15,19,18,0.9473684210526315
train,paragraph_300_overlap_50,ExactSciencesCorp_20180822_8-K_EX-10.1_11331629_EX-10.1_Promotion Agreement,24685,111,43,42,0.9767441860465116
train,paragraph_300_overlap_50,GlobalTechnologiesGroupInc_20050928_10KSB_EX-10.9_4148808_EX-10.9_Content License Agreement,5899,24,18,18,1.0
train,paragraph_300_overlap_50,HertzGroupRealtyTrustInc_20190920_S-11A_EX-10.8_11816941_EX-10.8_Trademark License Agreement,2236,10,15,15,1.0
train,paragraph_300_overlap_50,QuantumGroupIncFl_20090120_8-K_EX-99.2_3672910_EX-99.2_Hosting Agreement,17414,72,32,32,1.0
train,paragraph_300_overlap_50,"PHREESIA,INC_05_28_2019-EX-10.18-STRATEGIC ALLIANCE AGREEMENT",17703,71,51,50,0.9803921568627451
train,paragraph_300_overlap_50,"Array BioPharma Inc. - LICENSE, DEVELOPMENT AND COMMERCIALIZATION AGREEMENT",42742,174,65,65,1.0
train,paragraph_300_overlap_50,MERCATAINC_03_09_2000-EX-10.21-SPONSORSHIP AGREEMENT,3224,15,12,11,0.9166666666666666
train,paragraph_300_overlap_50,"MEDALISTDIVERSIFIEDREIT,INC_05_18_2020-EX-10.1-CONSULTING AGREEMENT",3724,16,34,34,1.0
train,paragraph_300_overlap_50,"FOUNDATIONMEDICINE,INC_02_02_2015-EX-10.2-Collaboration Agreement",26407,103,75,75,1.0
train,paragraph_300_overlap_50,RevolutionMedicinesInc_20200117_S-1_EX-10.1_11948417_EX-10.1_Development Agreement,40936,167,90,88,0.9777777777777777
train,paragraph_300_overlap_50,"ETELOS,INC_03_09_2004-EX-10.8-DISTRIBUTOR AGREEMENT",3863,15,25,25,1.0
train,paragraph_300_overlap_50,LifewayFoodsInc_20160316_10-K_EX-10.24_9489766_EX-10.24_Endorsement Agreement,1656,7,16,16,1.0
train,paragraph_300_overlap_50,"LEGACYTECHNOLOGYHOLDINGS,INC_12_09_2005-EX-10.2-DISTRIBUTOR AGREEMENT",1937,8,23,23,1.0
train,paragraph_300_overlap_50,DeltathreeInc_19991102_S-1A_EX-10.19_6227850_EX-10.19_Co-Branding Agreement_ Service Agreement,4070,17,17,17,1.0
train,paragraph_300_overlap_50,"SPRINGBANKPHARMACEUTICALS,INC_04_08_2020-EX-99.A-JOINT FILING AGREEMENT",246,1,6,6,1.0
train,paragraph_300_overlap_50,ImineCorp_20180725_S-1_EX-10.5_11275970_EX-10.5_Distributor Agreement,5369,22,23,23,1.0
train,paragraph_300_overlap_50,CCAINDUSTRIESINC_04_14_2014-EX-10.1-OUTSOURCING AGREEMENT,4889,20,27,27,1.0
train,paragraph_300_overlap_50,Microgenics Corporation - Collaborative Development and Commercialization Agreement,28415,122,54,54,1.0
train,paragraph_300_overlap_50,VgrabCommunicationsInc_20200129_10-K_EX-10.33_11958828_EX-10.33_Development Agreement,2297,10,13,13,1.0
train,paragraph_300_overlap_50,AIRTECHINTERNATIONALGROUPINC_05_08_2000-EX-10.4-FRANCHISE AGREEMENT,11368,42,42,42,1.0
train,paragraph_300_overlap_50,IMMUNOMEDICSINC_08_07_2019-EX-10.1-PROMOTION AGREEMENT,24022,94,36,34,0.9444444444444444
train,paragraph_300_overlap_50,BravatekSolutionsInc_20170418_8-K_EX-10.1_10205739_EX-10.1_Reseller Agreement,2384,10,17,17,1.0
train,paragraph_300_overlap_50,SPORTHALEYINC_09_29_1997-EX-10.2-10-ENDORSEMENT AGREEMENT,1537,7,21,21,1.0
train,paragraph_300_overlap_50,XENCORINC_10_25_2013-EX-10.24-COLLABORATION AGREEMENT (3),20117,90,66,66,1.0
train,paragraph_300_overlap_50,NETGROCERINC_07_31_1998-EX-10.15-SPONSORSHIP AGREEMENT,5206,20,26,25,0.9615384615384616
train,paragraph_300_overlap_50,CoherusBiosciencesInc_20200227_10-K_EX-10.29_12021376_EX-10.29_Development Agreement,21991,91,56,55,0.9821428571428571
train,paragraph_300_overlap_50,DIVERSINETCORP_03_01_2012-EX-4-RESELLER AGREEMENT,11296,44,43,42,0.9767441860465116
train,paragraph_300_overlap_50,NmfSlfIInc_20200115_10-12GA_EX-10.5_11946987_EX-10.5_Trademark License Agreement,2694,12,25,25,1.0
train,paragraph_300_overlap_50,KALLOINC_11_03_2011-EX-10.1-STRATEGIC ALLIANCE AGREEMENT,11172,44,34,34,1.0
train,paragraph_300_overlap_50,MOSSIMOINC_04_14_2000-EX-10.14-ENDORSEMENT AGREEMENT,3480,14,28,28,1.0
train,paragraph_300_overlap_50,FEDERATEDGOVERNMENTINCOMESECURITIESINC_04_28_2020-EX-99.SERV AGREE-SERVICES AGREEMENT_AMENDMENT,564,2,8,8,1.0
train,paragraph_300_overlap_50,RandWorldwideInc_20010402_8-KA_EX-10.2_2102464_EX-10.2_Co-Branding Agreement,6718,26,34,34,1.0
train,paragraph_300_overlap_50,GOLDRESOURCECORP_12_11_2008-EX-10.1-STRATEGIC ALLIANCE AGREEMENT,8786,37,36,36,1.0
train,paragraph_300_overlap_50,"Loop Industries, Inc. - Marketing Agreement",5244,24,19,19,1.0
train,paragraph_300_overlap_50,BloomEnergyCorp_20180321_DRSA (on S-1)_EX-10_11240356_EX-10_Maintenance Agreement,16116,65,36,36,1.0
train,paragraph_300_overlap_50,AudibleInc_20001113_10-Q_EX-10.32_2599586_EX-10.32_Co-Branding Agreement_ Marketing Agreement_ Investment Distribution Agreement,11211,43,47,47,1.0
train,paragraph_300_overlap_50,HOLIDAYRVSUPERSTORESINC_04_15_2002-EX-10.13-ENDORSEMENT AGREEMENT,2189,9,17,17,1.0
train,paragraph_300_overlap_50,NeuroboPharmaceuticalsInc_20190903_S-4_EX-10.36_11802165_EX-10.36_Manufacturing Agreement_ Supply Agreement,3094,13,11,11,1.0
train,paragraph_300_overlap_50,SONUSCORP_03_12_1997-EX-10.11-SPONSORSHIP AGREEMENT,3891,14,10,10,1.0
train,paragraph_300_overlap_50,RangeResourcesLouisianaInc_20150417_8-K_EX-10.5_9045501_EX-10.5_Transportation Agreement,15659,63,21,21,1.0
train,paragraph_300_overlap_50,CHAPARRALRESOURCESINC_03_30_2000-EX-10.66-TRANSPORTATION CONTRACT,3865,15,17,17,1.0
train,paragraph_300_overlap_50,AURASYSTEMSINC_06_16_2010-EX-10.25-STRATEGIC ALLIANCE AGREEMENT,6938,30,44,44,1.0
train,paragraph_300_overlap_50,IpassInc_20181203_8-K_EX-99.1_11445874_EX-99.1_Reseller Agreement,11394,48,30,30,1.0
train,paragraph_300_overlap_50,VERSOTECHNOLOGIESINC_12_28_2007-EX-99.3-INTELLECTUAL PROPERTY AGREEMENT,739,4,8,8,1.0
train,paragraph_300_overlap_50,EhaveInc_20190515_20-F_EX-4.44_11678816_EX-4.44_License Agreement_ Reseller Agreement,13634,61,62,61,0.9838709677419355
train,paragraph_300_overlap_50,"UNITEDNATIONALBANCORP_03_03_1999-EX-99-Outsourcing Agreement with the BISYS Group, Inc.",279,1,7,7,1.0
train,paragraph_300_overlap_50,VirtuosoSurgicalInc_20191227_1-A_EX1A-6 MAT CTRCT_11933379_EX1A-6 MAT CTRCT_License Agreement,5675,26,37,37,1.0
train,paragraph_300_overlap_50,"ROCKYMOUNTAINCHOCOLATEFACTORY,INC_12_23_2019-EX-10.2-STRATEGIC ALLIANCE AGREEMENT",19420,86,34,33,0.9705882352941176
train,paragraph_300_overlap_50,VITAMINSHOPPECOMINC_09_13_1999-EX-10.26-SPONSORSHIP AGREEMENT,8223,31,16,16,1.0
train,paragraph_300_overlap_50,"SOLUTIONSVENDINGINTERNATIONAL,INC_03_31_2020-EX1A-1 UNDR AGMT-SERVICES AGREEMENT",1122,6,9,9,1.0
train,paragraph_300_overlap_50,InnerscopeHearingTechnologiesInc_20181109_8-K_EX-10.6_11419704_EX-10.6_Distributor Agreement,3360,13,27,27,1.0
train,paragraph_300_overlap_50,SmartRxSystemsInc_20180914_1-A_EX1A-6 MAT CTRCT_11351705_EX1A-6 MAT CTRCT_Distributor Agreement,6123,30,25,25,1.0
train,paragraph_300_overlap_50,BIOFRONTERAAG_04_29_2019-EX-4.17-SUPPLY AGREEMENT,9771,44,27,27,1.0
train,paragraph_300_overlap_50,"CORALGOLDRESOURCES,LTD_05_28_2020-EX-4.1-CONSULTING AGREEMENT",4730,19,20,20,1.0
train,paragraph_300_overlap_50,Cerus Corporation - FIRST AMEND TO SUPPLY AND MANUFACTURING AGREEMENT,1796,7,7,7,1.0
train,paragraph_300_overlap_50,OLDAPIWIND-DOWNLTD_01_08_2016-EX-1.3-AGENCY AGREEMENT2,630,3,8,8,1.0
train,paragraph_300_overlap_50,ATENTOSA_07_06_2020-EX-99.1-JOINT FILING AGREEMENT,357,2,12,12,1.0
train,paragraph_300_overlap_50,HealthcentralCom_19991108_S-1A_EX-10.27_6623292_EX-10.27_Co-Branding Agreement,6492,25,34,34,1.0
train,paragraph_300_overlap_50,GAINSCOINC_01_21_2010-EX-10.41-SPONSORSHIP AGREEMENT,2452,11,26,26,1.0
train,paragraph_300_overlap_50,"TURNKEYCAPITAL,INC_07_20_2017-EX-1.1-Strategic Alliance Agreement",1988,9,12,12,1.0
train,paragraph_300_overlap_50,IVILLAGEINC_03_17_1999-EX-10.16-SPONSORSHIP AGREEMENT,3407,15,26,26,1.0
train,paragraph_300_overlap_50,"IPAYMENT,INC_05_14_2007-EX-10.1-SPONSORSHIP AGREEMENT",14652,57,34,34,1.0
train,paragraph_300_overlap_50,RISEEDUCATIONCAYMANLTD_04_17_2020-EX-4.23-SERVICE AGREEMENT,2394,9,13,13,1.0
train,paragraph_300_overlap_50,STARTECGLOBALCOMMUNICATIONSCORP_11_16_1998-EX-10.30-CONSTRUCTION AND MAINTENANCE AGREEMENT,14551,56,74,74,1.0
train,paragraph_300_overlap_50,LejuHoldingsLtd_20140121_DRS (on F-1)_EX-10.26_8473102_EX-10.26_Content License Agreement2,327,2,7,7,1.0
train,paragraph_300_overlap_50,FIBROGENINC_10_01_2014-EX-10.11-COLLABORATION AGREEMENT,24526,99,51,51,1.0
train,paragraph_300_overlap_50,"KNOWLABS,INC_08_15_2005-EX-10-INTELLECTUAL PROPERTY AGREEMENT",1970,8,16,16,1.0
train,paragraph_300_overlap_50,UAGHINC_04_14_2004-EX-10.18-MAINTENANCE AGREEMENT,2676,13,19,18,0.9473684210526315
train,paragraph_300_overlap_50,"ARMSTRONGFLOORING,INC_01_07_2019-EX-10.2-INTELLECTUAL PROPERTY AGREEMENT",10349,43,49,49,1.0
train,paragraph_300_overlap_50,VitalibisInc_20180316_8-K_EX-10.2_11100168_EX-10.2_Hosting Agreement,7045,30,29,29,1.0
train,paragraph_300_overlap_50,HEALTHGATEDATACORP_11_24_1999-EX-10.1-HOSTING AND MANAGEMENT AGREEMENT - Escrow Agreement,4201,15,15,13,0.8666666666666667
train,paragraph_300_overlap_50,BNLFINANCIALCORP_03_30_2007-EX-10.8-OUTSOURCING AGREEMENT,6470,30,27,27,1.0
train,paragraph_300_overlap_50,"IOVANCEBIOTHERAPEUTICS,INC_08_03_2017-EX-10.1-STRATEGIC ALLIANCE AGREEMENT",10693,46,27,27,1.0
train,paragraph_300_overlap_50,NEONSYSTEMSINC_03_01_1999-EX-10.5-DISTRIBUTOR AGREEMENT_New,8888,34,40,40,1.0
train,paragraph_300_overlap_50,TELKOMSALTD_01_30_2003-EX-10-LICENCE AND MAINTENANCE AGREEMENT,16176,66,49,49,1.0
train,paragraph_300_overlap_50,"FIDELITYNATIONALINFORMATIONSERVICES,INC_08_05_2009-EX-10.3-INTELLECTUAL PROPERTY AGREEMENT",19341,77,70,65,0.9285714285714286
train,paragraph_300_overlap_50,TRUENORTHENERGYCORP_02_08_2007-EX-10.1-DEVELOPMENT AGREEMENT,6961,27,19,19,1.0
train,paragraph_300_overlap_50,GentechHoldingsInc_20190808_1-A_EX1A-6 MAT CTRCT_11776814_EX1A-6 MAT CTRCT_Distributor Agreement,4097,20,24,24,1.0
train,paragraph_300_overlap_50,TICKETSCOMINC_06_22_1999-EX-10.22-SPONSORSHIP AGREEMENT,1155,5,16,16,1.0
train,paragraph_300_overlap_50,"ADMA BioManufacturing, LLC -  Amendment #3 to Manufacturing Agreement ",2478,11,16,16,1.0
train,paragraph_300_overlap_50,OFGBANCORP_03_28_2007-EX-10.23-OUTSOURCING AGREEMENT,24004,95,44,43,0.9772727272727273
train,paragraph_300_overlap_50,"DUOSTECHNOLOGIESGROUP,INC_04_21_2009-EX-10.1-STRATEGIC ALLIANCE AGREEMENT",7148,29,38,38,1.0
train,paragraph_300_overlap_50,OLDAPIWIND-DOWNLTD_01_08_2016-EX-1.3-AGENCY AGREEMENT1,15521,69,16,16,1.0
train,paragraph_300_overlap_50,"ADIANUTRITION,INC_04_01_2005-EX-10.D2-RESELLER AGREEMENT",4051,17,22,22,1.0
train,paragraph_300_overlap_50,"ATHENSBANCSHARESCORP_11_02_2009-EX-1.2-AGENCY AGREEMENT , 2009",23419,104,16,16,1.0
train,paragraph_300_overlap_50,SoupmanInc_20150814_8-K_EX-10.1_9230148_EX-10.1_Franchise Agreement3,438,2,2,2,1.0
train,paragraph_300_overlap_50,MOVADOGROUPINC_04_30_2003-EX-10.28-ENDORSEMENT AGREEMENT,2710,11,9,9,1.0
train,paragraph_300_overlap_50,StaarSurgicalCompany_20180801_10-Q_EX-10.37_11289449_EX-10.37_Distributor Agreement,7649,34,38,38,1.0
train,paragraph_300_overlap_50,EmeraldHealthBioceuticalsInc_20200218_1-A_EX1A-6 MAT CTRCT_11987205_EX1A-6 MAT CTRCT_Development Agreement,2606,10,20,20,1.0
train,paragraph_300_overlap_50,STAMPSCOMINC_06_24_1999-EX-10.18-SPONSORSHIP AGREEMENT,5496,22,32,32,1.0
train,paragraph_300_overlap_50,BEYONDCOMCORP_08_03_2000-EX-10.2-CO-HOSTING AGREEMENT,7991,33,33,32,0.9696969696969697
train,paragraph_300_overlap_50,CHEETAHMOBILEINC_04_22_2014-EX-10.43-Cooperation Agreement,6230,22,23,23,1.0
train,paragraph_300_overlap_50,ClickstreamCorp_20200330_1-A_EX1A-6 MAT CTRCT_12089935_EX1A-6 MAT CTRCT_Development Agreement,5445,24,24,24,1.0
train,paragraph_300_overlap_50,NEOMEDIATECHNOLOGIESINC_12_15_2005-EX-16.1-DISTRIBUTOR AGREEMENT,4973,20,29,29,1.0
train,paragraph_300_overlap_50,"ADUROBIOTECH,INC_06_02_2020-EX-10.7-CONSULTING AGREEMENT(1)",1850,7,16,16,1.0
train,paragraph_300_overlap_50,LejuHoldingsLtd_20140121_DRS (on F-1)_EX-10.26_8473102_EX-10.26_Content License Agreement1,7198,31,22,22,1.0
train,paragraph_300_overlap_50,"VISIUMTECHNOLOGIES,INC_10_20_2004-EX-10.20-DISTRIBUTOR AGREEMENT",7706,30,42,42,1.0
train,paragraph_300_overlap_50,"INNOVIVA,INC_08_07_2014-EX-10.1-COLLABORATION AGREEMENT",28937,123,52,50,0.9615384615384616
train,paragraph_300_overlap_50,SoupmanInc_20150814_8-K_EX-10.1_9230148_EX-10.1_Franchise Agreement2,844,4,5,5,1.0
train,paragraph_300_overlap_50,"ADUROBIOTECH,INC_06_02_2020-EX-10.7-CONSULTING AGREEMENT",1850,7,14,14,1.0
train,paragraph_300_overlap_50,CybergyHoldingsInc_20140520_10-Q_EX-10.27_8605784_EX-10.27_Affiliate Agreement,5326,21,26,26,1.0
train,paragraph_300_overlap_50,MANAKOASERVICESCORP_11_21_2007-EX-7.5-STRATEGIC ALLIANCE AGREEMENT,2355,9,14,14,1.0
train,paragraph_300_overlap_50,FLOTEKINDUSTRIESINCCN_05_09_2019-EX-10.1-SUPPLY AGREEMENT,3037,12,19,19,1.0
train,paragraph_300_overlap_50,EUROPEANMICROHOLDINGSINC_03_06_1998-EX-10.6-DISTRIBUTOR AGREEMENT,7939,30,38,38,1.0
train,paragraph_300_overlap_50,KitovPharmaLtd_20190326_20-F_EX-4.15_11584449_EX-4.15_Manufacturing Agreement,8964,38,36,36,1.0
train,paragraph_300_overlap_50,BellringBrandsInc_20190920_S-1_EX-10.12_11817081_EX-10.12_Manufacturing Agreement3,1240,5,10,10,1.0
train,paragraph_300_overlap_50,GOCALLINC_03_30_2000-EX-10.7-Promotion Agreement,2983,13,18,18,1.0
train,paragraph_300_overlap_50,LEJUHOLDINGSLTD_03_12_2014-EX-10.34-INTERNET CHANNEL COOPERATION AGREEMENT,5930,29,20,20,1.0
train,paragraph_300_overlap_50,BLACKSTONEGSOLONG-SHORTCREDITINCOMEFUND_05_11_2020-EX-99.(K)(1)-SERVICE AGREEMENT,8073,33,17,17,1.0
train,paragraph_300_overlap_50,"MEETGROUP,INC_06_29_2017-EX-10.1-COOPERATION AGREEMENT",9394,40,15,15,1.0
train,paragraph_300_overlap_50,GluMobileInc_20070319_S-1A_EX-10.09_436630_EX-10.09_Content License Agreement3,545,3,10,10,1.0
train,paragraph_300_overlap_50,ADAPTIMMUNETHERAPEUTICSPLC_04_06_2017-EX-10.11-STRATEGIC ALLIANCE AGREEMENT,15471,64,56,56,1.0
train,paragraph_300_overlap_50,ENTRUSTINC_07_24_1998-EX-10.5-STRATEGIC ALLIANCE AGREEMENT,5893,22,39,39,1.0
train,paragraph_300_overlap_50,SYKESHEALTHPLANSERVICESINC_04_24_1998-EX-10.14-OUTSOURCING AGREEMENT,1876,8,18,18,1.0
train,paragraph_300_overlap_50,NATIONALPROCESSINGINC_07_18_1996-EX-10.4-SPONSORSHIP AGREEMENT,4359,19,14,14,1.0
train,paragraph_300_overlap_50,SimplicityEsportsGamingCompany_20181130_8-K_EX-10.1_11444071_EX-10.1_Franchise Agreement,4347,18,27,27,1.0
train,paragraph_300_overlap_50,QIWI_06_16_2017-EX-99.(D)(2)-COOPERATION AGREEMENT,4170,16,16,16,1.0
train,paragraph_300_overlap_50,RemarkHoldingsInc_20081114_10-Q_EX-10.24_2895649_EX-10.24_Content License Agreement,9178,41,54,54,1.0
train,paragraph_300_overlap_50,CnsPharmaceuticalsInc_20200326_8-K_EX-10.1_12079626_EX-10.1_Development Agreement,3260,13,14,14,1.0
train,paragraph_300_overlap_50,GluMobileInc_20070319_S-1A_EX-10.09_436630_EX-10.09_Content License Agreement2,1853,8,25,25,1.0
train,paragraph_300_overlap_50,"BLUEHILLSBANCORP,INC_05_20_2014-EX-1.1-AGENCY AGREEMENT",21046,95,22,22,1.0
train,paragraph_300_overlap_50,GarrettMotionInc_20181001_8-K_EX-2.4_11364532_EX-2.4_Intellectual Property Agreement,8757,38,33,33,1.0
train,paragraph_300_overlap_50,TheglobeComInc_19990503_S-1A_EX-10.20_5416126_EX-10.20_Co-Branding Agreement,6614,28,35,35,1.0
train,paragraph_300_overlap_50,EmbarkComInc_19991008_S-1A_EX-10.10_6487661_EX-10.10_Co-Branding Agreement,5039,20,22,22,1.0
train,paragraph_300_overlap_50,TRANSMONTAIGNEPARTNERSLLC_03_13_2020-EX-10.9-SERVICES AGREEMENT,880,4,12,12,1.0
train,paragraph_300_overlap_50,"COOLTECHNOLOGIES,INC_10_25_2017-EX-10.71-Strategic Alliance Agreement",2154,10,14,14,1.0
train,paragraph_300_overlap_50,ALLIANCEBANCORPINCOFPENNSYLVANIA_10_18_2006-EX-1.2-AGENCY AGREEMENT,20957,91,24,24,1.0
train,paragraph_300_overlap_50,XpresspaGroupInc_20190401_10-K_EX-10.28_11599457_EX-10.28_Marketing Agreement,8460,39,49,49,1.0
train,paragraph_300_overlap_50,BellringBrandsInc_20190920_S-1_EX-10.12_11817081_EX-10.12_Manufacturing Agreement2,344,2,9,9,1.0
train,paragraph_300_overlap_50,IdeanomicsInc_20160330_10-K_EX-10.26_9512211_EX-10.26_Content License Agreement,6321,25,28,27,0.9642857142857143
train,paragraph_300_overlap_50,BIOAMBERINC_04_10_2013-EX-10.34-DEVELOPMENT AGREEMENT (1),5818,26,30,30,1.0
train,paragraph_300_overlap_50,PrudentialBancorpInc_20170606_8-K_EX-10.4_10474434_EX-10.4_Endorsement Agreement,2264,9,12,12,1.0
train,paragraph_300_overlap_50,"BERKELEYLIGHTS,INC_06_26_2020-EX-10.12-COLLABORATION AGREEMENT",32708,139,89,86,0.9662921348314607
train,paragraph_300_overlap_50,UnionDentalHoldingsInc_20050204_8-KA_EX-10_3345577_EX-10_Affiliate Agreement,1850,8,11,11,1.0
train,paragraph_300_overlap_50,WOMENSGOLFUNLIMITEDINC_03_29_2000-EX-10.13-ENDORSEMENT AGREEMENT - Intellectual Property Rights                 Confidentiality and Non-Use Obligations Agreement,940,4,7,7,1.0
train,paragraph_300_overlap_50,SPHERE3DCORP_06_24_2020-EX-10.12-CONSULTING AGREEMENT,1897,8,12,12,1.0
train,paragraph_300_overlap_50,ENTERPRISEPRODUCTSPARTNERSLP_07_08_1998-EX-10.3-TRANSPORTATION CONTRACT,11141,43,36,36,1.0
train,paragraph_300_overlap_50,HerImports_20161018_8-KA_EX-10.14_9765707_EX-10.14_Maintenance Agreement,1595,7,8,8,1.0
train,paragraph_300_overlap_50,PROLONGINTERNATIONALCORP_03_23_1998-EX-10.16-SPONSORSHIP AGREEMENT,2180,9,11,11,1.0
train,paragraph_300_overlap_50,DYNTEKINC_07_30_1999-EX-10-ONLINE HOSTING AGREEMENT,4009,17,20,20,1.0
train,paragraph_300_overlap_50,ALAMOGORDOFINANCIALCORP_12_16_1999-EX-1-AGENCY AGREEMENT,18815,81,22,22,1.0
train,paragraph_300_overlap_50,StampscomInc_20001114_10-Q_EX-10.47_2631630_EX-10.47_Co-Branding Agreement,11730,47,46,42,0.9130434782608695
train,paragraph_300_overlap_50,InvendaCorp_20000828_S-1A_EX-10.2_2588206_EX-10.2_Co-Branding Agreement,14682,54,63,62,0.9841269841269841
train,paragraph_300_overlap_50,WebmdHealthCorp_20050908_S-1A_EX-10.7_1027007_EX-10.7_Content License Agreement,2356,9,20,20,1.0
train,paragraph_300_overlap_50,SANDRIDGEENERGYINC_08_06_2009-EX-10.6-OPERATIONS AND MAINTENANCE AGREEMENT,10964,43,34,34,1.0
train,paragraph_300_overlap_50,ON4COMMUNICATIONSINC_07_02_2009-EX-10.1-PROMOTION AGREEMENT,2349,10,13,13,1.0
train,paragraph_300_overlap_50,GluMobileInc_20070319_S-1A_EX-10.09_436630_EX-10.09_Content License Agreement1,17147,71,68,67,0.9852941176470589
train,paragraph_300_overlap_50,BANUESTRAFINANCIALCORP_09_08_2006-EX-10.16-AGENCY AGREEMENT,7308,31,12,12,1.0
train,paragraph_300_overlap_50,ArtaraTherapeuticsInc_20200110_8-K_EX-10.5_11943350_EX-10.5_License Agreement,5818,25,28,28,1.0
train,paragraph_300_overlap_50,NlsPharmaceuticsLtd_20200228_F-1_EX-10.14_12029046_EX-10.14_Development Agreement,10546,43,29,29,1.0
train,paragraph_300_overlap_50,"VIRTUALSCOPICS,INC_11_12_2010-EX-10.1-STRATEGIC ALLIANCE AGREEMENT",7273,31,31,31,1.0
train,paragraph_300_overlap_50,BellringBrandsInc_20190920_S-1_EX-10.12_11817081_EX-10.12_Manufacturing Agreement1,6565,28,23,23,1.0
train,paragraph_300_overlap_50,BLUEFLYINC_03_27_2002-EX-10.27-e-business Hosting Agreement,5136,19,31,30,0.967741935483871
train,paragraph_300_overlap_50,ASIANDRAGONGROUPINC_08_11_2005-EX-10.5-Reseller Agreement,7018,29,20,20,1.0
train,paragraph_300_overlap_50,MANUFACTURERSSERVICESLTD_06_05_2000-EX-10.14-OUTSOURCING AGREEMENT,41962,156,65,65,1.0
train,paragraph_300_overlap_50,LiquidmetalTechnologiesInc_20200205_8-K_EX-10.1_11968198_EX-10.1_Development Agreement,12529,55,56,53,0.9464285714285714
train,paragraph_300_overlap_50,PlayboyEnterprisesInc_20090220_10-QA_EX-10.2_4091580_EX-10.2_Content License Agreement_ Marketing Agreement_ Sales-Purchase Agreement2,526,3,6,6,1.0
train,paragraph_300_overlap_50,ZtoExpressCaymanInc_20160930_F-1_EX-10.10_9752871_EX-10.10_Transportation Agreement,1468,7,12,12,1.0
train,paragraph_300_overlap_50,2ThemartComInc_19990826_10-12G_EX-10.10_6700288_EX-10.10_Co-Branding Agreement_ Agency Agreement,4467,17,30,30,1.0
train,paragraph_300_overlap_50,MOELIS_CO_03_24_2014-EX-10.19-STRATEGIC ALLIANCE AGREEMENT,18625,84,51,51,1.0
train,paragraph_300_overlap_50,XYBERNAUTCORP_07_12_2002-EX-4-SPONSORSHIP AGREEMENT,6661,28,17,17,1.0
train,paragraph_300_overlap_50,"CARDAX,INC_08_19_2014-EX-10.1-COLLABORATION AGREEMENT",8586,39,23,22,0.9565217391304348
train,paragraph_300_overlap_50,"MACY_S,INC_05_11_2020-EX-99.4-JOINT FILING AGREEMENT",216,1,5,5,1.0
train,paragraph_300_overlap_50,TALCOTTRESOLUTIONLIFEINSURANCECO-SEPARATEACCOUNTTWELVE_04_30_2020-EX-99.8(L)-SERVICE AGREEMENT,4724,22,12,12,1.0
train,paragraph_300_overlap_50,ArmstrongFlooringInc_20190107_8-K_EX-10.2_11471795_EX-10.2_Intellectual Property Agreement,8284,35,51,51,1.0
train,paragraph_300_overlap_50,PFSFUNDS_06_26_2020-EX-99.H OTH MAT CONT-SERVICES AGREEMENT,2435,12,14,14,1.0
train,paragraph_300_overlap_50,WaterNowInc_20191120_10-Q_EX-10.12_11900227_EX-10.12_Distributor Agreement,7396,32,41,40,0.975609756097561
train,paragraph_300_overlap_50,MTITECHNOLOGYCORP_11_16_2004-EX-10.102-Reseller Agreement Premier Addendum,4685,17,18,18,1.0
train,paragraph_300_overlap_50,SCOUTCAMINC_05_12_2020-EX-10.22-SERVICES AGREEMENT,1305,6,18,18,1.0
train,paragraph_300_overlap_50,PharmagenInc_20120803_8-KA_EX-10.1_7693204_EX-10.1_Endorsement Agreement,2778,12,19,19,1.0
train,paragraph_300_overlap_50,DRKOOPCOMINC_04_21_1999-EX-10.28-SPONSORSHIP AGREEMENT,5546,23,18,18,1.0
train,paragraph_300_overlap_50,"VNUE,INC_07_10_2015-EX-10.1-SPONSORSHIP AGREEMENT",3207,15,18,18,1.0
train,paragraph_300_overlap_50,LegacyEducationAllianceInc_20141110_8-K_EX-10.9_8828866_EX-10.9_Endorsement Agreement,3149,15,19,19,1.0
train,paragraph_300_overlap_50,PcquoteComInc_19990721_S-1A_EX-10.11_6377149_EX-10.11_Co-Branding Agreement3,395,2,7,7,1.0
train,paragraph_300_overlap_50,GluMobileInc_20070319_S-1A_EX-10.09_436630_EX-10.09_Content License Agreement4,291,1,8,8,1.0
train,paragraph_300_overlap_50,"OPTIMIZEDTRANSPORTATIONMANAGEMENT,INC_07_26_2000-EX-6.6-DISTRIBUTOR AGREEMENT",1367,6,18,18,1.0
train,paragraph_300_overlap_50,IMAGEWARESYSTEMSINC_12_20_1999-EX-10.22-MAINTENANCE AGREEMENT,2925,12,16,16,1.0
train,paragraph_300_overlap_50,NakedBrandGroupInc_20150731_POS AM (on S-1)_EX-10.75_9196027_EX-10.75_Endorsement Agreement,7601,30,35,35,1.0
train,paragraph_300_overlap_50,ZONDWINDSYSTEMPARTNERSLTDSERIES85-B_04_03_2006-EX-10-MANAGEMENT AND MAINTENANCE AGREEMENT,1368,6,8,8,1.0
train,paragraph_300_overlap_50,IbioInc_20200313_8-K_EX-10.1_12052678_EX-10.1_Development Agreement,4657,21,18,18,1.0
train,paragraph_300_overlap_50,BellringBrandsInc_20190920_S-1_EX-10.12_11817081_EX-10.12_Manufacturing Agreement4,258,1,8,8,1.0
train,paragraph_300_overlap_50,ParatekPharmaceuticalsInc_20170505_10-KA_EX-10.29_10323872_EX-10.29_Outsourcing Agreement,17726,69,46,46,1.0
train,paragraph_300_overlap_50,JOINTCORP_09_19_2014-EX-10.15-FRANCHISE AGREEMENT,26623,114,86,83,0.9651162790697675
train,paragraph_300_overlap_50,VnueInc_20150914_8-K_EX-10.1_9259571_EX-10.1_Promotion Agreement,1634,7,12,12,1.0
train,paragraph_300_overlap_50,NEXSTARFINANCEHOLDINGSINC_03_27_2002-EX-10.26-OUTSOURCING AGREEMENT,18265,76,25,23,0.92
train,paragraph_300_overlap_50,SUNTRONCORP_05_17_2006-EX-10.22-MAINTENANCE AGREEMENT,4818,20,27,27,1.0
train,paragraph_300_overlap_50,"SPIENERGYCO,LTD_03_09_2011-EX-99.5-OPERATIONS AND MAINTENANCE AGREEMENT",8153,33,21,21,1.0
train,paragraph_300_overlap_50,SteelVaultCorp_20081224_10-K_EX-10.16_3074935_EX-10.16_Affiliate Agreement,2709,11,16,16,1.0
train,paragraph_300_overlap_50,"KIROMICBIOPHARMA,INC_04_08_2020-EX-10.28-JOINT VENTURE AGREEMENT",5749,24,25,25,1.0
train,paragraph_300_overlap_50,PlayboyEnterprisesInc_20090220_10-QA_EX-10.2_4091580_EX-10.2_Content License Agreement_ Marketing Agreement_ Sales-Purchase Agreement1,17994,70,70,70,1.0
train,paragraph_300_overlap_50,TubeMediaCorp_20060310_8-K_EX-10.1_513921_EX-10.1_Affiliate Agreement,10728,47,49,49,1.0
train,paragraph_300_overlap_50,"MARSHALLHOLDINGSINTERNATIONAL,INC_04_14_2004-EX-10.15-ENDORSEMENT AGREEMENT",1716,7,16,16,1.0
train,paragraph_300_overlap_50,BLACKBOXSTOCKSINC_08_05_2014-EX-10.1-DISTRIBUTOR AGREEMENT,2706,11,21,21,1.0
train,paragraph_300_overlap_50,WARNERCHILCOTTPLC_12_31_2003-EX-4.36-DEVELOPMENT AGREEMENT,4152,17,13,12,0.9230769230769231
train,paragraph_300_overlap_50,VertexEnergyInc_20200113_8-K_EX-10.1_11943624_EX-10.1_Marketing Agreement,7280,32,26,26,1.0
train,paragraph_300_overlap_50,NETZEEINC_11_14_2002-EX-10.3-MAINTENANCE AGREEMENT,464,3,9,9,1.0
train,paragraph_300_overlap_50,REGANHOLDINGCORP_03_31_2008-EX-10-LICENSE AND HOSTING AGREEMENT,8824,35,22,21,0.9545454545454546
train,paragraph_300_overlap_50,MidwestEnergyEmissionsCorp_20080604_8-K_EX-10.2_3093976_EX-10.2_Content License Agreement,5199,21,31,31,1.0
train,paragraph_300_overlap_50,HYDRONTECHNOLOGIESINC_03_31_1997-EX-10.47-SPONSORSHIP AGREEMENT,4114,17,14,14,1.0
train,paragraph_300_overlap_50,CcRealEstateIncomeFundadv_20181205_POS 8C_EX-99.(H)(3)_11447739_EX-99.(H)(3)_Marketing Agreement,4695,22,14,14,1.0
train,paragraph_300_overlap_50,"BLUEROCKRESIDENTIALGROWTHREIT,INC_06_01_2016-EX-1.1-AGENCY AGREEMENT",20909,95,17,16,0.9411764705882353
train,paragraph_300_overlap_50,"TALLGRASSENERGY,LP_02_20_2020-EX-99.26-JOINT FILING AGREEMENT",621,3,12,12,1.0
train,paragraph_300_overlap_50,KINGPHARMACEUTICALSINC_08_09_2006-EX-10.1-PROMOTION AGREEMENT,26840,108,64,64,1.0
train,paragraph_300_overlap_50,PerformanceSportsBrandsInc_20110909_S-1_EX-10.10_7220214_EX-10.10_Endorsement Agreement,4118,17,24,24,1.0
train,paragraph_325_overlap_50,LIMEENERGYCO_09_09_1999-EX-10-DISTRIBUTOR AGREEMENT,5998,24,46,46,1.0
train,paragraph_325_overlap_50,"WHITESMOKE,INC_11_08_2011-EX-10.26-PROMOTION AND DISTRIBUTION AGREEMENT",11313,43,27,27,1.0
train,paragraph_325_overlap_50,NELNETINC_04_08_2020-EX-1-JOINT FILING AGREEMENT,170,1,4,4,1.0
train,paragraph_325_overlap_50,ADAMSGOLFINC_03_21_2005-EX-10.17-ENDORSEMENT AGREEMENT,3770,13,23,23,1.0
train,paragraph_325_overlap_50,"KIROMICBIOPHARMA,INC_05_11_2020-EX-10.23-CONSULTING AGREEMENT",2766,10,24,24,1.0
train,paragraph_325_overlap_50,"VEONEER,INC_02_21_2020-EX-10.11-JOINT VENTURE AGREEMENT",1334,5,16,16,1.0
train,paragraph_325_overlap_50,"MetLife, Inc. - Remarketing Agreement",17518,69,16,16,1.0
train,paragraph_325_overlap_50,"FTENETWORKS,INC_02_18_2016-EX-99.4-STRATEGIC ALLIANCE AGREEMENT",5761,26,33,33,1.0
train,paragraph_325_overlap_50,DOMINIADVISORTRUST_02_18_2005-EX-99.(H)(2)-SPONSORSHIP AGREEMENT,1847,8,13,13,1.0
train,paragraph_325_overlap_50,PfHospitalityGroupInc_20150923_10-12G_EX-10.1_9266710_EX-10.1_Franchise Agreement3,1014,4,12,12,1.0
train,paragraph_325_overlap_50,CerenceInc_20191002_8-K_EX-10.4_11827494_EX-10.4_Intellectual Property Agreement,9608,37,40,40,1.0
train,paragraph_325_overlap_50,ReynoldsConsumerProductsInc_20191115_S-1_EX-10.18_11896469_EX-10.18_Supply Agreement,9599,39,26,26,1.0
train,paragraph_325_overlap_50,IntegrityFunds_20200121_485BPOS_EX-99.E UNDR CONTR_11948727_EX-99.E UNDR CONTR_Service Agreement,3784,16,12,12,1.0
train,paragraph_325_overlap_50,PREMIERBIOMEDICALINC_05_14_2020-EX-10.2-INTELLECTUAL PROPERTY AGREEMENT,3596,14,22,22,1.0
train,paragraph_325_overlap_50,"SIBANNAC,INC_12_04_2017-EX-2.1-Strategic Alliance Agreement",1236,5,14,14,1.0
train,paragraph_325_overlap_50,INTRICONCORP_03_10_2009-EX-10.22-Strategic Alliance Agreement,7774,28,35,35,1.0
train,paragraph_325_overlap_50,BONTONSTORESINC_04_20_2018-EX-99.3-AGENCY AGREEMENT,26842,98,43,43,1.0
train,paragraph_325_overlap_50,"ON2TECHNOLOGIES,INC_11_17_2006-EX-10.3-SUPPORT AND MAINTENANCE AGREEMENT",8844,32,17,17,1.0
train,paragraph_325_overlap_50,Freecook_20180605_S-1_EX-10.3_11233807_EX-10.3_Hosting Agreement,997,4,10,10,1.0
train,paragraph_325_overlap_50,OPERALTD_04_30_2020-EX-4.14-SERVICE AGREEMENT,3326,12,21,21,1.0
train,paragraph_325_overlap_50,"BORROWMONEYCOM,INC_06_11_2020-EX-10.1-JOINT VENTURE AGREEMENT",3507,13,11,11,1.0
train,paragraph_325_overlap_50,ZEBRATECHNOLOGIESCORP_04_16_2014-EX-10.1-INTELLECTUAL PROPERTY AGREEMENT,19581,78,45,42,0.9333333333333333
train,paragraph_325_overlap_50,ChinaRealEstateInformationCorp_20090929_F-1_EX-10.32_4771615_EX-10.32_Content License Agreement,7522,28,24,24,1.0
train,paragraph_325_overlap_50,GLOBALTECHNOLOGIESLTD_06_08_2020-EX-10.16-CONSULTING AGREEMENT,3199,13,12,12,1.0
train,paragraph_325_overlap_50,PfHospitalityGroupInc_20150923_10-12G_EX-10.1_9266710_EX-10.1_Franchise Agreement1,24389,97,84,82,0.9761904761904762
train,paragraph_325_overlap_50,CORIOINC_07_20_2000-EX-10.5-LICENSE AND HOSTING AGREEMENT,8396,31,53,53,1.0
train,paragraph_325_overlap_50,SENMIAOTECHNOLOGYLTD_02_19_2019-EX-10.5-Collaboration Agreement,11876,47,33,33,1.0
train,paragraph_325_overlap_50,HealthcareIntegratedTechnologiesInc_20190812_8-K_EX-10.1_11776966_EX-10.1_Reseller Agreement,3519,12,22,22,1.0
train,paragraph_325_overlap_50,LOYALTYPOINTINC_11_16_2004-EX-10.2-RESELLER AGREEMENT,12890,48,30,30,1.0
train,paragraph_325_overlap_50,BNCMORTGAGEINC_05_17_1999-EX-10.4-LICENSING AND WEB SITE HOSTING AGREEMENT,4739,17,17,17,1.0
train,paragraph_325_overlap_50,ENERGOUSCORP_03_16_2017-EX-10.24-STRATEGIC ALLIANCE AGREEMENT,12422,53,67,67,1.0
train,paragraph_325_overlap_50,CytodynInc_20200109_10-Q_EX-10.5_11941634_EX-10.5_License Agreement,24801,97,52,51,0.9807692307692307
train,paragraph_325_overlap_50,NICELTD_06_26_2003-EX-4.5-OUTSOURCING AGREEMENT,18608,69,29,29,1.0
train,paragraph_325_overlap_50,ImpresseCorp_20000322_S-1A_EX-10.11_5199234_EX-10.11_Co-Branding Agreement,7249,28,32,32,1.0
train,paragraph_325_overlap_50,AlliedEsportsEntertainmentInc_20190815_8-K_EX-10.19_11788293_EX-10.19_Content License Agreement,5471,21,30,30,1.0
train,paragraph_325_overlap_50,CreditcardscomInc_20070810_S-1_EX-10.33_362297_EX-10.33_Affiliate Agreement,4045,18,13,13,1.0
train,paragraph_325_overlap_50,GALACTICOMMTECHNOLOGIESINC_11_07_1997-EX-10.46-WEB HOSTING AGREEMENT,223,1,5,5,1.0
train,paragraph_325_overlap_50,"Zounds Hearing, Inc. - MANUFACTURING DESIGN MARKETING AGREEMENT",6897,28,31,29,0.9354838709677419
train,paragraph_325_overlap_50,CUROGROUPHOLDINGSCORP_05_04_2020-EX-10.3-SERVICING AGREEMENT,5793,21,12,12,1.0
train,paragraph_325_overlap_50,SouthernStarEnergyInc_20051202_SB-2A_EX-9_801890_EX-9_Affiliate Agreement,3607,13,17,17,1.0
train,paragraph_325_overlap_50,ConformisInc_20191101_10-Q_EX-10.6_11861402_EX-10.6_Development Agreement,9583,39,33,33,1.0
train,paragraph_325_overlap_50,Principal Life Insurance Company - Broker Dealer Marketing and Servicing Agreement,4366,20,15,15,1.0
train,paragraph_325_overlap_50,LegacyEducationAllianceInc_20200330_10-K_EX-10.18_12090678_EX-10.18_Development Agreement,7337,30,49,49,1.0
train,paragraph_325_overlap_50,VerizonAbsLlc_20200123_8-K_EX-10.4_11952335_EX-10.4_Service Agreement,45143,162,26,26,1.0
train,paragraph_325_overlap_50,VERICELCORP_08_06_2019-EX-10.10-SUPPLY AGREEMENT,15862,62,39,39,1.0
train,paragraph_325_overlap_50,WPPPLC_04_30_2020-EX-4.28-SERVICE AGREEMENT,10958,43,26,25,0.9615384615384616
train,paragraph_325_overlap_50,WORLDWIDESTRATEGIESINC_11_02_2005-EX-10-RESELLER AGREEMENT,10830,40,43,43,1.0
train,paragraph_325_overlap_50,FEDERATEDGOVERNMENTINCOMESECURITIESINC_04_28_2020-EX-99.SERV AGREE-SERVICES AGREEMENT_SECONDAMENDMENT,820,3,8,8,1.0
train,paragraph_325_overlap_50,AzulSa_20170303_F-1A_EX-10.3_9943903_EX-10.3_Maintenance Agreement2,2549,10,13,13,1.0
train,paragraph_325_overlap_50,PelicanDeliversInc_20200211_S-1_EX-10.3_11975895_EX-10.3_Development Agreement1,2820,12,6,6,1.0
train,paragraph_325_overlap_50,ORBSATCORP_08_17_2007-EX-7.3-STRATEGIC ALLIANCE AGREEMENT,2909,10,19,19,1.0
train,paragraph_325_overlap_50,DRAGONSYSTEMSINC_01_08_1999-EX-10.17-OUTSOURCING AGREEMENT,1088,4,13,13,1.0
train,paragraph_325_overlap_50,SEPARATEACCOUNTIIOFAGL_05_02_2011-EX-99.(J)(4)-UNCONDITIONAL CAPITAL MAINTENANCE AGREEMENT,2845,12,13,13,1.0
train,paragraph_325_overlap_50,ImperialGardenResortInc_20161028_DRS (on F-1)_EX-10.13_9963189_EX-10.13_Outsourcing Agreement,1849,8,7,7,1.0
train,paragraph_325_overlap_50,"VIRGINGALACTICHOLDINGS,INC_04_08_2020-EX-99.1-JOINT FILING STATEMENT",188,1,6,6,1.0
train,paragraph_325_overlap_50,FuseMedicalInc_20190321_10-K_EX-10.43_11575454_EX-10.43_Distributor Agreement,5339,18,21,21,1.0
train,paragraph_325_overlap_50,ASPIRITYHOLDINGSLLC_05_07_2012-EX-10.6-OUTSOURCING AGREEMENT,10095,44,28,28,1.0
train,paragraph_325_overlap_50,"OASYSMOBILE,INC_07_05_2001-EX-10.17-OUTSOURCING AGREEMENT",8147,31,47,47,1.0
train,paragraph_325_overlap_50,MEDIWOUNDLTD_01_15_2014-EX-10.6-SUPPLY AGREEMENT,7708,36,27,27,1.0
train,paragraph_325_overlap_50,UpjohnInc_20200121_10-12G_EX-2.6_11948692_EX-2.6_Manufacturing Agreement_ Supply Agreement,33948,145,95,93,0.9789473684210527
train,paragraph_325_overlap_50,"Antares Pharma, Inc. - Manufacturing Agreement",16365,59,20,20,1.0
train,paragraph_325_overlap_50,RareElementResourcesLtd_20171019_SC 13D_EX-99.4_10897534_EX-99.4_Intellectual Property Agreement,5415,23,33,33,1.0
train,paragraph_325_overlap_50,VARIABLESEPARATEACCOUNT_04_30_2014-EX-13.C-UNCONDITIONAL CAPITAL MAINTENANCE AGREEMENT,2381,9,14,14,1.0
train,paragraph_325_overlap_50,ABILITYINC_06_15_2020-EX-4.25-SERVICES AGREEMENT,4115,18,16,16,1.0
train,paragraph_325_overlap_50,ELECTRAMECCANICA VEHICLES CORP. - Manufacturing Agreement,7251,31,30,29,0.9666666666666667
train,paragraph_325_overlap_50,GopageCorp_20140221_10-K_EX-10.1_8432966_EX-10.1_Content License Agreement,6030,26,25,25,1.0
train,paragraph_325_overlap_50,BICYCLETHERAPEUTICSPLC_03_10_2020-EX-10.11-SERVICE AGREEMENT,9252,33,27,25,0.9259259259259259
train,paragraph_325_overlap_50,TELEGLOBEINTERNATIONALHOLDINGSLTD_03_29_2004-EX-10.10-CONSTRUCTION AND MAINTENANCE AGREEMENT,15095,64,62,62,1.0
train,paragraph_325_overlap_50,INTERNATIONALFASTFOODCORP_04_04_1997-EX-99-FRANCHISE AGREEMENT,16157,59,65,65,1.0
train,paragraph_325_overlap_50,BIOCEPTINC_08_19_2013-EX-10-COLLABORATION AGREEMENT,12142,45,40,40,1.0
train,paragraph_325_overlap_50,PACIFICSYSTEMSCONTROLTECHNOLOGYINC_08_24_2000-EX-10.53-SPONSORSHIP AGREEMENT,682,3,9,9,1.0
train,paragraph_325_overlap_50,NANOPHASETECHNOLOGIESCORP_11_01_2005-EX-99.1-DISTRIBUTOR AGREEMENT,7663,30,37,37,1.0
train,paragraph_325_overlap_50,AzulSa_20170303_F-1A_EX-10.3_9943903_EX-10.3_Maintenance Agreement1,34155,129,41,41,1.0
train,paragraph_325_overlap_50,PelicanDeliversInc_20200211_S-1_EX-10.3_11975895_EX-10.3_Development Agreement2,4870,21,21,21,1.0
train,paragraph_325_overlap_50,"NETGEAR,INC_04_21_2003-EX-10.16-AMENDMENT TO THE DISTRIBUTOR AGREEMENT BETWEEN INGRAM MICRO AND NETGEAR",973,4,8,8,1.0
train,paragraph_325_overlap_50,NEONSYSTEMSINC_03_01_1999-EX-10.5-DISTRIBUTOR AGREEMENT_Amendment,2848,11,32,32,1.0
train,paragraph_325_overlap_50,SPARKLINGSPRINGWATERHOLDINGSLTD_07_03_2002-EX-10.13-SOFTWARE LICENSE AND MAINTENANCE AGREEMENT,3885,14,28,27,0.9642857142857143
train,paragraph_325_overlap_50,NUVEEN - REMARKETING AGREEMENT,11298,43,17,17,1.0
train,paragraph_325_overlap_50,SECURIANFUNDSTRUST_05_01_2012-EX-99.28.H.9-NET INVESTMENT INCOME MAINTENANCE AGREEMENT,1538,6,13,13,1.0
train,paragraph_325_overlap_50,WELLSFARGOMORTGAGEBACKEDSECURITIES2006-6TRUST_05_11_2006-EX-10.3-Yield Maintenance Agreement,5299,20,12,12,1.0
train,paragraph_325_overlap_50,REWALKROBOTICSLTD_07_10_2014-EX-10.2-STRATEGIC ALLIANCE AGREEMENT,2320,9,15,15,1.0
train,paragraph_325_overlap_50,PenntexMidstreamPartnersLp_20150416_S-1A_EX-10.4_9042833_EX-10.4_Transportation Agreement,7965,29,20,20,1.0
train,paragraph_325_overlap_50,FerroglobePlc_20150624_F-4A_EX-10.20_9154746_EX-10.20_Outsourcing Agreement,4627,15,13,13,1.0
train,paragraph_325_overlap_50,TodosMedicalLtd_20190328_20-F_EX-4.10_11587157_EX-4.10_Marketing Agreement_ Reseller Agreement,5066,21,31,31,1.0
train,paragraph_325_overlap_50,PrecheckHealthServicesInc_20200320_8-K_EX-99.2_12070169_EX-99.2_Distributor Agreement,970,5,13,13,1.0
train,paragraph_325_overlap_50,INKTOMICORP_06_08_1998-EX-10.14-SOFTWARE HOSTING AGREEMENT,9916,35,29,29,1.0
train,paragraph_325_overlap_50,"OAKTREECAPITALGROUP,LLC_03_02_2020-EX-10.8-Services Agreement",3194,11,14,14,1.0
train,paragraph_325_overlap_50,BANGIINC_05_25_2005-EX-10-Premium Managed Hosting Agreement,302,1,6,6,1.0
train,paragraph_325_overlap_50,AMERICANPHYSICIANSCAPITALINC_03_31_2003-EX-10.26-AGENCY AGREEMENT,2901,10,25,25,1.0
train,paragraph_325_overlap_50,GULFSOUTHMEDICALSUPPLYINC_12_24_1997-EX-4-AFFILIATE AGREEMENT,2765,11,9,9,1.0
train,paragraph_325_overlap_50,"BELLRINGBRANDS,INC_02_07_2020-EX-10.18-MASTER SUPPLY AGREEMENT",5813,23,28,28,1.0
train,paragraph_325_overlap_50,AimmuneTherapeuticsInc_20200205_8-K_EX-10.3_11967170_EX-10.3_Development Agreement,25298,91,56,55,0.9821428571428571
train,paragraph_325_overlap_50,HEALTHGATEDATACORP_11_24_1999-EX-10.1-HOSTING AND MANAGEMENT AGREEMENT (1),17975,61,51,51,1.0
train,paragraph_325_overlap_50,"INTELLIGENTHIGHWAYSOLUTIONS,INC_01_18_2018-EX-10.1-Strategic Alliance Agreement",1217,5,14,14,1.0
train,paragraph_325_overlap_50,ATMOSENERGYCORP_11_22_2002-EX-10.17-TRANSPORTATION SERVICE AGREEMENT,2588,9,18,18,1.0
train,paragraph_325_overlap_50,PacificapEntertainmentHoldingsInc_20051115_8-KA_EX-1.01_4300894_EX-1.01_Content License Agreement,2500,10,15,15,1.0
train,paragraph_325_overlap_50,ReedsInc_20191113_10-Q_EX-10.4_11888303_EX-10.4_Development Agreement,4301,17,19,19,1.0
train,paragraph_325_overlap_50,RgcResourcesInc_20151216_8-K_EX-10.3_9372751_EX-10.3_Franchise Agreement,805,3,10,10,1.0
train,paragraph_325_overlap_50,"BELLICUMPHARMACEUTICALS,INC_05_07_2019-EX-10.1-Supply Agreement",28275,109,69,68,0.9855072463768116
train,paragraph_325_overlap_50,MARTINMIDSTREAMPARTNERSLP_01_23_2004-EX-10.3-TRANSPORTATION SERVICES AGREEMENT,2175,8,17,17,1.0
train,paragraph_325_overlap_50,RUBIOSRESTAURANTSINC_03_31_2008-EX-10.75-SPONSORSHIP AGREEMENT,5760,23,20,20,1.0
train,paragraph_325_overlap_50,CardlyticsInc_20180112_S-1_EX-10.16_11002987_EX-10.16_Maintenance Agreement2,387,2,6,6,1.0
train,paragraph_325_overlap_50,"XLITECHNOLOGIES,INC_12_11_2015-EX-10.1-Sponsorship Agreement",2851,11,16,16,1.0
train,paragraph_325_overlap_50,ScansourceInc_20190822_10-K_EX-10.38_11793958_EX-10.38_Distributor Agreement2,2044,7,18,18,1.0
train,paragraph_325_overlap_50,VERTEXENERGYINC_08_14_2014-EX-10.24-OPERATION AND MAINTENANCE AGREEMENT,8601,31,29,29,1.0
train,paragraph_325_overlap_50,NYLIACVARIABLEANNUITYSEPARATEACCOUNTIII_04_10_2020-EX-99.8.KK-SERVICE AGREEMENT,1072,4,12,12,1.0
train,paragraph_325_overlap_50,AlliedEsportsEntertainmentInc_20190815_8-K_EX-10.34_11788308_EX-10.34_Sponsorship Agreement,5852,24,25,25,1.0
train,paragraph_325_overlap_50,SLOVAKWIRELESSFINANCECOBV_03_28_2001-EX-4.(B)(II).3-Maintenance and support contract for SICAP(R) modules,3435,12,9,9,1.0
train,paragraph_325_overlap_50,ANIXABIOSCIENCESINC_06_09_2020-EX-10.1-COLLABORATION AGREEMENT,6178,23,31,31,1.0
train,paragraph_325_overlap_50,"ELFBEAUTY,INC_07_02_2020-EX-10.1-COOPERATION AGREEMENT",7265,28,17,17,1.0
train,paragraph_325_overlap_50,DigitalCinemaDestinationsCorp_20111220_S-1_EX-10.10_7346719_EX-10.10_Affiliate Agreement,16673,65,63,63,1.0
train,paragraph_325_overlap_50,VERTICALNETINC_04_01_2002-EX-10.19-MAINTENANCE AND SUPPORT AGREEMENT,10705,42,31,31,1.0
train,paragraph_325_overlap_50,TcPipelinesLp_20160226_10-K_EX-99.12_9454048_EX-99.12_Transportation Agreement,916,4,11,11,1.0
train,paragraph_325_overlap_50,HUBEIMINKANGPHARMACEUTICALLTD_09_19_2006-EX-10.1-OUTSOURCING AGREEMENT,1836,8,13,13,1.0
train,paragraph_325_overlap_50,ACCURAYINC_09_01_2010-EX-10.31-DISTRIBUTOR AGREEMENT,13349,53,30,30,1.0
train,paragraph_325_overlap_50,"MIDDLEBROOKPHARMACEUTICALS,INC_03_18_2010-EX-10.1-PROMOTION AGREEMENT",8879,35,23,23,1.0
train,paragraph_325_overlap_50,ArcGroupInc_20171211_8-K_EX-10.1_10976103_EX-10.1_Sponsorship Agreement,2622,11,9,9,1.0
train,paragraph_325_overlap_50,AtnInternationalInc_20191108_10-Q_EX-10.1_11878541_EX-10.1_Maintenance Agreement,34973,130,70,67,0.9571428571428572
train,paragraph_325_overlap_50,"SightLife Surgical, Inc. - STRATEGIC SALES _ MARKETING AGREEMENT",3604,14,23,23,1.0
train,paragraph_325_overlap_50,InmodeLtd_20190729_F-1A_EX-10.9_11743243_EX-10.9_Manufacturing Agreement,6122,24,23,23,1.0
train,paragraph_325_overlap_50,FUSIONPHARMACEUTICALSINC_06_05_2020-EX-10.17-Supply Agreement - FUSION,6318,25,29,29,1.0
train,paragraph_325_overlap_50,URSCORPNEW_03_17_2014-EX-99-COOPERATION AGREEMENT,6004,23,9,9,1.0
train,paragraph_325_overlap_50,GpaqAcquisitionHoldingsInc_20200123_S-4A_EX-10.6_11951677_EX-10.6_License Agreement,7187,30,45,45,1.0
train,paragraph_325_overlap_50,SalesforcecomInc_20171122_10-Q_EX-10.1_10961535_EX-10.1_Reseller Agreement,435,2,6,6,1.0
train,paragraph_325_overlap_50,SLINGERBAGINC_05_27_2020-EX-10.7-CONSULTING AGREEMENT,5346,22,15,15,1.0
train,paragraph_325_overlap_50,IGENEBIOTECHNOLOGYINC_05_13_2003-EX-1-JOINT VENTURE AGREEMENT,11330,42,28,28,1.0
train,paragraph_325_overlap_50,ENERGYXXILTD_05_08_2015-EX-10.13-Transportation AGREEMENT,9243,37,23,23,1.0
train,paragraph_325_overlap_50,EtonPharmaceuticalsInc_20191114_10-Q_EX-10.1_11893941_EX-10.1_Development Agreement,10256,42,27,27,1.0
train,paragraph_325_overlap_50,ScansourceInc_20190822_10-K_EX-10.38_11793958_EX-10.38_Distributor Agreement1,12904,47,42,41,0.9761904761904762
train,paragraph_325_overlap_50,CardlyticsInc_20180112_S-1_EX-10.16_11002987_EX-10.16_Maintenance Agreement1,25087,95,93,93,1.0
train,paragraph_325_overlap_50,"NETGEAR,INC_04_21_2003-EX-10.16-DISTRIBUTOR AGREEMENT",6029,22,45,45,1.0
train,paragraph_325_overlap_50,EcoScienceSolutionsInc_20171117_8-K_EX-10.1_10956472_EX-10.1_Endorsement Agreement,2843,10,17,17,1.0
train,paragraph_325_overlap_50,AMERICASSHOPPINGMALLINC_12_10_1999-EX-10.2-SITE DEVELOPMENT AND HOSTING AGREEMENT,2892,11,22,22,1.0
train,paragraph_325_overlap_50,DataCallTechnologies_20060918_SB-2A_EX-10.9_944510_EX-10.9_Content License Agreement,1666,6,22,22,1.0
train,paragraph_325_overlap_50,JINGWEIINTERNATIONALLTD_10_04_2007-EX-10.7-INTELLECTUAL PROPERTY AGREEMENT,2356,9,18,18,1.0
train,paragraph_325_overlap_50,FEDERATEDGOVERNMENTINCOMESECURITIESINC_04_28_2020-EX-99.SERV AGREE-SERVICES AGREEMENT,1762,7,13,11,0.8461538461538461
train,paragraph_325_overlap_50,MRSFIELDSORIGINALCOOKIESINC_01_29_1998-EX-10-FRANCHISE AGREEMENT,33705,126,78,77,0.9871794871794872
train,paragraph_325_overlap_50,PalmerSquareCapitalBdcInc_20200116_10-12GA_EX-10.6_11949289_EX-10.6_Trademark License Agreement,2306,10,19,19,1.0
train,paragraph_325_overlap_50,LUCIDINC_04_15_2011-EX-10.9-DISTRIBUTOR AGREEMENT,2351,11,20,20,1.0
train,paragraph_325_overlap_50,UsioInc_20040428_SB-2_EX-10.11_1723988_EX-10.11_Affiliate Agreement 2,3740,16,28,28,1.0
train,paragraph_325_overlap_50,EmmisCommunicationsCorp_20191125_8-K_EX-10.6_11906433_EX-10.6_Marketing Agreement,2709,11,11,11,1.0
train,paragraph_325_overlap_50,ENTERTAINMENTGAMINGASIAINC_02_15_2005-EX-10.5-DISTRIBUTOR AGREEMENT,6920,24,38,37,0.9736842105263158
train,paragraph_325_overlap_50,"Magenta Therapeutics, Inc. - Master Development and Manufacturing Agreement",11308,43,33,33,1.0
train,paragraph_325_overlap_50,"GRIDIRONBIONUTRIENTS,INC_02_05_2020-EX-10.3-SUPPLY AGREEMENT",903,4,10,10,1.0
train,paragraph_325_overlap_50,PapaJohnsInternationalInc_20190617_8-K_EX-10.1_11707365_EX-10.1_Endorsement Agreement,10661,41,35,35,1.0
train,paragraph_325_overlap_50,SUMMAFOURINC_06_19_1998-EX-10.3-SOFTWARE LICENSE AND MAINTENANCE AGREEMENT,14158,50,34,33,0.9705882352941176
train,paragraph_325_overlap_50,MACROGENICSINC_08_02_2013-EX-10-COLLABORATION AGREEMENT,25333,90,51,51,1.0
train,paragraph_325_overlap_50,GSVINC_05_15_1998-EX-10-SPONSORSHIP AGREEMENT,5880,21,22,22,1.0
train,paragraph_325_overlap_50,MorganStanleyDirectLendingFund_20191119_10-12GA_EX-10.5_11898508_EX-10.5_Trademark License Agreement,2438,10,27,27,1.0
train,paragraph_325_overlap_50,ELANDIAINTERNATIONALINC_04_25_2007-EX-10.21-Outsourcing Agreement,12396,41,25,25,1.0
train,paragraph_325_overlap_50,PareteumCorp_20081001_8-K_EX-99.1_2654808_EX-99.1_Hosting Agreement,10213,37,23,23,1.0
train,paragraph_325_overlap_50,PhasebioPharmaceuticalsInc_20200330_10-K_EX-10.21_12086810_EX-10.21_Development Agreement,45650,172,88,87,0.9886363636363636
train,paragraph_325_overlap_50,"KUBIENT,INC_07_02_2020-EX-10.14-MASTER SERVICES AGREEMENT_Part2",1185,5,13,13,1.0
train,paragraph_325_overlap_50,EdietsComInc_20001030_10QSB_EX-10.4_2606646_EX-10.4_Co-Branding Agreement,9075,34,48,48,1.0
train,paragraph_325_overlap_50,LECLANCHÉ S.A. - JOINT DEVELOPMENT AND MARKETING AGREEMENT,3207,11,19,19,1.0
train,paragraph_325_overlap_50,CardlyticsInc_20180112_S-1_EX-10.16_11002987_EX-10.16_Maintenance Agreement4,756,3,12,12,1.0
train,paragraph_325_overlap_50,TomOnlineInc_20060501_20-F_EX-4.46_749700_EX-4.46_Co-Branding Agreement,17487,68,56,54,0.9642857142857143
train,paragraph_325_overlap_50,"CERES,INC_01_25_2012-EX-10.20-Collaboration Agreement",45577,155,66,66,1.0
train,paragraph_325_overlap_50,"INTERSECTENT,INC_05_11_2020-EX-10.1-SUPPLY AGREEMENT",5973,24,18,18,1.0
train,paragraph_325_overlap_50,"TRANSPHORM,INC_02_14_2020-EX-10.12(1)-JOINT VENTURE AGREEMENT",15468,56,35,34,0.9714285714285714
train,paragraph_325_overlap_50,EuromediaHoldingsCorp_20070215_10SB12G_EX-10.B(01)_525118_EX-10.B(01)_Content License Agreement,4580,21,30,30,1.0
train,paragraph_325_overlap_50,"Sonos, Inc. - Manufacturing Agreement ",17177,61,53,53,1.0
train,paragraph_325_overlap_50,"ASHWORTHINC_01_29_1999-EX-10.(D)-PROMOTION AGREEMENT AND NANTZ COMMUNICATIONS, INC.",3589,14,27,27,1.0
train,paragraph_325_overlap_50,LIGHTBRIDGECORP_11_23_2015-EX-10.26-STRATEGIC ALLIANCE AGREEMENT,3023,11,11,11,1.0
train,paragraph_325_overlap_50,"XLITECHNOLOGIES,INC_12_02_2015-EX-10.02-STRATEGIC ALLIANCE AGREEMENT",875,3,9,9,1.0
train,paragraph_325_overlap_50,HYPERIONSOFTWARECORP_09_28_1994-EX-10.47-EXCLUSIVE DISTRIBUTOR AGREEMENT,5290,19,30,30,1.0
train,paragraph_325_overlap_50,BUFFALOWILDWINGSINC_06_05_1998-EX-10.3-FRANCHISE AGREEMENT,23663,90,86,82,0.9534883720930233
train,paragraph_325_overlap_50,ReynoldsConsumerProductsInc_20200121_S-1A_EX-10.22_11948918_EX-10.22_Service Agreement,17207,65,26,26,1.0
train,paragraph_325_overlap_50,"GWG HOLDINGS, INC. - ORDERLY MARKETING AGREEMENT",4177,18,12,12,1.0
train,paragraph_325_overlap_50,BLACKROCKMUNIHOLDINGSINVESTMENTQUALITYFUND_04_07_2020-EX-99.01-JOINT FILING AGREEMENT,201,1,6,6,1.0
train,paragraph_325_overlap_50,ALLISONTRANSMISSIONHOLDINGSINC_12_15_2014-EX-99.1-COOPERATION AGREEMENT,5202,20,18,18,1.0
train,paragraph_325_overlap_50,WARNINGMANAGEMENTSERVICESINC_12_10_1999-EX-10-ENDORSEMENT AGREEMENT,4602,17,32,32,1.0
train,paragraph_325_overlap_50,LinkPlusCorp_20050802_8-K_EX-10_3240252_EX-10_Affiliate Agreement,2899,10,32,32,1.0
train,paragraph_325_overlap_50,SMITHELECTRICVEHICLESCORP_04_04_2012-EX-10.26-FLEET MAINTENANCE AGREEMENT,13201,59,29,28,0.9655172413793104
train,paragraph_325_overlap_50,CHINARECYCLINGENERGYCORP_11_14_2013-EX-10.6-Cooperation Agreement,2664,12,13,13,1.0
train,paragraph_325_overlap_50,"KUBIENT,INC_07_02_2020-EX-10.14-MASTER SERVICES AGREEMENT_Part1",4014,16,20,20,1.0
train,paragraph_325_overlap_50,NeoformaInc_19991202_S-1A_EX-10.26_5224521_EX-10.26_Co-Branding Agreement,13370,50,70,70,1.0
train,paragraph_325_overlap_50,AULAMERICANUNITTRUST_04_24_2020-EX-99.8.77-SERVICING AGREEMENT,5607,21,16,16,1.0
train,paragraph_325_overlap_50,VIOLINMEMORYINC_12_12_2012-EX-10.14-SPONSORSHIP AGREEMENT,8499,30,30,29,0.9666666666666667
train,paragraph_325_overlap_50,RaeSystemsInc_20001114_10-Q_EX-10.57_2631790_EX-10.57_Co-Branding Agreement,5582,20,29,29,1.0
train,paragraph_325_overlap_50,QBIOMEDINC_04_08_2020-EX-99.1-JOINT FILING AGREEMENT,429,2,13,13,1.0
train,paragraph_325_overlap_50,ZogenixInc_20190509_10-Q_EX-10.2_11663313_EX-10.2_Distributor Agreement,26626,98,70,67,0.9571428571428572
train,paragraph_325_overlap_50,LeadersonlineInc_20000427_S-1A_EX-10.8_4991089_EX-10.8_Co-Branding Agreement,8078,30,44,44,1.0
train,paragraph_325_overlap_50,ArcaUsTreasuryFund_20200207_N-2_EX-99.K5_11971930_EX-99.K5_Development Agreement,2316,10,12,12,1.0
train,paragraph_325_overlap_50,BIOAMBERINC_04_10_2013-EX-10.34-DEVELOPMENT AGREEMENT - First Amendment,940,4,7,7,1.0
train,paragraph_325_overlap_50,"XACCT Technologies, Inc.SUPPORT AND MAINTENANCE AGREEMENT",1796,6,14,14,1.0
train,paragraph_325_overlap_50,CHANGEPOINTCORP_03_08_2000-EX-10.6-LICENSE AND HOSTING AGREEMENT,18806,71,82,82,1.0
train,paragraph_325_overlap_50,Apollo Endosurgery - Manufacturing and Supply Agreement,7248,27,24,24,1.0
train,paragraph_325_overlap_50,"MJBIOTECH,INC_12_06_2018-EX-99.01-JOINT VENTURE AGREEMENT",3709,13,22,22,1.0
train,paragraph_325_overlap_50,IDREAMSKYTECHNOLOGYLTD_07_03_2014-EX-10.39-Cooperation Agreement on Mobile Game Business,12072,42,26,26,1.0
train,paragraph_325_overlap_50,"CANOPETROLEUM,INC_12_13_2007-EX-10.1-Sponsorship Agreement",1449,6,14,14,1.0
train,paragraph_325_overlap_50,"HOSPITALITYINVESTORSTRUST,INC_04_07_2014-EX-10.26-FRANCHISE AGREEMENT",23061,91,49,47,0.9591836734693877
train,paragraph_325_overlap_50,FulucaiProductionsLtd_20131223_10-Q_EX-10.9_8368347_EX-10.9_Content License Agreement,2804,12,28,28,1.0
train,paragraph_325_overlap_50,MPLXLP_06_17_2015-EX-10.1-TRANSPORTATION SERVICES AGREEMENT,8966,32,30,30,1.0
train,paragraph_325_overlap_50,LOGANSROADHOUSEINC_03_27_1998-EX-10.17-SPONSORSHIP AGREEMENT,2865,11,19,19,1.0
train,paragraph_325_overlap_50,FuelcellEnergyInc_20191106_8-K_EX-10.1_11868007_EX-10.1_Development Agreement,15880,59,60,60,1.0
train,paragraph_325_overlap_50,"THERAVANCEBIOPHARMA,INC_05_08_2020-EX-10.2-SERVICE AGREEMENT",5294,23,16,16,1.0
train,paragraph_325_overlap_50,DYNAMEXINC_06_06_1996-EX-10.4-TRANSPORTATION SERVICES AGREEMENT,6760,23,33,32,0.9696969696969697
train,paragraph_325_overlap_50,ULTRAGENYXPHARMACEUTICALINC_12_23_2013-EX-10.9-SUPPLY AGREEMENT,2274,8,16,16,1.0
train,paragraph_325_overlap_50,"NETGEAR,INC_04_21_2003-EX-10.16- AMENDMENT #2 TO THE DISTRIBUTION AGREEMENT",555,2,6,6,1.0
train,paragraph_325_overlap_50,SFGFINANCIALCORP_05_12_2009-EX-10.1-SOFTWARE LICENSE AND MAINTENANCE AGREEMENT,7749,31,32,32,1.0
train,paragraph_325_overlap_50,"VAXCYTE,INC_05_22_2020-EX-10.19-SUPPLY AGREEMENT",15227,60,29,29,1.0
train,paragraph_325_overlap_50,"OTISWORLDWIDECORP_04_03_2020-EX-10.4-INTELLECTUAL PROPERTY AGREEMENT by and among UNITED TECHNOLOGIES CORPORATION, OTIS WORLDWIDE CORPORATION and CARRIER ~1",9672,41,32,28,0.875
train,paragraph_325_overlap_50,"GIGGLESN_HUGS,INC_06_23_2016-EX-10.2-STRATEGIC ALLIANCE AGREEMENT",3430,14,19,18,0.9473684210526315
train,paragraph_325_overlap_50,ExactSciencesCorp_20180822_8-K_EX-10.1_11331629_EX-10.1_Promotion Agreement,24685,108,43,42,0.9767441860465116
train,paragraph_325_overlap_50,GlobalTechnologiesGroupInc_20050928_10KSB_EX-10.9_4148808_EX-10.9_Content License Agreement,5899,22,18,18,1.0
train,paragraph_325_overlap_50,HertzGroupRealtyTrustInc_20190920_S-11A_EX-10.8_11816941_EX-10.8_Trademark License Agreement,2236,10,15,15,1.0
train,paragraph_325_overlap_50,QuantumGroupIncFl_20090120_8-K_EX-99.2_3672910_EX-99.2_Hosting Agreement,17414,65,32,32,1.0
train,paragraph_325_overlap_50,"PHREESIA,INC_05_28_2019-EX-10.18-STRATEGIC ALLIANCE AGREEMENT",17703,63,51,51,1.0
train,paragraph_325_overlap_50,"Array BioPharma Inc. - LICENSE, DEVELOPMENT AND COMMERCIALIZATION AGREEMENT",42742,156,65,65,1.0
train,paragraph_325_overlap_50,MERCATAINC_03_09_2000-EX-10.21-SPONSORSHIP AGREEMENT,3224,12,12,12,1.0
train,paragraph_325_overlap_50,"MEDALISTDIVERSIFIEDREIT,INC_05_18_2020-EX-10.1-CONSULTING AGREEMENT",3724,15,34,34,1.0
train,paragraph_325_overlap_50,"FOUNDATIONMEDICINE,INC_02_02_2015-EX-10.2-Collaboration Agreement",26407,94,75,75,1.0
train,paragraph_325_overlap_50,RevolutionMedicinesInc_20200117_S-1_EX-10.1_11948417_EX-10.1_Development Agreement,40936,154,90,88,0.9777777777777777
train,paragraph_325_overlap_50,"ETELOS,INC_03_09_2004-EX-10.8-DISTRIBUTOR AGREEMENT",3863,14,25,25,1.0
train,paragraph_325_overlap_50,LifewayFoodsInc_20160316_10-K_EX-10.24_9489766_EX-10.24_Endorsement Agreement,1656,6,16,16,1.0
train,paragraph_325_overlap_50,"LEGACYTECHNOLOGYHOLDINGS,INC_12_09_2005-EX-10.2-DISTRIBUTOR AGREEMENT",1937,7,23,23,1.0
train,paragraph_325_overlap_50,DeltathreeInc_19991102_S-1A_EX-10.19_6227850_EX-10.19_Co-Branding Agreement_ Service Agreement,4070,16,17,17,1.0
train,paragraph_325_overlap_50,"SPRINGBANKPHARMACEUTICALS,INC_04_08_2020-EX-99.A-JOINT FILING AGREEMENT",246,1,6,6,1.0
train,paragraph_325_overlap_50,ImineCorp_20180725_S-1_EX-10.5_11275970_EX-10.5_Distributor Agreement,5369,22,23,23,1.0
train,paragraph_325_overlap_50,CCAINDUSTRIESINC_04_14_2014-EX-10.1-OUTSOURCING AGREEMENT,4889,18,27,27,1.0
train,paragraph_325_overlap_50,Microgenics Corporation - Collaborative Development and Commercialization Agreement,28415,110,54,54,1.0
train,paragraph_325_overlap_50,VgrabCommunicationsInc_20200129_10-K_EX-10.33_11958828_EX-10.33_Development Agreement,2297,10,13,13,1.0
train,paragraph_325_overlap_50,AIRTECHINTERNATIONALGROUPINC_05_08_2000-EX-10.4-FRANCHISE AGREEMENT,11368,38,42,41,0.9761904761904762
train,paragraph_325_overlap_50,IMMUNOMEDICSINC_08_07_2019-EX-10.1-PROMOTION AGREEMENT,24022,89,36,33,0.9166666666666666
train,paragraph_325_overlap_50,BravatekSolutionsInc_20170418_8-K_EX-10.1_10205739_EX-10.1_Reseller Agreement,2384,10,17,17,1.0
train,paragraph_325_overlap_50,SPORTHALEYINC_09_29_1997-EX-10.2-10-ENDORSEMENT AGREEMENT,1537,7,21,21,1.0
train,paragraph_325_overlap_50,XENCORINC_10_25_2013-EX-10.24-COLLABORATION AGREEMENT (3),20117,84,66,66,1.0
train,paragraph_325_overlap_50,NETGROCERINC_07_31_1998-EX-10.15-SPONSORSHIP AGREEMENT,5206,19,26,25,0.9615384615384616
train,paragraph_325_overlap_50,CoherusBiosciencesInc_20200227_10-K_EX-10.29_12021376_EX-10.29_Development Agreement,21991,81,56,55,0.9821428571428571
train,paragraph_325_overlap_50,DIVERSINETCORP_03_01_2012-EX-4-RESELLER AGREEMENT,11296,42,43,42,0.9767441860465116
train,paragraph_325_overlap_50,NmfSlfIInc_20200115_10-12GA_EX-10.5_11946987_EX-10.5_Trademark License Agreement,2694,11,25,25,1.0
train,paragraph_325_overlap_50,KALLOINC_11_03_2011-EX-10.1-STRATEGIC ALLIANCE AGREEMENT,11172,39,34,34,1.0
train,paragraph_325_overlap_50,MOSSIMOINC_04_14_2000-EX-10.14-ENDORSEMENT AGREEMENT,3480,12,28,28,1.0
train,paragraph_325_overlap_50,FEDERATEDGOVERNMENTINCOMESECURITIESINC_04_28_2020-EX-99.SERV AGREE-SERVICES AGREEMENT_AMENDMENT,564,2,8,8,1.0
train,paragraph_325_overlap_50,RandWorldwideInc_20010402_8-KA_EX-10.2_2102464_EX-10.2_Co-Branding Agreement,6718,24,34,34,1.0
train,paragraph_325_overlap_50,GOLDRESOURCECORP_12_11_2008-EX-10.1-STRATEGIC ALLIANCE AGREEMENT,8786,32,36,36,1.0
train,paragraph_325_overlap_50,"Loop Industries, Inc. - Marketing Agreement",5244,22,19,19,1.0
train,paragraph_325_overlap_50,BloomEnergyCorp_20180321_DRSA (on S-1)_EX-10_11240356_EX-10_Maintenance Agreement,16116,61,36,36,1.0
train,paragraph_325_overlap_50,AudibleInc_20001113_10-Q_EX-10.32_2599586_EX-10.32_Co-Branding Agreement_ Marketing Agreement_ Investment Distribution Agreement,11211,43,47,47,1.0
train,paragraph_325_overlap_50,HOLIDAYRVSUPERSTORESINC_04_15_2002-EX-10.13-ENDORSEMENT AGREEMENT,2189,8,17,17,1.0
train,paragraph_325_overlap_50,NeuroboPharmaceuticalsInc_20190903_S-4_EX-10.36_11802165_EX-10.36_Manufacturing Agreement_ Supply Agreement,3094,12,11,11,1.0
train,paragraph_325_overlap_50,SONUSCORP_03_12_1997-EX-10.11-SPONSORSHIP AGREEMENT,3891,14,10,10,1.0
train,paragraph_325_overlap_50,RangeResourcesLouisianaInc_20150417_8-K_EX-10.5_9045501_EX-10.5_Transportation Agreement,15659,59,21,21,1.0
train,paragraph_325_overlap_50,CHAPARRALRESOURCESINC_03_30_2000-EX-10.66-TRANSPORTATION CONTRACT,3865,13,17,17,1.0
train,paragraph_325_overlap_50,AURASYSTEMSINC_06_16_2010-EX-10.25-STRATEGIC ALLIANCE AGREEMENT,6938,28,44,44,1.0
train,paragraph_325_overlap_50,IpassInc_20181203_8-K_EX-99.1_11445874_EX-99.1_Reseller Agreement,11394,44,30,30,1.0
train,paragraph_325_overlap_50,VERSOTECHNOLOGIESINC_12_28_2007-EX-99.3-INTELLECTUAL PROPERTY AGREEMENT,739,3,8,8,1.0
train,paragraph_325_overlap_50,EhaveInc_20190515_20-F_EX-4.44_11678816_EX-4.44_License Agreement_ Reseller Agreement,13634,55,62,61,0.9838709677419355
train,paragraph_325_overlap_50,"UNITEDNATIONALBANCORP_03_03_1999-EX-99-Outsourcing Agreement with the BISYS Group, Inc.",279,1,7,7,1.0
train,paragraph_325_overlap_50,VirtuosoSurgicalInc_20191227_1-A_EX1A-6 MAT CTRCT_11933379_EX1A-6 MAT CTRCT_License Agreement,5675,23,37,37,1.0
train,paragraph_325_overlap_50,"ROCKYMOUNTAINCHOCOLATEFACTORY,INC_12_23_2019-EX-10.2-STRATEGIC ALLIANCE AGREEMENT",19420,81,34,33,0.9705882352941176
train,paragraph_325_overlap_50,VITAMINSHOPPECOMINC_09_13_1999-EX-10.26-SPONSORSHIP AGREEMENT,8223,28,16,16,1.0
train,paragraph_325_overlap_50,"SOLUTIONSVENDINGINTERNATIONAL,INC_03_31_2020-EX1A-1 UNDR AGMT-SERVICES AGREEMENT",1122,5,9,9,1.0
train,paragraph_325_overlap_50,InnerscopeHearingTechnologiesInc_20181109_8-K_EX-10.6_11419704_EX-10.6_Distributor Agreement,3360,11,27,27,1.0
train,paragraph_325_overlap_50,SmartRxSystemsInc_20180914_1-A_EX1A-6 MAT CTRCT_11351705_EX1A-6 MAT CTRCT_Distributor Agreement,6123,29,25,25,1.0
train,paragraph_325_overlap_50,BIOFRONTERAAG_04_29_2019-EX-4.17-SUPPLY AGREEMENT,9771,43,27,26,0.9629629629629629
train,paragraph_325_overlap_50,"CORALGOLDRESOURCES,LTD_05_28_2020-EX-4.1-CONSULTING AGREEMENT",4730,18,20,20,1.0
train,paragraph_325_overlap_50,Cerus Corporation - FIRST AMEND TO SUPPLY AND MANUFACTURING AGREEMENT,1796,7,7,7,1.0
train,paragraph_325_overlap_50,OLDAPIWIND-DOWNLTD_01_08_2016-EX-1.3-AGENCY AGREEMENT2,630,2,8,8,1.0
train,paragraph_325_overlap_50,ATENTOSA_07_06_2020-EX-99.1-JOINT FILING AGREEMENT,357,2,12,12,1.0
train,paragraph_325_overlap_50,HealthcentralCom_19991108_S-1A_EX-10.27_6623292_EX-10.27_Co-Branding Agreement,6492,23,34,34,1.0
train,paragraph_325_overlap_50,GAINSCOINC_01_21_2010-EX-10.41-SPONSORSHIP AGREEMENT,2452,10,26,25,0.9615384615384616
train,paragraph_325_overlap_50,"TURNKEYCAPITAL,INC_07_20_2017-EX-1.1-Strategic Alliance Agreement",1988,7,12,12,1.0
train,paragraph_325_overlap_50,IVILLAGEINC_03_17_1999-EX-10.16-SPONSORSHIP AGREEMENT,3407,14,26,26,1.0
train,paragraph_325_overlap_50,"IPAYMENT,INC_05_14_2007-EX-10.1-SPONSORSHIP AGREEMENT",14652,53,34,34,1.0
train,paragraph_325_overlap_50,RISEEDUCATIONCAYMANLTD_04_17_2020-EX-4.23-SERVICE AGREEMENT,2394,9,13,13,1.0
train,paragraph_325_overlap_50,STARTECGLOBALCOMMUNICATIONSCORP_11_16_1998-EX-10.30-CONSTRUCTION AND MAINTENANCE AGREEMENT,14551,52,74,74,1.0
train,paragraph_325_overlap_50,LejuHoldingsLtd_20140121_DRS (on F-1)_EX-10.26_8473102_EX-10.26_Content License Agreement2,327,2,7,7,1.0
train,paragraph_325_overlap_50,FIBROGENINC_10_01_2014-EX-10.11-COLLABORATION AGREEMENT,24526,92,51,51,1.0
train,paragraph_325_overlap_50,"KNOWLABS,INC_08_15_2005-EX-10-INTELLECTUAL PROPERTY AGREEMENT",1970,7,16,16,1.0
train,paragraph_325_overlap_50,UAGHINC_04_14_2004-EX-10.18-MAINTENANCE AGREEMENT,2676,12,19,18,0.9473684210526315
train,paragraph_325_overlap_50,"ARMSTRONGFLOORING,INC_01_07_2019-EX-10.2-INTELLECTUAL PROPERTY AGREEMENT",10349,39,49,48,0.9795918367346939
train,paragraph_325_overlap_50,VitalibisInc_20180316_8-K_EX-10.2_11100168_EX-10.2_Hosting Agreement,7045,27,29,29,1.0
train,paragraph_325_overlap_50,HEALTHGATEDATACORP_11_24_1999-EX-10.1-HOSTING AND MANAGEMENT AGREEMENT - Escrow Agreement,4201,14,15,13,0.8666666666666667
train,paragraph_325_overlap_50,BNLFINANCIALCORP_03_30_2007-EX-10.8-OUTSOURCING AGREEMENT,6470,28,27,27,1.0
train,paragraph_325_overlap_50,"IOVANCEBIOTHERAPEUTICS,INC_08_03_2017-EX-10.1-STRATEGIC ALLIANCE AGREEMENT",10693,42,27,27,1.0
train,paragraph_325_overlap_50,NEONSYSTEMSINC_03_01_1999-EX-10.5-DISTRIBUTOR AGREEMENT_New,8888,32,40,40,1.0
train,paragraph_325_overlap_50,TELKOMSALTD_01_30_2003-EX-10-LICENCE AND MAINTENANCE AGREEMENT,16176,63,49,49,1.0
train,paragraph_325_overlap_50,"FIDELITYNATIONALINFORMATIONSERVICES,INC_08_05_2009-EX-10.3-INTELLECTUAL PROPERTY AGREEMENT",19341,70,70,60,0.8571428571428571
train,paragraph_325_overlap_50,TRUENORTHENERGYCORP_02_08_2007-EX-10.1-DEVELOPMENT AGREEMENT,6961,25,19,18,0.9473684210526315
train,paragraph_325_overlap_50,GentechHoldingsInc_20190808_1-A_EX1A-6 MAT CTRCT_11776814_EX1A-6 MAT CTRCT_Distributor Agreement,4097,17,24,24,1.0
train,paragraph_325_overlap_50,TICKETSCOMINC_06_22_1999-EX-10.22-SPONSORSHIP AGREEMENT,1155,5,16,16,1.0
train,paragraph_325_overlap_50,"ADMA BioManufacturing, LLC -  Amendment #3 to Manufacturing Agreement ",2478,10,16,16,1.0
train,paragraph_325_overlap_50,OFGBANCORP_03_28_2007-EX-10.23-OUTSOURCING AGREEMENT,24004,86,44,44,1.0
train,paragraph_325_overlap_50,"DUOSTECHNOLOGIESGROUP,INC_04_21_2009-EX-10.1-STRATEGIC ALLIANCE AGREEMENT",7148,27,38,38,1.0
train,paragraph_325_overlap_50,OLDAPIWIND-DOWNLTD_01_08_2016-EX-1.3-AGENCY AGREEMENT1,15521,66,16,16,1.0
train,paragraph_325_overlap_50,"ADIANUTRITION,INC_04_01_2005-EX-10.D2-RESELLER AGREEMENT",4051,15,22,22,1.0
train,paragraph_325_overlap_50,"ATHENSBANCSHARESCORP_11_02_2009-EX-1.2-AGENCY AGREEMENT , 2009",23419,92,16,16,1.0
train,paragraph_325_overlap_50,SoupmanInc_20150814_8-K_EX-10.1_9230148_EX-10.1_Franchise Agreement3,438,2,2,2,1.0
train,paragraph_325_overlap_50,MOVADOGROUPINC_04_30_2003-EX-10.28-ENDORSEMENT AGREEMENT,2710,11,9,9,1.0
train,paragraph_325_overlap_50,StaarSurgicalCompany_20180801_10-Q_EX-10.37_11289449_EX-10.37_Distributor Agreement,7649,31,38,38,1.0
train,paragraph_325_overlap_50,EmeraldHealthBioceuticalsInc_20200218_1-A_EX1A-6 MAT CTRCT_11987205_EX1A-6 MAT CTRCT_Development Agreement,2606,10,20,20,1.0
train,paragraph_325_overlap_50,STAMPSCOMINC_06_24_1999-EX-10.18-SPONSORSHIP AGREEMENT,5496,20,32,32,1.0
train,paragraph_325_overlap_50,BEYONDCOMCORP_08_03_2000-EX-10.2-CO-HOSTING AGREEMENT,7991,31,33,33,1.0
train,paragraph_325_overlap_50,CHEETAHMOBILEINC_04_22_2014-EX-10.43-Cooperation Agreement,6230,21,23,23,1.0
train,paragraph_325_overlap_50,ClickstreamCorp_20200330_1-A_EX1A-6 MAT CTRCT_12089935_EX1A-6 MAT CTRCT_Development Agreement,5445,23,24,24,1.0
train,paragraph_325_overlap_50,NEOMEDIATECHNOLOGIESINC_12_15_2005-EX-16.1-DISTRIBUTOR AGREEMENT,4973,20,29,29,1.0
train,paragraph_325_overlap_50,"ADUROBIOTECH,INC_06_02_2020-EX-10.7-CONSULTING AGREEMENT(1)",1850,7,16,16,1.0
train,paragraph_325_overlap_50,LejuHoldingsLtd_20140121_DRS (on F-1)_EX-10.26_8473102_EX-10.26_Content License Agreement1,7198,30,22,22,1.0
train,paragraph_325_overlap_50,"VISIUMTECHNOLOGIES,INC_10_20_2004-EX-10.20-DISTRIBUTOR AGREEMENT",7706,28,42,42,1.0
train,paragraph_325_overlap_50,"INNOVIVA,INC_08_07_2014-EX-10.1-COLLABORATION AGREEMENT",28937,118,52,49,0.9423076923076923
train,paragraph_325_overlap_50,SoupmanInc_20150814_8-K_EX-10.1_9230148_EX-10.1_Franchise Agreement2,844,4,5,5,1.0
train,paragraph_325_overlap_50,"ADUROBIOTECH,INC_06_02_2020-EX-10.7-CONSULTING AGREEMENT",1850,7,14,14,1.0
train,paragraph_325_overlap_50,CybergyHoldingsInc_20140520_10-Q_EX-10.27_8605784_EX-10.27_Affiliate Agreement,5326,19,26,26,1.0
train,paragraph_325_overlap_50,MANAKOASERVICESCORP_11_21_2007-EX-7.5-STRATEGIC ALLIANCE AGREEMENT,2355,9,14,14,1.0
train,paragraph_325_overlap_50,FLOTEKINDUSTRIESINCCN_05_09_2019-EX-10.1-SUPPLY AGREEMENT,3037,12,19,19,1.0
train,paragraph_325_overlap_50,EUROPEANMICROHOLDINGSINC_03_06_1998-EX-10.6-DISTRIBUTOR AGREEMENT,7939,29,38,38,1.0
train,paragraph_325_overlap_50,KitovPharmaLtd_20190326_20-F_EX-4.15_11584449_EX-4.15_Manufacturing Agreement,8964,36,36,36,1.0
train,paragraph_325_overlap_50,BellringBrandsInc_20190920_S-1_EX-10.12_11817081_EX-10.12_Manufacturing Agreement3,1240,4,10,10,1.0
train,paragraph_325_overlap_50,GOCALLINC_03_30_2000-EX-10.7-Promotion Agreement,2983,13,18,18,1.0
train,paragraph_325_overlap_50,LEJUHOLDINGSLTD_03_12_2014-EX-10.34-INTERNET CHANNEL COOPERATION AGREEMENT,5930,27,20,20,1.0
train,paragraph_325_overlap_50,BLACKSTONEGSOLONG-SHORTCREDITINCOMEFUND_05_11_2020-EX-99.(K)(1)-SERVICE AGREEMENT,8073,31,17,17,1.0
train,paragraph_325_overlap_50,"MEETGROUP,INC_06_29_2017-EX-10.1-COOPERATION AGREEMENT",9394,39,15,15,1.0
train,paragraph_325_overlap_50,GluMobileInc_20070319_S-1A_EX-10.09_436630_EX-10.09_Content License Agreement3,545,2,10,10,1.0
train,paragraph_325_overlap_50,ADAPTIMMUNETHERAPEUTICSPLC_04_06_2017-EX-10.11-STRATEGIC ALLIANCE AGREEMENT,15471,60,56,56,1.0
train,paragraph_325_overlap_50,ENTRUSTINC_07_24_1998-EX-10.5-STRATEGIC ALLIANCE AGREEMENT,5893,22,39,39,1.0
train,paragraph_325_overlap_50,SYKESHEALTHPLANSERVICESINC_04_24_1998-EX-10.14-OUTSOURCING AGREEMENT,1876,7,18,18,1.0
train,paragraph_325_overlap_50,NATIONALPROCESSINGINC_07_18_1996-EX-10.4-SPONSORSHIP AGREEMENT,4359,16,14,14,1.0
train,paragraph_325_overlap_50,SimplicityEsportsGamingCompany_20181130_8-K_EX-10.1_11444071_EX-10.1_Franchise Agreement,4347,18,27,27,1.0
train,paragraph_325_overlap_50,QIWI_06_16_2017-EX-99.(D)(2)-COOPERATION AGREEMENT,4170,14,16,16,1.0
train,paragraph_325_overlap_50,RemarkHoldingsInc_20081114_10-Q_EX-10.24_2895649_EX-10.24_Content License Agreement,9178,39,54,54,1.0
train,paragraph_325_overlap_50,CnsPharmaceuticalsInc_20200326_8-K_EX-10.1_12079626_EX-10.1_Development Agreement,3260,13,14,14,1.0
train,paragraph_325_overlap_50,GluMobileInc_20070319_S-1A_EX-10.09_436630_EX-10.09_Content License Agreement2,1853,7,25,24,0.96
train,paragraph_325_overlap_50,"BLUEHILLSBANCORP,INC_05_20_2014-EX-1.1-AGENCY AGREEMENT",21046,85,22,22,1.0
train,paragraph_325_overlap_50,GarrettMotionInc_20181001_8-K_EX-2.4_11364532_EX-2.4_Intellectual Property Agreement,8757,34,33,33,1.0
train,paragraph_325_overlap_50,TheglobeComInc_19990503_S-1A_EX-10.20_5416126_EX-10.20_Co-Branding Agreement,6614,24,35,35,1.0
train,paragraph_325_overlap_50,EmbarkComInc_19991008_S-1A_EX-10.10_6487661_EX-10.10_Co-Branding Agreement,5039,18,22,22,1.0
train,paragraph_325_overlap_50,TRANSMONTAIGNEPARTNERSLLC_03_13_2020-EX-10.9-SERVICES AGREEMENT,880,3,12,12,1.0
train,paragraph_325_overlap_50,"COOLTECHNOLOGIES,INC_10_25_2017-EX-10.71-Strategic Alliance Agreement",2154,10,14,14,1.0
train,paragraph_325_overlap_50,ALLIANCEBANCORPINCOFPENNSYLVANIA_10_18_2006-EX-1.2-AGENCY AGREEMENT,20957,80,24,24,1.0
train,paragraph_325_overlap_50,XpresspaGroupInc_20190401_10-K_EX-10.28_11599457_EX-10.28_Marketing Agreement,8460,34,49,48,0.9795918367346939
train,paragraph_325_overlap_50,BellringBrandsInc_20190920_S-1_EX-10.12_11817081_EX-10.12_Manufacturing Agreement2,344,2,9,9,1.0
train,paragraph_325_overlap_50,IdeanomicsInc_20160330_10-K_EX-10.26_9512211_EX-10.26_Content License Agreement,6321,23,28,26,0.9285714285714286
train,paragraph_325_overlap_50,BIOAMBERINC_04_10_2013-EX-10.34-DEVELOPMENT AGREEMENT (1),5818,22,30,30,1.0
train,paragraph_325_overlap_50,PrudentialBancorpInc_20170606_8-K_EX-10.4_10474434_EX-10.4_Endorsement Agreement,2264,9,12,12,1.0
train,paragraph_325_overlap_50,"BERKELEYLIGHTS,INC_06_26_2020-EX-10.12-COLLABORATION AGREEMENT",32708,124,89,86,0.9662921348314607
train,paragraph_325_overlap_50,UnionDentalHoldingsInc_20050204_8-KA_EX-10_3345577_EX-10_Affiliate Agreement,1850,7,11,11,1.0
train,paragraph_325_overlap_50,WOMENSGOLFUNLIMITEDINC_03_29_2000-EX-10.13-ENDORSEMENT AGREEMENT - Intellectual Property Rights                 Confidentiality and Non-Use Obligations Agreement,940,4,7,7,1.0
train,paragraph_325_overlap_50,SPHERE3DCORP_06_24_2020-EX-10.12-CONSULTING AGREEMENT,1897,7,12,12,1.0
train,paragraph_325_overlap_50,ENTERPRISEPRODUCTSPARTNERSLP_07_08_1998-EX-10.3-TRANSPORTATION CONTRACT,11141,40,36,35,0.9722222222222222
train,paragraph_325_overlap_50,HerImports_20161018_8-KA_EX-10.14_9765707_EX-10.14_Maintenance Agreement,1595,7,8,8,1.0
train,paragraph_325_overlap_50,PROLONGINTERNATIONALCORP_03_23_1998-EX-10.16-SPONSORSHIP AGREEMENT,2180,9,11,11,1.0
train,paragraph_325_overlap_50,DYNTEKINC_07_30_1999-EX-10-ONLINE HOSTING AGREEMENT,4009,15,20,20,1.0
train,paragraph_325_overlap_50,ALAMOGORDOFINANCIALCORP_12_16_1999-EX-1-AGENCY AGREEMENT,18815,73,22,22,1.0
train,paragraph_325_overlap_50,StampscomInc_20001114_10-Q_EX-10.47_2631630_EX-10.47_Co-Branding Agreement,11730,44,46,44,0.9565217391304348
train,paragraph_325_overlap_50,InvendaCorp_20000828_S-1A_EX-10.2_2588206_EX-10.2_Co-Branding Agreement,14682,50,63,63,1.0
train,paragraph_325_overlap_50,WebmdHealthCorp_20050908_S-1A_EX-10.7_1027007_EX-10.7_Content License Agreement,2356,9,20,20,1.0
train,paragraph_325_overlap_50,SANDRIDGEENERGYINC_08_06_2009-EX-10.6-OPERATIONS AND MAINTENANCE AGREEMENT,10964,41,34,34,1.0
train,paragraph_325_overlap_50,ON4COMMUNICATIONSINC_07_02_2009-EX-10.1-PROMOTION AGREEMENT,2349,9,13,13,1.0
train,paragraph_325_overlap_50,GluMobileInc_20070319_S-1A_EX-10.09_436630_EX-10.09_Content License Agreement1,17147,64,68,67,0.9852941176470589
train,paragraph_325_overlap_50,BANUESTRAFINANCIALCORP_09_08_2006-EX-10.16-AGENCY AGREEMENT,7308,29,12,12,1.0
train,paragraph_325_overlap_50,ArtaraTherapeuticsInc_20200110_8-K_EX-10.5_11943350_EX-10.5_License Agreement,5818,25,28,28,1.0
train,paragraph_325_overlap_50,NlsPharmaceuticsLtd_20200228_F-1_EX-10.14_12029046_EX-10.14_Development Agreement,10546,42,29,29,1.0
train,paragraph_325_overlap_50,"VIRTUALSCOPICS,INC_11_12_2010-EX-10.1-STRATEGIC ALLIANCE AGREEMENT",7273,30,31,31,1.0
train,paragraph_325_overlap_50,BellringBrandsInc_20190920_S-1_EX-10.12_11817081_EX-10.12_Manufacturing Agreement1,6565,25,23,23,1.0
train,paragraph_325_overlap_50,BLUEFLYINC_03_27_2002-EX-10.27-e-business Hosting Agreement,5136,17,31,30,0.967741935483871
train,paragraph_325_overlap_50,ASIANDRAGONGROUPINC_08_11_2005-EX-10.5-Reseller Agreement,7018,27,20,20,1.0
train,paragraph_325_overlap_50,MANUFACTURERSSERVICESLTD_06_05_2000-EX-10.14-OUTSOURCING AGREEMENT,41962,147,65,65,1.0
train,paragraph_325_overlap_50,LiquidmetalTechnologiesInc_20200205_8-K_EX-10.1_11968198_EX-10.1_Development Agreement,12529,51,56,54,0.9642857142857143
train,paragraph_325_overlap_50,PlayboyEnterprisesInc_20090220_10-QA_EX-10.2_4091580_EX-10.2_Content License Agreement_ Marketing Agreement_ Sales-Purchase Agreement2,526,2,6,6,1.0
train,paragraph_325_overlap_50,ZtoExpressCaymanInc_20160930_F-1_EX-10.10_9752871_EX-10.10_Transportation Agreement,1468,6,12,12,1.0
train,paragraph_325_overlap_50,2ThemartComInc_19990826_10-12G_EX-10.10_6700288_EX-10.10_Co-Branding Agreement_ Agency Agreement,4467,16,30,30,1.0
train,paragraph_325_overlap_50,MOELIS_CO_03_24_2014-EX-10.19-STRATEGIC ALLIANCE AGREEMENT,18625,79,51,51,1.0
train,paragraph_325_overlap_50,XYBERNAUTCORP_07_12_2002-EX-4-SPONSORSHIP AGREEMENT,6661,25,17,17,1.0
train,paragraph_325_overlap_50,"CARDAX,INC_08_19_2014-EX-10.1-COLLABORATION AGREEMENT",8586,38,23,23,1.0
train,paragraph_325_overlap_50,"MACY_S,INC_05_11_2020-EX-99.4-JOINT FILING AGREEMENT",216,1,5,5,1.0
train,paragraph_325_overlap_50,TALCOTTRESOLUTIONLIFEINSURANCECO-SEPARATEACCOUNTTWELVE_04_30_2020-EX-99.8(L)-SERVICE AGREEMENT,4724,18,12,12,1.0
train,paragraph_325_overlap_50,ArmstrongFlooringInc_20190107_8-K_EX-10.2_11471795_EX-10.2_Intellectual Property Agreement,8284,32,51,50,0.9803921568627451
train,paragraph_325_overlap_50,PFSFUNDS_06_26_2020-EX-99.H OTH MAT CONT-SERVICES AGREEMENT,2435,11,14,14,1.0
train,paragraph_325_overlap_50,WaterNowInc_20191120_10-Q_EX-10.12_11900227_EX-10.12_Distributor Agreement,7396,28,41,39,0.9512195121951219
train,paragraph_325_overlap_50,MTITECHNOLOGYCORP_11_16_2004-EX-10.102-Reseller Agreement Premier Addendum,4685,17,18,18,1.0
train,paragraph_325_overlap_50,SCOUTCAMINC_05_12_2020-EX-10.22-SERVICES AGREEMENT,1305,5,18,18,1.0
train,paragraph_325_overlap_50,PharmagenInc_20120803_8-KA_EX-10.1_7693204_EX-10.1_Endorsement Agreement,2778,12,19,19,1.0
train,paragraph_325_overlap_50,DRKOOPCOMINC_04_21_1999-EX-10.28-SPONSORSHIP AGREEMENT,5546,22,18,18,1.0
train,paragraph_325_overlap_50,"VNUE,INC_07_10_2015-EX-10.1-SPONSORSHIP AGREEMENT",3207,14,18,17,0.9444444444444444
train,paragraph_325_overlap_50,LegacyEducationAllianceInc_20141110_8-K_EX-10.9_8828866_EX-10.9_Endorsement Agreement,3149,14,19,19,1.0
train,paragraph_325_overlap_50,PcquoteComInc_19990721_S-1A_EX-10.11_6377149_EX-10.11_Co-Branding Agreement3,395,2,7,7,1.0
train,paragraph_325_overlap_50,GluMobileInc_20070319_S-1A_EX-10.09_436630_EX-10.09_Content License Agreement4,291,1,8,8,1.0
train,paragraph_325_overlap_50,"OPTIMIZEDTRANSPORTATIONMANAGEMENT,INC_07_26_2000-EX-6.6-DISTRIBUTOR AGREEMENT",1367,5,18,17,0.9444444444444444
train,paragraph_325_overlap_50,IMAGEWARESYSTEMSINC_12_20_1999-EX-10.22-MAINTENANCE AGREEMENT,2925,12,16,16,1.0
train,paragraph_325_overlap_50,NakedBrandGroupInc_20150731_POS AM (on S-1)_EX-10.75_9196027_EX-10.75_Endorsement Agreement,7601,29,35,35,1.0
train,paragraph_325_overlap_50,ZONDWINDSYSTEMPARTNERSLTDSERIES85-B_04_03_2006-EX-10-MANAGEMENT AND MAINTENANCE AGREEMENT,1368,5,8,8,1.0
train,paragraph_325_overlap_50,IbioInc_20200313_8-K_EX-10.1_12052678_EX-10.1_Development Agreement,4657,20,18,18,1.0
train,paragraph_325_overlap_50,BellringBrandsInc_20190920_S-1_EX-10.12_11817081_EX-10.12_Manufacturing Agreement4,258,1,8,8,1.0
train,paragraph_325_overlap_50,ParatekPharmaceuticalsInc_20170505_10-KA_EX-10.29_10323872_EX-10.29_Outsourcing Agreement,17726,63,46,46,1.0
train,paragraph_325_overlap_50,JOINTCORP_09_19_2014-EX-10.15-FRANCHISE AGREEMENT,26623,111,86,83,0.9651162790697675
train,paragraph_325_overlap_50,VnueInc_20150914_8-K_EX-10.1_9259571_EX-10.1_Promotion Agreement,1634,6,12,12,1.0
train,paragraph_325_overlap_50,NEXSTARFINANCEHOLDINGSINC_03_27_2002-EX-10.26-OUTSOURCING AGREEMENT,18265,69,25,23,0.92
train,paragraph_325_overlap_50,SUNTRONCORP_05_17_2006-EX-10.22-MAINTENANCE AGREEMENT,4818,18,27,27,1.0
train,paragraph_325_overlap_50,"SPIENERGYCO,LTD_03_09_2011-EX-99.5-OPERATIONS AND MAINTENANCE AGREEMENT",8153,29,21,21,1.0
train,paragraph_325_overlap_50,SteelVaultCorp_20081224_10-K_EX-10.16_3074935_EX-10.16_Affiliate Agreement,2709,10,16,16,1.0
train,paragraph_325_overlap_50,"KIROMICBIOPHARMA,INC_04_08_2020-EX-10.28-JOINT VENTURE AGREEMENT",5749,22,25,25,1.0
train,paragraph_325_overlap_50,PlayboyEnterprisesInc_20090220_10-QA_EX-10.2_4091580_EX-10.2_Content License Agreement_ Marketing Agreement_ Sales-Purchase Agreement1,17994,65,70,70,1.0
train,paragraph_325_overlap_50,TubeMediaCorp_20060310_8-K_EX-10.1_513921_EX-10.1_Affiliate Agreement,10728,44,49,49,1.0
train,paragraph_325_overlap_50,"MARSHALLHOLDINGSINTERNATIONAL,INC_04_14_2004-EX-10.15-ENDORSEMENT AGREEMENT",1716,6,16,16,1.0
train,paragraph_325_overlap_50,BLACKBOXSTOCKSINC_08_05_2014-EX-10.1-DISTRIBUTOR AGREEMENT,2706,11,21,21,1.0
train,paragraph_325_overlap_50,WARNERCHILCOTTPLC_12_31_2003-EX-4.36-DEVELOPMENT AGREEMENT,4152,16,13,13,1.0
train,paragraph_325_overlap_50,VertexEnergyInc_20200113_8-K_EX-10.1_11943624_EX-10.1_Marketing Agreement,7280,29,26,26,1.0
train,paragraph_325_overlap_50,NETZEEINC_11_14_2002-EX-10.3-MAINTENANCE AGREEMENT,464,2,9,9,1.0
train,paragraph_325_overlap_50,REGANHOLDINGCORP_03_31_2008-EX-10-LICENSE AND HOSTING AGREEMENT,8824,34,22,22,1.0
train,paragraph_325_overlap_50,MidwestEnergyEmissionsCorp_20080604_8-K_EX-10.2_3093976_EX-10.2_Content License Agreement,5199,20,31,31,1.0
train,paragraph_325_overlap_50,HYDRONTECHNOLOGIESINC_03_31_1997-EX-10.47-SPONSORSHIP AGREEMENT,4114,16,14,14,1.0
train,paragraph_325_overlap_50,CcRealEstateIncomeFundadv_20181205_POS 8C_EX-99.(H)(3)_11447739_EX-99.(H)(3)_Marketing Agreement,4695,19,14,14,1.0
train,paragraph_325_overlap_50,"BLUEROCKRESIDENTIALGROWTHREIT,INC_06_01_2016-EX-1.1-AGENCY AGREEMENT",20909,89,17,16,0.9411764705882353
train,paragraph_325_overlap_50,"TALLGRASSENERGY,LP_02_20_2020-EX-99.26-JOINT FILING AGREEMENT",621,2,12,12,1.0
train,paragraph_325_overlap_50,KINGPHARMACEUTICALSINC_08_09_2006-EX-10.1-PROMOTION AGREEMENT,26840,102,64,64,1.0
train,paragraph_325_overlap_50,PerformanceSportsBrandsInc_20110909_S-1_EX-10.10_7220214_EX-10.10_Endorsement Agreement,4118,15,24,24,1.0
test,paragraph_300_overlap_50,LohaCompanyltd_20191209_F-1_EX-10.16_11917878_EX-10.16_Supply Agreement,1880,8,7,7,1.0
test,paragraph_300_overlap_50,CENTRACKINTERNATIONALINC_10_29_1999-EX-10.3-WEB SITE HOSTING AGREEMENT,2280,9,17,17,1.0
test,paragraph_300_overlap_50,DovaPharmaceuticalsInc_20181108_10-Q_EX-10.2_11414857_EX-10.2_Promotion Agreement,26789,115,51,50,0.9803921568627451
test,paragraph_300_overlap_50,"PACIRA PHARMACEUTICALS, INC. - A_R STRATEGIC LICENSING, DISTRIBUTION AND MARKETING AGREEMENT ",22756,96,83,81,0.9759036144578314
test,paragraph_300_overlap_50,ThriventVariableInsuranceAccountB_20190701_N-6_EX-99.D(IV)_11720968_EX-99.D(IV)_Endorsement Agreement,735,3,5,5,1.0
test,paragraph_300_overlap_50,"HERTZGLOBALHOLDINGS,INC_07_07_2016-EX-10.4-INTELLECTUAL PROPERTY AGREEMENT",4904,22,30,30,1.0
test,paragraph_300_overlap_50,TUNIUCORP_03_06_2014-EX-10-COOPERATION AGREEMENT,2760,11,21,21,1.0
test,paragraph_300_overlap_50,CYBERIANOUTPOSTINC_07_09_1998-EX-10.13-PROMOTION AGREEMENT,3450,14,22,22,1.0
test,paragraph_300_overlap_50,MSCIINC_02_28_2008-EX-10.10-,1851,7,18,18,1.0
test,paragraph_300_overlap_50,CHERRYHILLMORTGAGEINVESTMENTCORP_09_26_2013-EX-10.1-Strategic Alliance Agreement,4441,20,9,9,1.0
test,paragraph_300_overlap_50,"WASTE2ENERGYHOLDINGS,INC_06_03_2010-EX-10.2-STRATEGIC ALLIANCE AGREEMENT",6187,30,16,16,1.0
test,paragraph_300_overlap_50,GridironBionutrientsInc_20171206_8-K_EX-10.2_10972556_EX-10.2_Endorsement Agreement,529,2,12,12,1.0
test,paragraph_300_overlap_50,FreezeTagInc_20180411_8-K_EX-10.1_11139603_EX-10.1_Sponsorship Agreement,4102,17,23,23,1.0
test,paragraph_300_overlap_50,WEBHELPCOMINC_03_22_2000-EX-10.8-HOSTING AGREEMENT,2955,12,20,20,1.0
test,paragraph_300_overlap_50,"Columbia Laboratories, (Bermuda) Ltd. - AMEND NO. 2 TO MANUFACTURING AND SUPPLY AGREEMENT",7145,29,21,21,1.0
test,paragraph_300_overlap_50,N2KINC_10_16_1997-EX-10.16-SPONSORSHIP AGREEMENT,5558,21,40,39,0.975
test,paragraph_300_overlap_50,ArconicRolledProductsCorp_20191217_10-12B_EX-2.7_11923804_EX-2.7_Trademark License Agreement,2828,12,20,20,1.0
test,paragraph_300_overlap_50,STWRESOURCESHOLDINGCORP_08_06_2014-EX-10.1-COOPERATION AGREEMENT,4448,18,25,24,0.96
test,paragraph_300_overlap_50,HarpoonTherapeuticsInc_20200312_10-K_EX-10.18_12051356_EX-10.18_Development Agreement,38518,160,70,69,0.9857142857142858
test,paragraph_300_overlap_50,CardlyticsInc_20180112_S-1_EX-10.16_11002987_EX-10.16_Maintenance Agreement3,251,1,7,7,1.0
test,paragraph_300_overlap_50,AIRSPANNETWORKSINC_04_11_2000-EX-10.5-Distributor Agreement,10292,42,43,43,1.0
test,paragraph_300_overlap_50,GRANTIERRAENERGYINC_05_07_2012-EX-10.6-TRANSPORTATION CONTRACT,35339,161,33,32,0.9696969696969697
test,paragraph_300_overlap_50,"VIVINT SOLAR, INC. - NON-COMPETITION AGREEMENT",506,2,8,8,1.0
test,paragraph_300_overlap_50,CHIPMOSTECHNOLOGIESBERMUDALTD_04_18_2016-EX-4.72-Strategic Alliance Agreement,2026,9,11,11,1.0
test,paragraph_300_overlap_50,RitterPharmaceuticalsInc_20200313_S-4A_EX-10.54_12055220_EX-10.54_Development Agreement,18871,82,49,48,0.9795918367346939
test,paragraph_300_overlap_50,AMBASSADOREYEWEARGROUPINC_11_17_1997-EX-10.28-ENDORSEMENT AGREEMENT,5780,23,40,40,1.0
test,paragraph_300_overlap_50,USASYNTHETICFUELCORP_10_21_2010-EX-10.10-STRATEGIC ALLIANCE AGREEMENT,8033,39,19,19,1.0
test,paragraph_300_overlap_50,WESTERN COPPER - NON-COMPETITION AGREEMENT,2626,11,17,17,1.0
test,paragraph_300_overlap_50,"HEMISPHERX - Sales, Marketing, Distribution, and Supply Agreement",10901,48,43,43,1.0
test,paragraph_300_overlap_50,MphaseTechnologiesInc_20030911_10-K_EX-10.15_1560667_EX-10.15_Co-Branding Agreement,1169,5,14,14,1.0
test,paragraph_300_overlap_50,"BABCOCK_WILCOXENTERPRISES,INC_08_04_2015-EX-10.17-INTELLECTUAL PROPERTY AGREEMENT between THE BABCOCK _ WILCOX COMPANY and BABCOCK _ WILCOX ENTERPRISES, INC.",16565,73,55,55,1.0
test,paragraph_300_overlap_50,"VAPOTHERM, INC. - Manufacturing and Supply Agreement",11847,49,24,24,1.0
test,paragraph_300_overlap_50,PLAYAHOTELS_RESORTSNV_03_14_2017-EX-10.22-STRATEGIC ALLIANCE AGREEMENT (Hyatt Ziva Cancun),3543,14,17,16,0.9411764705882353
test,paragraph_300_overlap_50,"SPOKHOLDINGS,INC_06_19_2020-EX-10.1-COOPERATION AGREEMENT",2842,12,13,13,1.0
test,paragraph_300_overlap_50,RMRGROUPINC_01_22_2020-EX-99.1-JOINT FILING AGREEMENT,109,1,4,4,1.0
test,paragraph_300_overlap_50,PRIMEENERGYRESOURCESCORP_04_02_2007-EX-10.28-COMPLETION AND LIQUIDITY MAINTENANCE AGREEMENT,742,3,10,10,1.0
test,paragraph_300_overlap_50,AgapeAtpCorp_20191202_10-KA_EX-10.1_11911128_EX-10.1_Supply Agreement,3292,16,31,31,1.0
test,paragraph_300_overlap_50,PhoenixNewMediaLtd_20110421_F-1_EX-10.17_6958322_EX-10.17_Content License Agreement,3908,19,20,20,1.0
test,paragraph_300_overlap_50,"ONEMAINHOLDINGS,INC_02_20_2020-EX-99.D-JOINT FILING AGREEMENT",944,4,15,15,1.0
test,paragraph_300_overlap_50,BerkshireHillsBancorpInc_20120809_10-Q_EX-10.16_7708169_EX-10.16_Endorsement Agreement,4466,21,23,23,1.0
test,paragraph_300_overlap_50,VALENCETECHNOLOGYINC_02_14_2003-EX-10-JOINT VENTURE CONTRACT,11008,43,24,24,1.0
test,paragraph_300_overlap_50,Quaker Chemical Corporation - NON COMPETITION AND NON SOLICITATION AGREEMENT,3488,14,21,21,1.0
test,paragraph_300_overlap_50,GpaqAcquisitionHoldingsInc_20200123_S-4A_EX-10.8_11951679_EX-10.8_Service Agreement,8649,38,28,28,1.0
test,paragraph_300_overlap_50,"SUCAMPOPHARMACEUTICALS,INC_11_04_2015-EX-10.2-STRATEGIC ALLIANCE AGREEMENT",9629,44,14,14,1.0
test,paragraph_300_overlap_50,KENTUCKYUTILITIESCO_03_25_2003-EX-10.65-TRANSPORTATION AGREEMENT,2578,12,15,15,1.0
test,paragraph_300_overlap_50,AFSALABANCORPINC_08_01_1996-EX-1.1-AGENCY AGREEMENT,17813,78,22,21,0.9545454545454546
test,paragraph_300_overlap_50,SigaTechnologiesInc_20190603_8-K_EX-10.1_11695818_EX-10.1_Promotion Agreement,22348,99,42,42,1.0
test,paragraph_300_overlap_50,HPILHOLDING_01_07_2015-EX-99.1-COOPERATION AGREEMENT,2626,12,14,14,1.0
test,paragraph_300_overlap_50,FEDERATEDGOVERNMENTINCOMESECURITIESINC_04_28_2020-EX-99.SERV AGREE-SERVICES AGREEMENT_POWEROF,2213,9,9,9,1.0
test,paragraph_300_overlap_50,"CURAEGISTECHNOLOGIES,INC_05_26_2010-EX-1-CORPORATE SPONSORSHIP AGREEMENT",1975,7,19,19,1.0
test,paragraph_300_overlap_50,GridironBionutrientsInc_20171206_8-K_EX-10.1_10972555_EX-10.1_Endorsement Agreement,4601,20,29,29,1.0
test,paragraph_300_overlap_50,WOMENSGOLFUNLIMITEDINC_03_29_2000-EX-10.13-ENDORSEMENT AGREEMENT,4539,17,48,48,1.0
test,paragraph_300_overlap_50,ScansourceInc_20190509_10-Q_EX-10.2_11661422_EX-10.2_Distributor Agreement,2131,9,21,21,1.0
test,paragraph_300_overlap_50,SoupmanInc_20150814_8-K_EX-10.1_9230148_EX-10.1_Franchise Agreement4,492,3,4,4,1.0
test,paragraph_300_overlap_50,BOLIVARMININGCORP_05_23_2003-EX-2.1-VISP WEB SITE BUILDING AND HOSTING AGREEMENT,1736,7,14,14,1.0
test,paragraph_300_overlap_50,"GALERATHERAPEUTICS,INC_02_14_2020-EX-99.A-JOINT FILING AGREEMENT",623,3,14,14,1.0
test,paragraph_300_overlap_50,"Reinsurance Group of America, Incorporated - A_R REMARKETING  AGREEMENT",16074,72,21,21,1.0
test,paragraph_300_overlap_50,PaperexchangeComInc_20000322_S-1A_EX-10.4_5202103_EX-10.4_Co-Branding Agreement,12480,50,62,60,0.967741935483871
test,paragraph_300_overlap_50,BIOPURECORP_06_30_1999-EX-10.13-AGENCY AGREEMENT,5757,23,28,28,1.0
test,paragraph_300_overlap_50,TRIZETTOGROUPINC_08_18_1999-EX-10.17-TECHNICAL INFRASTRUCTURE MAINTENANCE AGREEMENT,2208,9,18,18,1.0
test,paragraph_300_overlap_50,"SPIENERGYCO,LTD_07_10_2014-EX-10-Cooperation Agreement of 50MWp Photovoltaic Grid-connected Power Generation Project in Yangqiao of~1",413,2,6,6,1.0
test,paragraph_300_overlap_50,SoupmanInc_20150814_8-K_EX-10.1_9230148_EX-10.1_Franchise Agreement1,22750,100,81,79,0.9753086419753086
test,paragraph_300_overlap_50,IntegrityMediaInc_20010329_10-K405_EX-10.17_2373875_EX-10.17_Co-Branding Agreement,3545,14,30,30,1.0
test,paragraph_300_overlap_50,WatchitMediaInc_20061201_8-K_EX-10.1_4148672_EX-10.1_Content License Agreement,342,2,8,8,1.0
test,paragraph_300_overlap_50,"OMINTO,INC_03_29_2004-EX-10-RESELLER AGREEMENT",3983,16,22,22,1.0
test,paragraph_300_overlap_50,"GSITECHNOLOGYINC_11_16_2009-EX-10.2-INTELLECTUAL PROPERTY AGREEMENT between SONY ELECTRONICS INC. and GSI TECHNOLOGY, INC.",5558,26,24,24,1.0
test,paragraph_300_overlap_50,MusclepharmCorp_20170208_10-KA_EX-10.38_9893581_EX-10.38_Co-Branding Agreement,13393,58,72,72,1.0
test,paragraph_300_overlap_50,"PAXMEDICA,INC_07_02_2020-EX-10.12-Master Service Agreement",2694,13,21,21,1.0
test,paragraph_300_overlap_50,"DRIVENDELIVERIES,INC_05_22_2020-EX-10.4-CONSULTING AGREEMENT",4188,18,24,24,1.0
test,paragraph_300_overlap_50,"HALITRON,INC_03_01_2005-EX-10.15-SPONSORSHIP AND DEVELOPMENT AGREEMENT",4429,19,32,31,0.96875
test,paragraph_300_overlap_50,WestPharmaceuticalServicesInc_20200116_8-K_EX-10.1_11947529_EX-10.1_Supply Agreement,12651,51,43,42,0.9767441860465116
test,paragraph_300_overlap_50,PANDIONTHERAPEUTICSHOLDCOLLC_05_22_2020-EX-10.17-CONSULTING AGREEMENT,3527,15,23,23,1.0
test,paragraph_300_overlap_50,BizzingoInc_20120322_8-K_EX-10.17_7504499_EX-10.17_Endorsement Agreement,3696,16,23,21,0.9130434782608695
test,paragraph_300_overlap_50,PHLVARIABLEINSURANCECOCT_08_17_2009-EX-10.1-STRATEGIC ALLIANCE AGREEMENT,15724,62,26,25,0.9615384615384616
test,paragraph_300_overlap_50,"MFAFINANCIAL,INC_07_06_2020-EX-99.D-JOINT FILING AGREEMENT",578,3,21,21,1.0
test,paragraph_300_overlap_50,PROFOUNDMEDICALCORP_08_29_2019-EX-4.5-SUPPLY AGREEMENT,10152,46,32,32,1.0
test,paragraph_300_overlap_50,TRICITYBANKSHARESCORP_05_15_1998-EX-10-OUTSOURCING AGREEMENT,15402,62,38,36,0.9473684210526315
test,paragraph_300_overlap_50,"HC2HOLDINGS,INC_05_14_2020-EX-10.1-COOPERATION AGREEMENT",8562,37,16,16,1.0
test,paragraph_300_overlap_50,Monsanto Company - SECOND A_R EXCLUSIVE AGENCY AND MARKETING AGREEMENT ,33833,135,95,95,1.0
test,paragraph_300_overlap_50,ElPolloLocoHoldingsInc_20200306_10-K_EX-10.16_12041700_EX-10.16_Development Agreement,9315,41,33,33,1.0
test,paragraph_300_overlap_50,ACCELERATEDTECHNOLOGIESHOLDINGCORP_04_24_2003-EX-10.13-JOINT VENTURE AGREEMENT,1911,9,13,13,1.0
test,paragraph_300_overlap_50,SEASPINEHOLDINGSCORP_10_10_2018-EX-10.1-SUPPLY AGREEMENT,10675,44,37,37,1.0
test,paragraph_300_overlap_50,HfEnterprisesInc_20191223_S-1_EX-10.22_11931299_EX-10.22_Development Agreement,2923,12,23,23,1.0
test,paragraph_300_overlap_50,ICORECONNECTINC_10_13_2010-EX-7.1-Strategic Alliance Agreement,3913,17,21,21,1.0
test,paragraph_300_overlap_50,TEARDROPGOLFCO_10_23_1996-EX-10.12-ENDORSEMENT AGREEMENT,3682,14,24,24,1.0
test,paragraph_300_overlap_50,ScansourceInc_20190822_10-K_EX-10.39_11793959_EX-10.39_Distributor Agreement,1605,7,7,7,1.0
test,paragraph_300_overlap_50,LOOKSMARTLTD_07_20_2012-EX-99.(D)(I)-SPONSORSHIP AGREEMENT,3945,18,14,14,1.0
test,paragraph_300_overlap_50,PcquoteComInc_19990721_S-1A_EX-10.11_6377149_EX-10.11_Co-Branding Agreement2,123,1,7,7,1.0
test,paragraph_300_overlap_50,IMPCOTECHNOLOGIESINC_04_15_2003-EX-10.65-JOINT VENTURE AGREEMENT,10211,46,22,22,1.0
test,paragraph_300_overlap_50,EbixInc_20010515_10-Q_EX-10.3_4049767_EX-10.3_Co-Branding Agreement,6272,24,28,28,1.0
test,paragraph_300_overlap_50,EcoScienceSolutionsInc_20180406_8-K_EX-10.1_11135398_EX-10.1_Sponsorship Agreement,1236,6,11,11,1.0
test,paragraph_300_overlap_50,"GOOSEHEADINSURANCE,INC_04_02_2018-EX-10.6-Franchise Agreement",47733,194,97,94,0.9690721649484536
test,paragraph_300_overlap_50,IdeanomicsInc_20151124_8-K_EX-10.2_9354744_EX-10.2_Content License Agreement,5426,23,24,24,1.0
test,paragraph_300_overlap_50,"PRECIGEN,INC_01_22_2020-EX-99.1-JOINT FILING AGREEMENT",145,1,4,4,1.0
test,paragraph_300_overlap_50,PhotronicsInc_20171219_10-QA_EX-10.28_10982650_EX-10.28_Outsourcing Agreement,3937,17,19,19,1.0
test,paragraph_300_overlap_50,EMERALDHEALTHTHERAPEUTICSINC_06_10_2020-EX-4.5-CONSULTING AGREEMENT - DR. GAETANO MORELLO N.D. INC.,3192,13,13,13,1.0
test,paragraph_300_overlap_50,PcquoteComInc_19990721_S-1A_EX-10.11_6377149_EX-10.11_Co-Branding Agreement1,3025,11,15,15,1.0
test,paragraph_300_overlap_50,ALCOSTORESINC_12_14_2005-EX-10.26-AGENCY AGREEMENT,1807,8,11,11,1.0
test,paragraph_300_overlap_50,INGEVITYCORP_05_16_2016-EX-10.5-INTELLECTUAL PROPERTY AGREEMENT,9967,44,41,41,1.0
test,paragraph_300_overlap_50,"NOVOINTEGRATEDSCIENCES,INC_12_23_2019-EX-10.1-JOINT VENTURE AGREEMENT",3412,18,19,19,1.0
test,paragraph_300_overlap_50,XinhuaSportsEntertainmentLtd_20070221_F-1_EX-99.4_645553_EX-99.4_Content License Agreement,2472,9,26,26,1.0
test,paragraph_300_overlap_50,MERITLIFEINSURANCECO_06_19_2020-EX-10.(XIV)-MASTER SERVICES AGREEMENT,3328,16,24,24,1.0
test,paragraph_325_overlap_50,LohaCompanyltd_20191209_F-1_EX-10.16_11917878_EX-10.16_Supply Agreement,1880,7,7,7,1.0
test,paragraph_325_overlap_50,CENTRACKINTERNATIONALINC_10_29_1999-EX-10.3-WEB SITE HOSTING AGREEMENT,2280,8,17,17,1.0
test,paragraph_325_overlap_50,DovaPharmaceuticalsInc_20181108_10-Q_EX-10.2_11414857_EX-10.2_Promotion Agreement,26789,100,51,51,1.0
test,paragraph_325_overlap_50,"PACIRA PHARMACEUTICALS, INC. - A_R STRATEGIC LICENSING, DISTRIBUTION AND MARKETING AGREEMENT ",22756,87,83,83,1.0
test,paragraph_325_overlap_50,ThriventVariableInsuranceAccountB_20190701_N-6_EX-99.D(IV)_11720968_EX-99.D(IV)_Endorsement Agreement,735,3,5,5,1.0
test,paragraph_325_overlap_50,"HERTZGLOBALHOLDINGS,INC_07_07_2016-EX-10.4-INTELLECTUAL PROPERTY AGREEMENT",4904,21,30,30,1.0
test,paragraph_325_overlap_50,TUNIUCORP_03_06_2014-EX-10-COOPERATION AGREEMENT,2760,10,21,21,1.0
test,paragraph_325_overlap_50,CYBERIANOUTPOSTINC_07_09_1998-EX-10.13-PROMOTION AGREEMENT,3450,13,22,22,1.0
test,paragraph_325_overlap_50,MSCIINC_02_28_2008-EX-10.10-,1851,7,18,18,1.0
test,paragraph_325_overlap_50,CHERRYHILLMORTGAGEINVESTMENTCORP_09_26_2013-EX-10.1-Strategic Alliance Agreement,4441,16,9,9,1.0
test,paragraph_325_overlap_50,"WASTE2ENERGYHOLDINGS,INC_06_03_2010-EX-10.2-STRATEGIC ALLIANCE AGREEMENT",6187,26,16,16,1.0
test,paragraph_325_overlap_50,GridironBionutrientsInc_20171206_8-K_EX-10.2_10972556_EX-10.2_Endorsement Agreement,529,2,12,12,1.0
test,paragraph_325_overlap_50,FreezeTagInc_20180411_8-K_EX-10.1_11139603_EX-10.1_Sponsorship Agreement,4102,17,23,23,1.0
test,paragraph_325_overlap_50,WEBHELPCOMINC_03_22_2000-EX-10.8-HOSTING AGREEMENT,2955,12,20,20,1.0
test,paragraph_325_overlap_50,"Columbia Laboratories, (Bermuda) Ltd. - AMEND NO. 2 TO MANUFACTURING AND SUPPLY AGREEMENT",7145,26,21,21,1.0
test,paragraph_325_overlap_50,N2KINC_10_16_1997-EX-10.16-SPONSORSHIP AGREEMENT,5558,19,40,40,1.0
test,paragraph_325_overlap_50,ArconicRolledProductsCorp_20191217_10-12B_EX-2.7_11923804_EX-2.7_Trademark License Agreement,2828,11,20,20,1.0
test,paragraph_325_overlap_50,STWRESOURCESHOLDINGCORP_08_06_2014-EX-10.1-COOPERATION AGREEMENT,4448,18,25,25,1.0
test,paragraph_325_overlap_50,HarpoonTherapeuticsInc_20200312_10-K_EX-10.18_12051356_EX-10.18_Development Agreement,38518,148,70,68,0.9714285714285714
test,paragraph_325_overlap_50,CardlyticsInc_20180112_S-1_EX-10.16_11002987_EX-10.16_Maintenance Agreement3,251,1,7,7,1.0
test,paragraph_325_overlap_50,AIRSPANNETWORKSINC_04_11_2000-EX-10.5-Distributor Agreement,10292,37,43,43,1.0
test,paragraph_325_overlap_50,GRANTIERRAENERGYINC_05_07_2012-EX-10.6-TRANSPORTATION CONTRACT,35339,149,33,32,0.9696969696969697
test,paragraph_325_overlap_50,"VIVINT SOLAR, INC. - NON-COMPETITION AGREEMENT",506,2,8,8,1.0
test,paragraph_325_overlap_50,CHIPMOSTECHNOLOGIESBERMUDALTD_04_18_2016-EX-4.72-Strategic Alliance Agreement,2026,7,11,11,1.0
test,paragraph_325_overlap_50,RitterPharmaceuticalsInc_20200313_S-4A_EX-10.54_12055220_EX-10.54_Development Agreement,18871,74,49,48,0.9795918367346939
test,paragraph_325_overlap_50,AMBASSADOREYEWEARGROUPINC_11_17_1997-EX-10.28-ENDORSEMENT AGREEMENT,5780,21,40,40,1.0
test,paragraph_325_overlap_50,USASYNTHETICFUELCORP_10_21_2010-EX-10.10-STRATEGIC ALLIANCE AGREEMENT,8033,37,19,19,1.0
test,paragraph_325_overlap_50,WESTERN COPPER - NON-COMPETITION AGREEMENT,2626,10,17,17,1.0
test,paragraph_325_overlap_50,"HEMISPHERX - Sales, Marketing, Distribution, and Supply Agreement",10901,44,43,43,1.0
test,paragraph_325_overlap_50,MphaseTechnologiesInc_20030911_10-K_EX-10.15_1560667_EX-10.15_Co-Branding Agreement,1169,4,14,14,1.0
test,paragraph_325_overlap_50,"BABCOCK_WILCOXENTERPRISES,INC_08_04_2015-EX-10.17-INTELLECTUAL PROPERTY AGREEMENT between THE BABCOCK _ WILCOX COMPANY and BABCOCK _ WILCOX ENTERPRISES, INC.",16565,66,55,55,1.0
test,paragraph_325_overlap_50,"VAPOTHERM, INC. - Manufacturing and Supply Agreement",11847,44,24,24,1.0
test,paragraph_325_overlap_50,PLAYAHOTELS_RESORTSNV_03_14_2017-EX-10.22-STRATEGIC ALLIANCE AGREEMENT (Hyatt Ziva Cancun),3543,14,17,16,0.9411764705882353
test,paragraph_325_overlap_50,"SPOKHOLDINGS,INC_06_19_2020-EX-10.1-COOPERATION AGREEMENT",2842,11,13,13,1.0
test,paragraph_325_overlap_50,RMRGROUPINC_01_22_2020-EX-99.1-JOINT FILING AGREEMENT,109,1,4,4,1.0
test,paragraph_325_overlap_50,PRIMEENERGYRESOURCESCORP_04_02_2007-EX-10.28-COMPLETION AND LIQUIDITY MAINTENANCE AGREEMENT,742,3,10,10,1.0
test,paragraph_325_overlap_50,AgapeAtpCorp_20191202_10-KA_EX-10.1_11911128_EX-10.1_Supply Agreement,3292,15,31,31,1.0
test,paragraph_325_overlap_50,PhoenixNewMediaLtd_20110421_F-1_EX-10.17_6958322_EX-10.17_Content License Agreement,3908,16,20,20,1.0
test,paragraph_325_overlap_50,"ONEMAINHOLDINGS,INC_02_20_2020-EX-99.D-JOINT FILING AGREEMENT",944,3,15,15,1.0
test,paragraph_325_overlap_50,BerkshireHillsBancorpInc_20120809_10-Q_EX-10.16_7708169_EX-10.16_Endorsement Agreement,4466,20,23,23,1.0
test,paragraph_325_overlap_50,VALENCETECHNOLOGYINC_02_14_2003-EX-10-JOINT VENTURE CONTRACT,11008,38,24,24,1.0
test,paragraph_325_overlap_50,Quaker Chemical Corporation - NON COMPETITION AND NON SOLICITATION AGREEMENT,3488,14,21,21,1.0
test,paragraph_325_overlap_50,GpaqAcquisitionHoldingsInc_20200123_S-4A_EX-10.8_11951679_EX-10.8_Service Agreement,8649,34,28,28,1.0
test,paragraph_325_overlap_50,"SUCAMPOPHARMACEUTICALS,INC_11_04_2015-EX-10.2-STRATEGIC ALLIANCE AGREEMENT",9629,42,14,14,1.0
test,paragraph_325_overlap_50,KENTUCKYUTILITIESCO_03_25_2003-EX-10.65-TRANSPORTATION AGREEMENT,2578,11,15,15,1.0
test,paragraph_325_overlap_50,AFSALABANCORPINC_08_01_1996-EX-1.1-AGENCY AGREEMENT,17813,71,22,22,1.0
test,paragraph_325_overlap_50,SigaTechnologiesInc_20190603_8-K_EX-10.1_11695818_EX-10.1_Promotion Agreement,22348,94,42,42,1.0
test,paragraph_325_overlap_50,HPILHOLDING_01_07_2015-EX-99.1-COOPERATION AGREEMENT,2626,11,14,14,1.0
test,paragraph_325_overlap_50,FEDERATEDGOVERNMENTINCOMESECURITIESINC_04_28_2020-EX-99.SERV AGREE-SERVICES AGREEMENT_POWEROF,2213,9,9,9,1.0
test,paragraph_325_overlap_50,"CURAEGISTECHNOLOGIES,INC_05_26_2010-EX-1-CORPORATE SPONSORSHIP AGREEMENT",1975,7,19,19,1.0
test,paragraph_325_overlap_50,GridironBionutrientsInc_20171206_8-K_EX-10.1_10972555_EX-10.1_Endorsement Agreement,4601,18,29,29,1.0
test,paragraph_325_overlap_50,WOMENSGOLFUNLIMITEDINC_03_29_2000-EX-10.13-ENDORSEMENT AGREEMENT,4539,16,48,48,1.0
test,paragraph_325_overlap_50,ScansourceInc_20190509_10-Q_EX-10.2_11661422_EX-10.2_Distributor Agreement,2131,8,21,21,1.0
test,paragraph_325_overlap_50,SoupmanInc_20150814_8-K_EX-10.1_9230148_EX-10.1_Franchise Agreement4,492,2,4,4,1.0
test,paragraph_325_overlap_50,BOLIVARMININGCORP_05_23_2003-EX-2.1-VISP WEB SITE BUILDING AND HOSTING AGREEMENT,1736,7,14,14,1.0
test,paragraph_325_overlap_50,"GALERATHERAPEUTICS,INC_02_14_2020-EX-99.A-JOINT FILING AGREEMENT",623,2,14,14,1.0
test,paragraph_325_overlap_50,"Reinsurance Group of America, Incorporated - A_R REMARKETING  AGREEMENT",16074,61,21,21,1.0
test,paragraph_325_overlap_50,PaperexchangeComInc_20000322_S-1A_EX-10.4_5202103_EX-10.4_Co-Branding Agreement,12480,46,62,62,1.0
test,paragraph_325_overlap_50,BIOPURECORP_06_30_1999-EX-10.13-AGENCY AGREEMENT,5757,22,28,28,1.0
test,paragraph_325_overlap_50,TRIZETTOGROUPINC_08_18_1999-EX-10.17-TECHNICAL INFRASTRUCTURE MAINTENANCE AGREEMENT,2208,8,18,18,1.0
test,paragraph_325_overlap_50,"SPIENERGYCO,LTD_07_10_2014-EX-10-Cooperation Agreement of 50MWp Photovoltaic Grid-connected Power Generation Project in Yangqiao of~1",413,2,6,6,1.0
test,paragraph_325_overlap_50,SoupmanInc_20150814_8-K_EX-10.1_9230148_EX-10.1_Franchise Agreement1,22750,89,81,80,0.9876543209876543
test,paragraph_325_overlap_50,IntegrityMediaInc_20010329_10-K405_EX-10.17_2373875_EX-10.17_Co-Branding Agreement,3545,13,30,30,1.0
test,paragraph_325_overlap_50,WatchitMediaInc_20061201_8-K_EX-10.1_4148672_EX-10.1_Content License Agreement,342,2,8,8,1.0
test,paragraph_325_overlap_50,"OMINTO,INC_03_29_2004-EX-10-RESELLER AGREEMENT",3983,14,22,22,1.0
test,paragraph_325_overlap_50,"GSITECHNOLOGYINC_11_16_2009-EX-10.2-INTELLECTUAL PROPERTY AGREEMENT between SONY ELECTRONICS INC. and GSI TECHNOLOGY, INC.",5558,23,24,24,1.0
test,paragraph_325_overlap_50,MusclepharmCorp_20170208_10-KA_EX-10.38_9893581_EX-10.38_Co-Branding Agreement,13393,55,72,72,1.0
test,paragraph_325_overlap_50,"PAXMEDICA,INC_07_02_2020-EX-10.12-Master Service Agreement",2694,12,21,21,1.0
test,paragraph_325_overlap_50,"DRIVENDELIVERIES,INC_05_22_2020-EX-10.4-CONSULTING AGREEMENT",4188,17,24,24,1.0
test,paragraph_325_overlap_50,"HALITRON,INC_03_01_2005-EX-10.15-SPONSORSHIP AND DEVELOPMENT AGREEMENT",4429,17,32,31,0.96875
test,paragraph_325_overlap_50,WestPharmaceuticalServicesInc_20200116_8-K_EX-10.1_11947529_EX-10.1_Supply Agreement,12651,47,43,42,0.9767441860465116
test,paragraph_325_overlap_50,PANDIONTHERAPEUTICSHOLDCOLLC_05_22_2020-EX-10.17-CONSULTING AGREEMENT,3527,13,23,23,1.0
test,paragraph_325_overlap_50,BizzingoInc_20120322_8-K_EX-10.17_7504499_EX-10.17_Endorsement Agreement,3696,15,23,21,0.9130434782608695
test,paragraph_325_overlap_50,PHLVARIABLEINSURANCECOCT_08_17_2009-EX-10.1-STRATEGIC ALLIANCE AGREEMENT,15724,55,26,26,1.0
test,paragraph_325_overlap_50,"MFAFINANCIAL,INC_07_06_2020-EX-99.D-JOINT FILING AGREEMENT",578,3,21,21,1.0
test,paragraph_325_overlap_50,PROFOUNDMEDICALCORP_08_29_2019-EX-4.5-SUPPLY AGREEMENT,10152,43,32,32,1.0
test,paragraph_325_overlap_50,TRICITYBANKSHARESCORP_05_15_1998-EX-10-OUTSOURCING AGREEMENT,15402,56,38,37,0.9736842105263158
test,paragraph_325_overlap_50,"HC2HOLDINGS,INC_05_14_2020-EX-10.1-COOPERATION AGREEMENT",8562,34,16,16,1.0
test,paragraph_325_overlap_50,Monsanto Company - SECOND A_R EXCLUSIVE AGENCY AND MARKETING AGREEMENT ,33833,121,95,95,1.0
test,paragraph_325_overlap_50,ElPolloLocoHoldingsInc_20200306_10-K_EX-10.16_12041700_EX-10.16_Development Agreement,9315,36,33,33,1.0
test,paragraph_325_overlap_50,ACCELERATEDTECHNOLOGIESHOLDINGCORP_04_24_2003-EX-10.13-JOINT VENTURE AGREEMENT,1911,7,13,13,1.0
test,paragraph_325_overlap_50,SEASPINEHOLDINGSCORP_10_10_2018-EX-10.1-SUPPLY AGREEMENT,10675,41,37,37,1.0
test,paragraph_325_overlap_50,HfEnterprisesInc_20191223_S-1_EX-10.22_11931299_EX-10.22_Development Agreement,2923,11,23,23,1.0
test,paragraph_325_overlap_50,ICORECONNECTINC_10_13_2010-EX-7.1-Strategic Alliance Agreement,3913,17,21,21,1.0
test,paragraph_325_overlap_50,TEARDROPGOLFCO_10_23_1996-EX-10.12-ENDORSEMENT AGREEMENT,3682,13,24,24,1.0
test,paragraph_325_overlap_50,ScansourceInc_20190822_10-K_EX-10.39_11793959_EX-10.39_Distributor Agreement,1605,6,7,7,1.0
test,paragraph_325_overlap_50,LOOKSMARTLTD_07_20_2012-EX-99.(D)(I)-SPONSORSHIP AGREEMENT,3945,17,14,14,1.0
test,paragraph_325_overlap_50,PcquoteComInc_19990721_S-1A_EX-10.11_6377149_EX-10.11_Co-Branding Agreement2,123,1,7,7,1.0
test,paragraph_325_overlap_50,IMPCOTECHNOLOGIESINC_04_15_2003-EX-10.65-JOINT VENTURE AGREEMENT,10211,44,22,22,1.0
test,paragraph_325_overlap_50,EbixInc_20010515_10-Q_EX-10.3_4049767_EX-10.3_Co-Branding Agreement,6272,23,28,28,1.0
test,paragraph_325_overlap_50,EcoScienceSolutionsInc_20180406_8-K_EX-10.1_11135398_EX-10.1_Sponsorship Agreement,1236,5,11,11,1.0
test,paragraph_325_overlap_50,"GOOSEHEADINSURANCE,INC_04_02_2018-EX-10.6-Franchise Agreement",47733,179,97,95,0.979381443298969
test,paragraph_325_overlap_50,IdeanomicsInc_20151124_8-K_EX-10.2_9354744_EX-10.2_Content License Agreement,5426,23,24,24,1.0
test,paragraph_325_overlap_50,"PRECIGEN,INC_01_22_2020-EX-99.1-JOINT FILING AGREEMENT",145,1,4,4,1.0
test,paragraph_325_overlap_50,PhotronicsInc_20171219_10-QA_EX-10.28_10982650_EX-10.28_Outsourcing Agreement,3937,15,19,19,1.0
test,paragraph_325_overlap_50,EMERALDHEALTHTHERAPEUTICSINC_06_10_2020-EX-4.5-CONSULTING AGREEMENT - DR. GAETANO MORELLO N.D. INC.,3192,13,13,13,1.0
test,paragraph_325_overlap_50,PcquoteComInc_19990721_S-1A_EX-10.11_6377149_EX-10.11_Co-Branding Agreement1,3025,11,15,15,1.0
test,paragraph_325_overlap_50,ALCOSTORESINC_12_14_2005-EX-10.26-AGENCY AGREEMENT,1807,7,11,11,1.0
test,paragraph_325_overlap_50,INGEVITYCORP_05_16_2016-EX-10.5-INTELLECTUAL PROPERTY AGREEMENT,9967,41,41,41,1.0
test,paragraph_325_overlap_50,"NOVOINTEGRATEDSCIENCES,INC_12_23_2019-EX-10.1-JOINT VENTURE AGREEMENT",3412,16,19,19,1.0
test,paragraph_325_overlap_50,XinhuaSportsEntertainmentLtd_20070221_F-1_EX-99.4_645553_EX-99.4_Content License Agreement,2472,9,26,26,1.0
test,paragraph_325_overlap_50,MERITLIFEINSURANCECO_06_19_2020-EX-10.(XIV)-MASTER SERVICES AGREEMENT,3328,16,24,24,1.0
