split,strategy,contract_title,paragraph_index,contract_tokens,chunk_count,span_count,covered_span_count,span_coverage
train,paragraph_tok_448_overlap_64,LIMEENERGYCO_09_09_1999-EX-10-DISTRIBUTOR AGREEMENT,0,7556,21,46,46,1.0
train,paragraph_tok_448_overlap_64,"WHITESMOKE,INC_11_08_2011-EX-10.26-PROMOTION AND DISTRIBUTION AGREEMENT",0,14220,40,27,27,1.0
train,paragraph_tok_448_overlap_64,NELNETINC_04_08_2020-EX-1-JOINT FILING AGREEMENT,0,224,1,4,4,1.0
train,paragraph_tok_448_overlap_64,ADAMSGOLFINC_03_21_2005-EX-10.17-ENDORSEMENT AGREEMENT,0,5157,14,23,23,1.0
train,paragraph_tok_448_overlap_64,"KIROMICBIOPHARMA,INC_05_11_2020-EX-10.23-CONSULTING AGREEMENT",0,3511,10,24,24,1.0
train,paragraph_tok_448_overlap_64,"VEONEER,INC_02_21_2020-EX-10.11-JOINT VENTURE AGREEMENT",0,2076,6,16,16,1.0
train,paragraph_tok_448_overlap_64,"MetLife, Inc. - Remarketing Agreement",0,22717,65,16,16,1.0
train,paragraph_tok_448_overlap_64,"FTENETWORKS,INC_02_18_2016-EX-99.4-STRATEGIC ALLIANCE AGREEMENT",0,7696,26,33,33,1.0
train,paragraph_tok_448_overlap_64,DOMINIADVISORTRUST_02_18_2005-EX-99.(H)(2)-SPONSORSHIP AGREEMENT,0,2374,7,13,13,1.0
train,paragraph_tok_448_overlap_64,PfHospitalityGroupInc_20150923_10-12G_EX-10.1_9266710_EX-10.1_Franchise Agreement3,0,1498,4,12,12,1.0
train,paragraph_tok_448_overlap_64,CerenceInc_20191002_8-K_EX-10.4_11827494_EX-10.4_Intellectual Property Agreement,0,12920,35,40,40,1.0
train,paragraph_tok_448_overlap_64,ReynoldsConsumerProductsInc_20191115_S-1_EX-10.18_11896469_EX-10.18_Supply Agreement,0,12009,35,26,26,1.0
train,paragraph_tok_448_overlap_64,IntegrityFunds_20200121_485BPOS_EX-99.E UNDR CONTR_11948727_EX-99.E UNDR CONTR_Service Agreement,0,4743,14,12,12,1.0
train,paragraph_tok_448_overlap_64,PREMIERBIOMEDICALINC_05_14_2020-EX-10.2-INTELLECTUAL PROPERTY AGREEMENT,0,4795,14,22,22,1.0
train,paragraph_tok_448_overlap_64,"SIBANNAC,INC_12_04_2017-EX-2.1-Strategic Alliance Agreement",0,1631,5,14,14,1.0
train,paragraph_tok_448_overlap_64,INTRICONCORP_03_10_2009-EX-10.22-Strategic Alliance Agreement,0,10096,27,35,35,1.0
train,paragraph_tok_448_overlap_64,BONTONSTORESINC_04_20_2018-EX-99.3-AGENCY AGREEMENT,0,38136,102,43,43,1.0
train,paragraph_tok_448_overlap_64,"ON2TECHNOLOGIES,INC_11_17_2006-EX-10.3-SUPPORT AND MAINTENANCE AGREEMENT",0,11797,30,17,17,1.0
train,paragraph_tok_448_overlap_64,Freecook_20180605_S-1_EX-10.3_11233807_EX-10.3_Hosting Agreement,0,1316,4,10,10,1.0
train,paragraph_tok_448_overlap_64,OPERALTD_04_30_2020-EX-4.14-SERVICE AGREEMENT,0,4305,12,21,21,1.0
train,paragraph_tok_448_overlap_64,"BORROWMONEYCOM,INC_06_11_2020-EX-10.1-JOINT VENTURE AGREEMENT",0,4165,12,11,11,1.0
train,paragraph_tok_448_overlap_64,ZEBRATECHNOLOGIESCORP_04_16_2014-EX-10.1-INTELLECTUAL PROPERTY AGREEMENT,0,26839,79,45,42,0.9333333333333333
train,paragraph_tok_448_overlap_64,ChinaRealEstateInformationCorp_20090929_F-1_EX-10.32_4771615_EX-10.32_Content License Agreement,0,10187,26,24,24,1.0
train,paragraph_tok_448_overlap_64,GLOBALTECHNOLOGIESLTD_06_08_2020-EX-10.16-CONSULTING AGREEMENT,0,4089,13,12,12,1.0
train,paragraph_tok_448_overlap_64,PfHospitalityGroupInc_20150923_10-12G_EX-10.1_9266710_EX-10.1_Franchise Agreement1,0,31526,88,84,82,0.9761904761904762
train,paragraph_tok_448_overlap_64,CORIOINC_07_20_2000-EX-10.5-LICENSE AND HOSTING AGREEMENT,0,11012,29,53,52,0.9811320754716981
train,paragraph_tok_448_overlap_64,SENMIAOTECHNOLOGYLTD_02_19_2019-EX-10.5-Collaboration Agreement,0,15282,48,33,33,1.0
train,paragraph_tok_448_overlap_64,HealthcareIntegratedTechnologiesInc_20190812_8-K_EX-10.1_11776966_EX-10.1_Reseller Agreement,0,4727,12,22,22,1.0
train,paragraph_tok_448_overlap_64,LOYALTYPOINTINC_11_16_2004-EX-10.2-RESELLER AGREEMENT,0,28013,80,30,30,1.0
train,paragraph_tok_448_overlap_64,BNCMORTGAGEINC_05_17_1999-EX-10.4-LICENSING AND WEB SITE HOSTING AGREEMENT,0,6157,16,17,17,1.0
train,paragraph_tok_448_overlap_64,ENERGOUSCORP_03_16_2017-EX-10.24-STRATEGIC ALLIANCE AGREEMENT,0,17114,52,67,65,0.9701492537313433
train,paragraph_tok_448_overlap_64,CytodynInc_20200109_10-Q_EX-10.5_11941634_EX-10.5_License Agreement,0,34171,96,52,51,0.9807692307692307
train,paragraph_tok_448_overlap_64,NICELTD_06_26_2003-EX-4.5-OUTSOURCING AGREEMENT,0,23576,62,29,28,0.9655172413793104
train,paragraph_tok_448_overlap_64,ImpresseCorp_20000322_S-1A_EX-10.11_5199234_EX-10.11_Co-Branding Agreement,0,10022,26,32,32,1.0
train,paragraph_tok_448_overlap_64,AlliedEsportsEntertainmentInc_20190815_8-K_EX-10.19_11788293_EX-10.19_Content License Agreement,0,7828,22,30,30,1.0
train,paragraph_tok_448_overlap_64,CreditcardscomInc_20070810_S-1_EX-10.33_362297_EX-10.33_Affiliate Agreement,0,5453,17,13,13,1.0
train,paragraph_tok_448_overlap_64,GALACTICOMMTECHNOLOGIESINC_11_07_1997-EX-10.46-WEB HOSTING AGREEMENT,0,370,1,5,5,1.0
train,paragraph_tok_448_overlap_64,"Zounds Hearing, Inc. - MANUFACTURING DESIGN MARKETING AGREEMENT",0,9350,27,31,30,0.967741935483871
train,paragraph_tok_448_overlap_64,CUROGROUPHOLDINGSCORP_05_04_2020-EX-10.3-SERVICING AGREEMENT,0,7509,20,12,12,1.0
train,paragraph_tok_448_overlap_64,SouthernStarEnergyInc_20051202_SB-2A_EX-9_801890_EX-9_Affiliate Agreement,0,4408,13,17,17,1.0
train,paragraph_tok_448_overlap_64,ConformisInc_20191101_10-Q_EX-10.6_11861402_EX-10.6_Development Agreement,0,12805,40,33,33,1.0
train,paragraph_tok_448_overlap_64,Principal Life Insurance Company - Broker Dealer Marketing and Servicing Agreement,0,5745,17,15,15,1.0
train,paragraph_tok_448_overlap_64,LegacyEducationAllianceInc_20200330_10-K_EX-10.18_12090678_EX-10.18_Development Agreement,0,9967,30,49,49,1.0
train,paragraph_tok_448_overlap_64,VerizonAbsLlc_20200123_8-K_EX-10.4_11952335_EX-10.4_Service Agreement,0,61826,158,26,26,1.0
train,paragraph_tok_448_overlap_64,VERICELCORP_08_06_2019-EX-10.10-SUPPLY AGREEMENT,0,22067,60,39,38,0.9743589743589743
train,paragraph_tok_448_overlap_64,WPPPLC_04_30_2020-EX-4.28-SERVICE AGREEMENT,0,13122,39,26,25,0.9615384615384616
train,paragraph_tok_448_overlap_64,WORLDWIDESTRATEGIESINC_11_02_2005-EX-10-RESELLER AGREEMENT,0,14355,38,43,43,1.0
train,paragraph_tok_448_overlap_64,FEDERATEDGOVERNMENTINCOMESECURITIESINC_04_28_2020-EX-99.SERV AGREE-SERVICES AGREEMENT_SECONDAMENDMENT,0,1003,3,8,8,1.0
train,paragraph_tok_448_overlap_64,AzulSa_20170303_F-1A_EX-10.3_9943903_EX-10.3_Maintenance Agreement2,0,3595,9,13,13,1.0
train,paragraph_tok_448_overlap_64,PelicanDeliversInc_20200211_S-1_EX-10.3_11975895_EX-10.3_Development Agreement1,0,3640,12,6,6,1.0
train,paragraph_tok_448_overlap_64,ORBSATCORP_08_17_2007-EX-7.3-STRATEGIC ALLIANCE AGREEMENT,0,3675,10,19,19,1.0
train,paragraph_tok_448_overlap_64,DRAGONSYSTEMSINC_01_08_1999-EX-10.17-OUTSOURCING AGREEMENT,0,1823,5,13,13,1.0
train,paragraph_tok_448_overlap_64,SEPARATEACCOUNTIIOFAGL_05_02_2011-EX-99.(J)(4)-UNCONDITIONAL CAPITAL MAINTENANCE AGREEMENT,0,3754,12,13,13,1.0
train,paragraph_tok_448_overlap_64,ImperialGardenResortInc_20161028_DRS (on F-1)_EX-10.13_9963189_EX-10.13_Outsourcing Agreement,0,2391,7,7,7,1.0
train,paragraph_tok_448_overlap_64,"VIRGINGALACTICHOLDINGS,INC_04_08_2020-EX-99.1-JOINT FILING STATEMENT",0,244,1,6,6,1.0
train,paragraph_tok_448_overlap_64,FuseMedicalInc_20190321_10-K_EX-10.43_11575454_EX-10.43_Distributor Agreement,0,6783,16,21,20,0.9523809523809523
train,paragraph_tok_448_overlap_64,ASPIRITYHOLDINGSLLC_05_07_2012-EX-10.6-OUTSOURCING AGREEMENT,0,12474,43,28,28,1.0
train,paragraph_tok_448_overlap_64,"OASYSMOBILE,INC_07_05_2001-EX-10.17-OUTSOURCING AGREEMENT",0,12914,36,47,47,1.0
train,paragraph_tok_448_overlap_64,MEDIWOUNDLTD_01_15_2014-EX-10.6-SUPPLY AGREEMENT,0,10576,36,27,27,1.0
train,paragraph_tok_448_overlap_64,UpjohnInc_20200121_10-12G_EX-2.6_11948692_EX-2.6_Manufacturing Agreement_ Supply Agreement,0,46033,141,95,92,0.968421052631579
train,paragraph_tok_448_overlap_64,"Antares Pharma, Inc. - Manufacturing Agreement",0,22875,59,20,20,1.0
train,paragraph_tok_448_overlap_64,RareElementResourcesLtd_20171019_SC 13D_EX-99.4_10897534_EX-99.4_Intellectual Property Agreement,0,6938,19,33,33,1.0
train,paragraph_tok_448_overlap_64,VARIABLESEPARATEACCOUNT_04_30_2014-EX-13.C-UNCONDITIONAL CAPITAL MAINTENANCE AGREEMENT,0,3077,9,14,14,1.0
train,paragraph_tok_448_overlap_64,ABILITYINC_06_15_2020-EX-4.25-SERVICES AGREEMENT,0,5292,17,16,16,1.0
train,paragraph_tok_448_overlap_64,ELECTRAMECCANICA VEHICLES CORP. - Manufacturing Agreement,0,9233,29,30,30,1.0
train,paragraph_tok_448_overlap_64,GopageCorp_20140221_10-K_EX-10.1_8432966_EX-10.1_Content License Agreement,0,8433,26,25,25,1.0
train,paragraph_tok_448_overlap_64,BICYCLETHERAPEUTICSPLC_03_10_2020-EX-10.11-SERVICE AGREEMENT,0,11482,31,27,26,0.9629629629629629
train,paragraph_tok_448_overlap_64,TELEGLOBEINTERNATIONALHOLDINGSLTD_03_29_2004-EX-10.10-CONSTRUCTION AND MAINTENANCE AGREEMENT,0,18809,60,62,62,1.0
train,paragraph_tok_448_overlap_64,INTERNATIONALFASTFOODCORP_04_04_1997-EX-99-FRANCHISE AGREEMENT,0,22139,57,65,63,0.9692307692307692
train,paragraph_tok_448_overlap_64,BIOCEPTINC_08_19_2013-EX-10-COLLABORATION AGREEMENT,0,15808,43,40,40,1.0
train,paragraph_tok_448_overlap_64,PACIFICSYSTEMSCONTROLTECHNOLOGYINC_08_24_2000-EX-10.53-SPONSORSHIP AGREEMENT,0,869,3,9,9,1.0
train,paragraph_tok_448_overlap_64,NANOPHASETECHNOLOGIESCORP_11_01_2005-EX-99.1-DISTRIBUTOR AGREEMENT,0,10253,29,37,37,1.0
train,paragraph_tok_448_overlap_64,AzulSa_20170303_F-1A_EX-10.3_9943903_EX-10.3_Maintenance Agreement1,0,60094,161,41,41,1.0
train,paragraph_tok_448_overlap_64,PelicanDeliversInc_20200211_S-1_EX-10.3_11975895_EX-10.3_Development Agreement2,0,6444,21,21,21,1.0
train,paragraph_tok_448_overlap_64,"NETGEAR,INC_04_21_2003-EX-10.16-AMENDMENT TO THE DISTRIBUTOR AGREEMENT BETWEEN INGRAM MICRO AND NETGEAR",0,1368,4,8,8,1.0
train,paragraph_tok_448_overlap_64,NEONSYSTEMSINC_03_01_1999-EX-10.5-DISTRIBUTOR AGREEMENT_Amendment,0,4082,11,32,32,1.0
train,paragraph_tok_448_overlap_64,SPARKLINGSPRINGWATERHOLDINGSLTD_07_03_2002-EX-10.13-SOFTWARE LICENSE AND MAINTENANCE AGREEMENT,0,4836,12,28,27,0.9642857142857143
train,paragraph_tok_448_overlap_64,NUVEEN - REMARKETING AGREEMENT,0,15470,43,17,17,1.0
train,paragraph_tok_448_overlap_64,SECURIANFUNDSTRUST_05_01_2012-EX-99.28.H.9-NET INVESTMENT INCOME MAINTENANCE AGREEMENT,0,1988,5,13,13,1.0
train,paragraph_tok_448_overlap_64,WELLSFARGOMORTGAGEBACKEDSECURITIES2006-6TRUST_05_11_2006-EX-10.3-Yield Maintenance Agreement,0,7037,20,12,12,1.0
train,paragraph_tok_448_overlap_64,REWALKROBOTICSLTD_07_10_2014-EX-10.2-STRATEGIC ALLIANCE AGREEMENT,0,3114,8,15,15,1.0
train,paragraph_tok_448_overlap_64,PenntexMidstreamPartnersLp_20150416_S-1A_EX-10.4_9042833_EX-10.4_Transportation Agreement,0,10571,27,20,20,1.0
train,paragraph_tok_448_overlap_64,FerroglobePlc_20150624_F-4A_EX-10.20_9154746_EX-10.20_Outsourcing Agreement,0,6739,16,13,13,1.0
train,paragraph_tok_448_overlap_64,TodosMedicalLtd_20190328_20-F_EX-4.10_11587157_EX-4.10_Marketing Agreement_ Reseller Agreement,0,6799,21,31,31,1.0
train,paragraph_tok_448_overlap_64,PrecheckHealthServicesInc_20200320_8-K_EX-99.2_12070169_EX-99.2_Distributor Agreement,0,1242,4,13,13,1.0
train,paragraph_tok_448_overlap_64,INKTOMICORP_06_08_1998-EX-10.14-SOFTWARE HOSTING AGREEMENT,0,14070,37,29,27,0.9310344827586207
train,paragraph_tok_448_overlap_64,"OAKTREECAPITALGROUP,LLC_03_02_2020-EX-10.8-Services Agreement",0,4230,11,14,14,1.0
train,paragraph_tok_448_overlap_64,BANGIINC_05_25_2005-EX-10-Premium Managed Hosting Agreement,0,444,1,6,6,1.0
train,paragraph_tok_448_overlap_64,AMERICANPHYSICIANSCAPITALINC_03_31_2003-EX-10.26-AGENCY AGREEMENT,0,3892,10,25,24,0.96
train,paragraph_tok_448_overlap_64,GULFSOUTHMEDICALSUPPLYINC_12_24_1997-EX-4-AFFILIATE AGREEMENT,0,6205,17,9,9,1.0
train,paragraph_tok_448_overlap_64,"BELLRINGBRANDS,INC_02_07_2020-EX-10.18-MASTER SUPPLY AGREEMENT",0,7535,22,28,28,1.0
train,paragraph_tok_448_overlap_64,AimmuneTherapeuticsInc_20200205_8-K_EX-10.3_11967170_EX-10.3_Development Agreement,0,36894,99,56,56,1.0
train,paragraph_tok_448_overlap_64,HEALTHGATEDATACORP_11_24_1999-EX-10.1-HOSTING AND MANAGEMENT AGREEMENT (1),0,29302,72,51,48,0.9411764705882353
train,paragraph_tok_448_overlap_64,"INTELLIGENTHIGHWAYSOLUTIONS,INC_01_18_2018-EX-10.1-Strategic Alliance Agreement",0,1647,5,14,14,1.0
train,paragraph_tok_448_overlap_64,ATMOSENERGYCORP_11_22_2002-EX-10.17-TRANSPORTATION SERVICE AGREEMENT,0,4293,11,18,18,1.0
train,paragraph_tok_448_overlap_64,PacificapEntertainmentHoldingsInc_20051115_8-KA_EX-1.01_4300894_EX-1.01_Content License Agreement,0,3480,9,15,15,1.0
train,paragraph_tok_448_overlap_64,ReedsInc_20191113_10-Q_EX-10.4_11888303_EX-10.4_Development Agreement,0,5752,16,19,19,1.0
train,paragraph_tok_448_overlap_64,RgcResourcesInc_20151216_8-K_EX-10.3_9372751_EX-10.3_Franchise Agreement,0,1116,3,10,10,1.0
train,paragraph_tok_448_overlap_64,"BELLICUMPHARMACEUTICALS,INC_05_07_2019-EX-10.1-Supply Agreement",0,39380,108,69,68,0.9855072463768116
train,paragraph_tok_448_overlap_64,MARTINMIDSTREAMPARTNERSLP_01_23_2004-EX-10.3-TRANSPORTATION SERVICES AGREEMENT,0,2775,8,17,17,1.0
train,paragraph_tok_448_overlap_64,RUBIOSRESTAURANTSINC_03_31_2008-EX-10.75-SPONSORSHIP AGREEMENT,0,7330,22,20,20,1.0
train,paragraph_tok_448_overlap_64,CardlyticsInc_20180112_S-1_EX-10.16_11002987_EX-10.16_Maintenance Agreement2,0,554,2,6,6,1.0
train,paragraph_tok_448_overlap_64,"XLITECHNOLOGIES,INC_12_11_2015-EX-10.1-Sponsorship Agreement",0,4053,12,16,16,1.0
train,paragraph_tok_448_overlap_64,ScansourceInc_20190822_10-K_EX-10.38_11793958_EX-10.38_Distributor Agreement2,0,2649,7,18,18,1.0
train,paragraph_tok_448_overlap_64,VERTEXENERGYINC_08_14_2014-EX-10.24-OPERATION AND MAINTENANCE AGREEMENT,0,11605,30,29,29,1.0
train,paragraph_tok_448_overlap_64,NYLIACVARIABLEANNUITYSEPARATEACCOUNTIII_04_10_2020-EX-99.8.KK-SERVICE AGREEMENT,0,1336,4,12,12,1.0
train,paragraph_tok_448_overlap_64,AlliedEsportsEntertainmentInc_20190815_8-K_EX-10.34_11788308_EX-10.34_Sponsorship Agreement,0,7845,22,25,25,1.0
train,paragraph_tok_448_overlap_64,SLOVAKWIRELESSFINANCECOBV_03_28_2001-EX-4.(B)(II).3-Maintenance and support contract for SICAP(R) modules,0,7720,19,9,9,1.0
train,paragraph_tok_448_overlap_64,ANIXABIOSCIENCESINC_06_09_2020-EX-10.1-COLLABORATION AGREEMENT,0,8395,23,31,31,1.0
train,paragraph_tok_448_overlap_64,"ELFBEAUTY,INC_07_02_2020-EX-10.1-COOPERATION AGREEMENT",0,9153,26,17,17,1.0
train,paragraph_tok_448_overlap_64,DigitalCinemaDestinationsCorp_20111220_S-1_EX-10.10_7346719_EX-10.10_Affiliate Agreement,0,21782,65,63,62,0.9841269841269841
train,paragraph_tok_448_overlap_64,VERTICALNETINC_04_01_2002-EX-10.19-MAINTENANCE AND SUPPORT AGREEMENT,0,13838,36,31,31,1.0
train,paragraph_tok_448_overlap_64,TcPipelinesLp_20160226_10-K_EX-99.12_9454048_EX-99.12_Transportation Agreement,0,1398,4,11,11,1.0
train,paragraph_tok_448_overlap_64,HUBEIMINKANGPHARMACEUTICALLTD_09_19_2006-EX-10.1-OUTSOURCING AGREEMENT,0,2332,6,13,13,1.0
train,paragraph_tok_448_overlap_64,ACCURAYINC_09_01_2010-EX-10.31-DISTRIBUTOR AGREEMENT,0,18245,53,30,30,1.0
train,paragraph_tok_448_overlap_64,"MIDDLEBROOKPHARMACEUTICALS,INC_03_18_2010-EX-10.1-PROMOTION AGREEMENT",0,11781,32,23,23,1.0
train,paragraph_tok_448_overlap_64,ArcGroupInc_20171211_8-K_EX-10.1_10976103_EX-10.1_Sponsorship Agreement,0,3524,11,9,9,1.0
train,paragraph_tok_448_overlap_64,AtnInternationalInc_20191108_10-Q_EX-10.1_11878541_EX-10.1_Maintenance Agreement,0,48001,127,70,65,0.9285714285714286
train,paragraph_tok_448_overlap_64,"SightLife Surgical, Inc. - STRATEGIC SALES _ MARKETING AGREEMENT",0,4749,14,23,23,1.0
train,paragraph_tok_448_overlap_64,InmodeLtd_20190729_F-1A_EX-10.9_11743243_EX-10.9_Manufacturing Agreement,0,8163,25,23,23,1.0
train,paragraph_tok_448_overlap_64,FUSIONPHARMACEUTICALSINC_06_05_2020-EX-10.17-Supply Agreement - FUSION,0,8317,24,29,29,1.0
train,paragraph_tok_448_overlap_64,URSCORPNEW_03_17_2014-EX-99-COOPERATION AGREEMENT,0,7556,21,9,9,1.0
train,paragraph_tok_448_overlap_64,GpaqAcquisitionHoldingsInc_20200123_S-4A_EX-10.6_11951677_EX-10.6_License Agreement,0,9607,29,45,45,1.0
train,paragraph_tok_448_overlap_64,SalesforcecomInc_20171122_10-Q_EX-10.1_10961535_EX-10.1_Reseller Agreement,0,667,2,6,6,1.0
train,paragraph_tok_448_overlap_64,SLINGERBAGINC_05_27_2020-EX-10.7-CONSULTING AGREEMENT,0,6937,22,15,15,1.0
train,paragraph_tok_448_overlap_64,IGENEBIOTECHNOLOGYINC_05_13_2003-EX-1-JOINT VENTURE AGREEMENT,0,14449,39,28,27,0.9642857142857143
train,paragraph_tok_448_overlap_64,ENERGYXXILTD_05_08_2015-EX-10.13-Transportation AGREEMENT,0,13250,40,23,23,1.0
train,paragraph_tok_448_overlap_64,EtonPharmaceuticalsInc_20191114_10-Q_EX-10.1_11893941_EX-10.1_Development Agreement,0,13838,43,27,27,1.0
train,paragraph_tok_448_overlap_64,ScansourceInc_20190822_10-K_EX-10.38_11793958_EX-10.38_Distributor Agreement1,0,17533,45,42,41,0.9761904761904762
train,paragraph_tok_448_overlap_64,CardlyticsInc_20180112_S-1_EX-10.16_11002987_EX-10.16_Maintenance Agreement1,0,31965,83,93,93,1.0
train,paragraph_tok_448_overlap_64,"NETGEAR,INC_04_21_2003-EX-10.16-DISTRIBUTOR AGREEMENT",0,7935,20,45,45,1.0
train,paragraph_tok_448_overlap_64,EcoScienceSolutionsInc_20171117_8-K_EX-10.1_10956472_EX-10.1_Endorsement Agreement,0,3835,10,17,17,1.0
train,paragraph_tok_448_overlap_64,AMERICASSHOPPINGMALLINC_12_10_1999-EX-10.2-SITE DEVELOPMENT AND HOSTING AGREEMENT,0,3755,10,22,22,1.0
train,paragraph_tok_448_overlap_64,DataCallTechnologies_20060918_SB-2A_EX-10.9_944510_EX-10.9_Content License Agreement,0,2761,7,22,22,1.0
train,paragraph_tok_448_overlap_64,JINGWEIINTERNATIONALLTD_10_04_2007-EX-10.7-INTELLECTUAL PROPERTY AGREEMENT,0,3289,9,18,18,1.0
train,paragraph_tok_448_overlap_64,FEDERATEDGOVERNMENTINCOMESECURITIESINC_04_28_2020-EX-99.SERV AGREE-SERVICES AGREEMENT,0,2214,6,13,11,0.8461538461538461
train,paragraph_tok_448_overlap_64,MRSFIELDSORIGINALCOOKIESINC_01_29_1998-EX-10-FRANCHISE AGREEMENT,0,50471,137,78,77,0.9871794871794872
train,paragraph_tok_448_overlap_64,PalmerSquareCapitalBdcInc_20200116_10-12GA_EX-10.6_11949289_EX-10.6_Trademark License Agreement,0,3106,10,19,19,1.0
train,paragraph_tok_448_overlap_64,LUCIDINC_04_15_2011-EX-10.9-DISTRIBUTOR AGREEMENT,0,2975,9,20,19,0.95
train,paragraph_tok_448_overlap_64,UsioInc_20040428_SB-2_EX-10.11_1723988_EX-10.11_Affiliate Agreement 2,0,4873,13,28,28,1.0
train,paragraph_tok_448_overlap_64,EmmisCommunicationsCorp_20191125_8-K_EX-10.6_11906433_EX-10.6_Marketing Agreement,0,3632,11,11,11,1.0
train,paragraph_tok_448_overlap_64,ENTERTAINMENTGAMINGASIAINC_02_15_2005-EX-10.5-DISTRIBUTOR AGREEMENT,0,8910,24,38,37,0.9736842105263158
train,paragraph_tok_448_overlap_64,"Magenta Therapeutics, Inc. - Master Development and Manufacturing Agreement",0,14812,39,33,33,1.0
train,paragraph_tok_448_overlap_64,"GRIDIRONBIONUTRIENTS,INC_02_05_2020-EX-10.3-SUPPLY AGREEMENT",0,1237,4,10,10,1.0
train,paragraph_tok_448_overlap_64,PapaJohnsInternationalInc_20190617_8-K_EX-10.1_11707365_EX-10.1_Endorsement Agreement,0,15085,43,35,35,1.0
train,paragraph_tok_448_overlap_64,SUMMAFOURINC_06_19_1998-EX-10.3-SOFTWARE LICENSE AND MAINTENANCE AGREEMENT,0,27391,75,34,32,0.9411764705882353
train,paragraph_tok_448_overlap_64,MACROGENICSINC_08_02_2013-EX-10-COLLABORATION AGREEMENT,0,34644,89,51,51,1.0
train,paragraph_tok_448_overlap_64,GSVINC_05_15_1998-EX-10-SPONSORSHIP AGREEMENT,0,7862,20,22,22,1.0
train,paragraph_tok_448_overlap_64,MorganStanleyDirectLendingFund_20191119_10-12GA_EX-10.5_11898508_EX-10.5_Trademark License Agreement,0,3521,10,27,27,1.0
train,paragraph_tok_448_overlap_64,ELANDIAINTERNATIONALINC_04_25_2007-EX-10.21-Outsourcing Agreement,0,16874,40,25,25,1.0
train,paragraph_tok_448_overlap_64,PareteumCorp_20081001_8-K_EX-99.1_2654808_EX-99.1_Hosting Agreement,0,13547,35,23,23,1.0
train,paragraph_tok_448_overlap_64,PhasebioPharmaceuticalsInc_20200330_10-K_EX-10.21_12086810_EX-10.21_Development Agreement,0,63425,174,88,87,0.9886363636363636
train,paragraph_tok_448_overlap_64,"KUBIENT,INC_07_02_2020-EX-10.14-MASTER SERVICES AGREEMENT_Part2",0,1698,5,13,13,1.0
train,paragraph_tok_448_overlap_64,EdietsComInc_20001030_10QSB_EX-10.4_2606646_EX-10.4_Co-Branding Agreement,0,13264,36,48,48,1.0
train,paragraph_tok_448_overlap_64,LECLANCHÉ S.A. - JOINT DEVELOPMENT AND MARKETING AGREEMENT,0,4087,10,19,19,1.0
train,paragraph_tok_448_overlap_64,CardlyticsInc_20180112_S-1_EX-10.16_11002987_EX-10.16_Maintenance Agreement4,0,1022,3,12,12,1.0
train,paragraph_tok_448_overlap_64,TomOnlineInc_20060501_20-F_EX-4.46_749700_EX-4.46_Co-Branding Agreement,0,24081,68,56,53,0.9464285714285714
train,paragraph_tok_448_overlap_64,"CERES,INC_01_25_2012-EX-10.20-Collaboration Agreement",0,78591,198,66,66,1.0
train,paragraph_tok_448_overlap_64,"INTERSECTENT,INC_05_11_2020-EX-10.1-SUPPLY AGREEMENT",0,7789,21,18,18,1.0
train,paragraph_tok_448_overlap_64,"TRANSPHORM,INC_02_14_2020-EX-10.12(1)-JOINT VENTURE AGREEMENT",0,23293,61,35,34,0.9714285714285714
train,paragraph_tok_448_overlap_64,EuromediaHoldingsCorp_20070215_10SB12G_EX-10.B(01)_525118_EX-10.B(01)_Content License Agreement,0,6204,21,30,30,1.0
train,paragraph_tok_448_overlap_64,"Sonos, Inc. - Manufacturing Agreement ",0,22984,60,53,53,1.0
train,paragraph_tok_448_overlap_64,"ASHWORTHINC_01_29_1999-EX-10.(D)-PROMOTION AGREEMENT AND NANTZ COMMUNICATIONS, INC.",0,4832,12,27,27,1.0
train,paragraph_tok_448_overlap_64,LIGHTBRIDGECORP_11_23_2015-EX-10.26-STRATEGIC ALLIANCE AGREEMENT,0,3804,10,11,11,1.0
train,paragraph_tok_448_overlap_64,"XLITECHNOLOGIES,INC_12_02_2015-EX-10.02-STRATEGIC ALLIANCE AGREEMENT",0,1168,3,9,9,1.0
train,paragraph_tok_448_overlap_64,HYPERIONSOFTWARECORP_09_28_1994-EX-10.47-EXCLUSIVE DISTRIBUTOR AGREEMENT,0,7629,20,30,30,1.0
train,paragraph_tok_448_overlap_64,BUFFALOWILDWINGSINC_06_05_1998-EX-10.3-FRANCHISE AGREEMENT,0,31263,83,86,82,0.9534883720930233
train,paragraph_tok_448_overlap_64,ReynoldsConsumerProductsInc_20200121_S-1A_EX-10.22_11948918_EX-10.22_Service Agreement,0,22739,61,26,26,1.0
train,paragraph_tok_448_overlap_64,"GWG HOLDINGS, INC. - ORDERLY MARKETING AGREEMENT",0,5656,18,12,12,1.0
train,paragraph_tok_448_overlap_64,BLACKROCKMUNIHOLDINGSINVESTMENTQUALITYFUND_04_07_2020-EX-99.01-JOINT FILING AGREEMENT,0,269,1,6,6,1.0
train,paragraph_tok_448_overlap_64,ALLISONTRANSMISSIONHOLDINGSINC_12_15_2014-EX-99.1-COOPERATION AGREEMENT,0,6795,19,18,18,1.0
train,paragraph_tok_448_overlap_64,WARNINGMANAGEMENTSERVICESINC_12_10_1999-EX-10-ENDORSEMENT AGREEMENT,0,5900,15,32,32,1.0
train,paragraph_tok_448_overlap_64,LinkPlusCorp_20050802_8-K_EX-10_3240252_EX-10_Affiliate Agreement,0,4041,10,32,32,1.0
train,paragraph_tok_448_overlap_64,SMITHELECTRICVEHICLESCORP_04_04_2012-EX-10.26-FLEET MAINTENANCE AGREEMENT,0,17017,58,29,28,0.9655172413793104
train,paragraph_tok_448_overlap_64,CHINARECYCLINGENERGYCORP_11_14_2013-EX-10.6-Cooperation Agreement,0,3203,11,13,13,1.0
train,paragraph_tok_448_overlap_64,"KUBIENT,INC_07_02_2020-EX-10.14-MASTER SERVICES AGREEMENT_Part1",0,5283,14,20,20,1.0
train,paragraph_tok_448_overlap_64,NeoformaInc_19991202_S-1A_EX-10.26_5224521_EX-10.26_Co-Branding Agreement,0,21948,60,70,70,1.0
train,paragraph_tok_448_overlap_64,AULAMERICANUNITTRUST_04_24_2020-EX-99.8.77-SERVICING AGREEMENT,0,7018,21,16,16,1.0
train,paragraph_tok_448_overlap_64,VIOLINMEMORYINC_12_12_2012-EX-10.14-SPONSORSHIP AGREEMENT,0,11007,27,30,29,0.9666666666666667
train,paragraph_tok_448_overlap_64,RaeSystemsInc_20001114_10-Q_EX-10.57_2631790_EX-10.57_Co-Branding Agreement,0,9602,26,29,29,1.0
train,paragraph_tok_448_overlap_64,QBIOMEDINC_04_08_2020-EX-99.1-JOINT FILING AGREEMENT,0,763,2,13,13,1.0
train,paragraph_tok_448_overlap_64,ZogenixInc_20190509_10-Q_EX-10.2_11663313_EX-10.2_Distributor Agreement,0,37412,101,70,70,1.0
train,paragraph_tok_448_overlap_64,LeadersonlineInc_20000427_S-1A_EX-10.8_4991089_EX-10.8_Co-Branding Agreement,0,11383,30,44,44,1.0
train,paragraph_tok_448_overlap_64,ArcaUsTreasuryFund_20200207_N-2_EX-99.K5_11971930_EX-99.K5_Development Agreement,0,3073,9,12,12,1.0
train,paragraph_tok_448_overlap_64,BIOAMBERINC_04_10_2013-EX-10.34-DEVELOPMENT AGREEMENT - First Amendment,0,1432,4,7,7,1.0
train,paragraph_tok_448_overlap_64,"XACCT Technologies, Inc.SUPPORT AND MAINTENANCE AGREEMENT",0,2681,7,14,14,1.0
train,paragraph_tok_448_overlap_64,CHANGEPOINTCORP_03_08_2000-EX-10.6-LICENSE AND HOSTING AGREEMENT,0,40176,105,82,80,0.975609756097561
train,paragraph_tok_448_overlap_64,Apollo Endosurgery - Manufacturing and Supply Agreement,0,9682,26,24,24,1.0
train,paragraph_tok_448_overlap_64,"MJBIOTECH,INC_12_06_2018-EX-99.01-JOINT VENTURE AGREEMENT",0,4442,11,22,22,1.0
train,paragraph_tok_448_overlap_64,IDREAMSKYTECHNOLOGYLTD_07_03_2014-EX-10.39-Cooperation Agreement on Mobile Game Business,0,15306,39,26,26,1.0
train,paragraph_tok_448_overlap_64,"CANOPETROLEUM,INC_12_13_2007-EX-10.1-Sponsorship Agreement",0,1828,5,14,14,1.0
train,paragraph_tok_448_overlap_64,"HOSPITALITYINVESTORSTRUST,INC_04_07_2014-EX-10.26-FRANCHISE AGREEMENT",0,30617,88,49,48,0.9795918367346939
train,paragraph_tok_448_overlap_64,FulucaiProductionsLtd_20131223_10-Q_EX-10.9_8368347_EX-10.9_Content License Agreement,0,3978,12,28,28,1.0
train,paragraph_tok_448_overlap_64,MPLXLP_06_17_2015-EX-10.1-TRANSPORTATION SERVICES AGREEMENT,0,11754,31,30,29,0.9666666666666667
train,paragraph_tok_448_overlap_64,LOGANSROADHOUSEINC_03_27_1998-EX-10.17-SPONSORSHIP AGREEMENT,0,3891,11,19,19,1.0
train,paragraph_tok_448_overlap_64,FuelcellEnergyInc_20191106_8-K_EX-10.1_11868007_EX-10.1_Development Agreement,0,21816,58,60,60,1.0
train,paragraph_tok_448_overlap_64,"THERAVANCEBIOPHARMA,INC_05_08_2020-EX-10.2-SERVICE AGREEMENT",0,6598,22,16,16,1.0
train,paragraph_tok_448_overlap_64,DYNAMEXINC_06_06_1996-EX-10.4-TRANSPORTATION SERVICES AGREEMENT,0,8846,22,33,33,1.0
train,paragraph_tok_448_overlap_64,ULTRAGENYXPHARMACEUTICALINC_12_23_2013-EX-10.9-SUPPLY AGREEMENT,0,3175,8,16,16,1.0
train,paragraph_tok_448_overlap_64,"NETGEAR,INC_04_21_2003-EX-10.16- AMENDMENT #2 TO THE DISTRIBUTION AGREEMENT",0,850,2,6,6,1.0
train,paragraph_tok_448_overlap_64,SFGFINANCIALCORP_05_12_2009-EX-10.1-SOFTWARE LICENSE AND MAINTENANCE AGREEMENT,0,10327,29,32,32,1.0
train,paragraph_tok_448_overlap_64,"VAXCYTE,INC_05_22_2020-EX-10.19-SUPPLY AGREEMENT",0,21200,61,29,28,0.9655172413793104
train,paragraph_tok_448_overlap_64,"OTISWORLDWIDECORP_04_03_2020-EX-10.4-INTELLECTUAL PROPERTY AGREEMENT by and among UNITED TECHNOLOGIES CORPORATION, OTIS WORLDWIDE CORPORATION and CARRIER ~1",0,12556,37,32,28,0.875
train,paragraph_tok_448_overlap_64,"GIGGLESN_HUGS,INC_06_23_2016-EX-10.2-STRATEGIC ALLIANCE AGREEMENT",0,4300,14,19,18,0.9473684210526315
train,paragraph_tok_448_overlap_64,ExactSciencesCorp_20180822_8-K_EX-10.1_11331629_EX-10.1_Promotion Agreement,0,33115,105,43,42,0.9767441860465116
train,paragraph_tok_448_overlap_64,GlobalTechnologiesGroupInc_20050928_10KSB_EX-10.9_4148808_EX-10.9_Content License Agreement,0,8105,22,18,18,1.0
train,paragraph_tok_448_overlap_64,HertzGroupRealtyTrustInc_20190920_S-11A_EX-10.8_11816941_EX-10.8_Trademark License Agreement,0,3160,10,15,15,1.0
train,paragraph_tok_448_overlap_64,QuantumGroupIncFl_20090120_8-K_EX-99.2_3672910_EX-99.2_Hosting Agreement,0,21849,59,32,32,1.0
train,paragraph_tok_448_overlap_64,"PHREESIA,INC_05_28_2019-EX-10.18-STRATEGIC ALLIANCE AGREEMENT",0,24321,64,51,50,0.9803921568627451
train,paragraph_tok_448_overlap_64,"Array BioPharma Inc. - LICENSE, DEVELOPMENT AND COMMERCIALIZATION AGREEMENT",0,55217,150,65,65,1.0
train,paragraph_tok_448_overlap_64,MERCATAINC_03_09_2000-EX-10.21-SPONSORSHIP AGREEMENT,0,4755,13,12,12,1.0
train,paragraph_tok_448_overlap_64,"MEDALISTDIVERSIFIEDREIT,INC_05_18_2020-EX-10.1-CONSULTING AGREEMENT",0,4738,15,34,34,1.0
train,paragraph_tok_448_overlap_64,"FOUNDATIONMEDICINE,INC_02_02_2015-EX-10.2-Collaboration Agreement",0,36508,94,75,75,1.0
train,paragraph_tok_448_overlap_64,RevolutionMedicinesInc_20200117_S-1_EX-10.1_11948417_EX-10.1_Development Agreement,0,57395,157,90,89,0.9888888888888889
train,paragraph_tok_448_overlap_64,"ETELOS,INC_03_09_2004-EX-10.8-DISTRIBUTOR AGREEMENT",0,5137,13,25,25,1.0
train,paragraph_tok_448_overlap_64,LifewayFoodsInc_20160316_10-K_EX-10.24_9489766_EX-10.24_Endorsement Agreement,0,2226,6,16,16,1.0
train,paragraph_tok_448_overlap_64,"LEGACYTECHNOLOGYHOLDINGS,INC_12_09_2005-EX-10.2-DISTRIBUTOR AGREEMENT",0,2616,7,23,23,1.0
train,paragraph_tok_448_overlap_64,DeltathreeInc_19991102_S-1A_EX-10.19_6227850_EX-10.19_Co-Branding Agreement_ Service Agreement,0,5656,15,17,17,1.0
train,paragraph_tok_448_overlap_64,"SPRINGBANKPHARMACEUTICALS,INC_04_08_2020-EX-99.A-JOINT FILING AGREEMENT",0,368,1,6,6,1.0
train,paragraph_tok_448_overlap_64,ImineCorp_20180725_S-1_EX-10.5_11275970_EX-10.5_Distributor Agreement,0,6994,21,23,23,1.0
train,paragraph_tok_448_overlap_64,CCAINDUSTRIESINC_04_14_2014-EX-10.1-OUTSOURCING AGREEMENT,0,6429,17,27,27,1.0
train,paragraph_tok_448_overlap_64,Microgenics Corporation - Collaborative Development and Commercialization Agreement,0,41608,116,54,54,1.0
train,paragraph_tok_448_overlap_64,VgrabCommunicationsInc_20200129_10-K_EX-10.33_11958828_EX-10.33_Development Agreement,0,3149,10,13,13,1.0
train,paragraph_tok_448_overlap_64,AIRTECHINTERNATIONALGROUPINC_05_08_2000-EX-10.4-FRANCHISE AGREEMENT,0,15597,39,42,39,0.9285714285714286
train,paragraph_tok_448_overlap_64,IMMUNOMEDICSINC_08_07_2019-EX-10.1-PROMOTION AGREEMENT,0,31927,84,36,33,0.9166666666666666
train,paragraph_tok_448_overlap_64,BravatekSolutionsInc_20170418_8-K_EX-10.1_10205739_EX-10.1_Reseller Agreement,0,3338,10,17,17,1.0
train,paragraph_tok_448_overlap_64,SPORTHALEYINC_09_29_1997-EX-10.2-10-ENDORSEMENT AGREEMENT,0,2203,7,21,21,1.0
train,paragraph_tok_448_overlap_64,XENCORINC_10_25_2013-EX-10.24-COLLABORATION AGREEMENT (3),0,35681,99,66,66,1.0
train,paragraph_tok_448_overlap_64,NETGROCERINC_07_31_1998-EX-10.15-SPONSORSHIP AGREEMENT,0,7296,19,26,25,0.9615384615384616
train,paragraph_tok_448_overlap_64,CoherusBiosciencesInc_20200227_10-K_EX-10.29_12021376_EX-10.29_Development Agreement,0,32168,87,56,54,0.9642857142857143
train,paragraph_tok_448_overlap_64,DIVERSINETCORP_03_01_2012-EX-4-RESELLER AGREEMENT,0,15189,41,43,42,0.9767441860465116
train,paragraph_tok_448_overlap_64,NmfSlfIInc_20200115_10-12GA_EX-10.5_11946987_EX-10.5_Trademark License Agreement,0,3655,11,25,25,1.0
train,paragraph_tok_448_overlap_64,KALLOINC_11_03_2011-EX-10.1-STRATEGIC ALLIANCE AGREEMENT,0,15030,39,34,34,1.0
train,paragraph_tok_448_overlap_64,MOSSIMOINC_04_14_2000-EX-10.14-ENDORSEMENT AGREEMENT,0,4631,12,28,28,1.0
train,paragraph_tok_448_overlap_64,FEDERATEDGOVERNMENTINCOMESECURITIESINC_04_28_2020-EX-99.SERV AGREE-SERVICES AGREEMENT_AMENDMENT,0,708,2,8,8,1.0
train,paragraph_tok_448_overlap_64,RandWorldwideInc_20010402_8-KA_EX-10.2_2102464_EX-10.2_Co-Branding Agreement,0,9202,23,34,34,1.0
train,paragraph_tok_448_overlap_64,GOLDRESOURCECORP_12_11_2008-EX-10.1-STRATEGIC ALLIANCE AGREEMENT,0,11423,31,36,36,1.0
train,paragraph_tok_448_overlap_64,"Loop Industries, Inc. - Marketing Agreement",0,6957,22,19,19,1.0
train,paragraph_tok_448_overlap_64,BloomEnergyCorp_20180321_DRSA (on S-1)_EX-10_11240356_EX-10_Maintenance Agreement,0,22481,59,36,36,1.0
train,paragraph_tok_448_overlap_64,AudibleInc_20001113_10-Q_EX-10.32_2599586_EX-10.32_Co-Branding Agreement_ Marketing Agreement_ Investment Distribution Agreement,0,16710,45,47,45,0.9574468085106383
train,paragraph_tok_448_overlap_64,HOLIDAYRVSUPERSTORESINC_04_15_2002-EX-10.13-ENDORSEMENT AGREEMENT,0,2745,7,17,17,1.0
train,paragraph_tok_448_overlap_64,NeuroboPharmaceuticalsInc_20190903_S-4_EX-10.36_11802165_EX-10.36_Manufacturing Agreement_ Supply Agreement,0,4667,14,11,11,1.0
train,paragraph_tok_448_overlap_64,SONUSCORP_03_12_1997-EX-10.11-SPONSORSHIP AGREEMENT,0,5064,12,10,10,1.0
train,paragraph_tok_448_overlap_64,RangeResourcesLouisianaInc_20150417_8-K_EX-10.5_9045501_EX-10.5_Transportation Agreement,0,20902,56,21,21,1.0
train,paragraph_tok_448_overlap_64,CHAPARRALRESOURCESINC_03_30_2000-EX-10.66-TRANSPORTATION CONTRACT,0,5213,13,17,17,1.0
train,paragraph_tok_448_overlap_64,AURASYSTEMSINC_06_16_2010-EX-10.25-STRATEGIC ALLIANCE AGREEMENT,0,9142,29,44,42,0.9545454545454546
train,paragraph_tok_448_overlap_64,IpassInc_20181203_8-K_EX-99.1_11445874_EX-99.1_Reseller Agreement,0,15064,41,30,29,0.9666666666666667
train,paragraph_tok_448_overlap_64,VERSOTECHNOLOGIESINC_12_28_2007-EX-99.3-INTELLECTUAL PROPERTY AGREEMENT,0,1008,3,8,8,1.0
train,paragraph_tok_448_overlap_64,EhaveInc_20190515_20-F_EX-4.44_11678816_EX-4.44_License Agreement_ Reseller Agreement,0,18095,55,62,61,0.9838709677419355
train,paragraph_tok_448_overlap_64,"UNITEDNATIONALBANCORP_03_03_1999-EX-99-Outsourcing Agreement with the BISYS Group, Inc.",0,376,1,7,7,1.0
train,paragraph_tok_448_overlap_64,VirtuosoSurgicalInc_20191227_1-A_EX1A-6 MAT CTRCT_11933379_EX1A-6 MAT CTRCT_License Agreement,0,7847,25,37,37,1.0
train,paragraph_tok_448_overlap_64,"ROCKYMOUNTAINCHOCOLATEFACTORY,INC_12_23_2019-EX-10.2-STRATEGIC ALLIANCE AGREEMENT",0,24848,74,34,33,0.9705882352941176
train,paragraph_tok_448_overlap_64,VITAMINSHOPPECOMINC_09_13_1999-EX-10.26-SPONSORSHIP AGREEMENT,0,14425,36,16,16,1.0
train,paragraph_tok_448_overlap_64,"SOLUTIONSVENDINGINTERNATIONAL,INC_03_31_2020-EX1A-1 UNDR AGMT-SERVICES AGREEMENT",0,1510,5,9,9,1.0
train,paragraph_tok_448_overlap_64,InnerscopeHearingTechnologiesInc_20181109_8-K_EX-10.6_11419704_EX-10.6_Distributor Agreement,0,4471,11,27,27,1.0
train,paragraph_tok_448_overlap_64,SmartRxSystemsInc_20180914_1-A_EX1A-6 MAT CTRCT_11351705_EX1A-6 MAT CTRCT_Distributor Agreement,0,7931,25,25,25,1.0
train,paragraph_tok_448_overlap_64,BIOFRONTERAAG_04_29_2019-EX-4.17-SUPPLY AGREEMENT,0,12928,43,27,27,1.0
train,paragraph_tok_448_overlap_64,"CORALGOLDRESOURCES,LTD_05_28_2020-EX-4.1-CONSULTING AGREEMENT",0,5800,15,20,20,1.0
train,paragraph_tok_448_overlap_64,Cerus Corporation - FIRST AMEND TO SUPPLY AND MANUFACTURING AGREEMENT,0,2404,6,7,7,1.0
train,paragraph_tok_448_overlap_64,OLDAPIWIND-DOWNLTD_01_08_2016-EX-1.3-AGENCY AGREEMENT2,0,853,2,8,8,1.0
train,paragraph_tok_448_overlap_64,ATENTOSA_07_06_2020-EX-99.1-JOINT FILING AGREEMENT,0,538,2,12,12,1.0
train,paragraph_tok_448_overlap_64,HealthcentralCom_19991108_S-1A_EX-10.27_6623292_EX-10.27_Co-Branding Agreement,0,8664,22,34,33,0.9705882352941176
train,paragraph_tok_448_overlap_64,GAINSCOINC_01_21_2010-EX-10.41-SPONSORSHIP AGREEMENT,0,3085,9,26,26,1.0
train,paragraph_tok_448_overlap_64,"TURNKEYCAPITAL,INC_07_20_2017-EX-1.1-Strategic Alliance Agreement",0,2570,7,12,12,1.0
train,paragraph_tok_448_overlap_64,IVILLAGEINC_03_17_1999-EX-10.16-SPONSORSHIP AGREEMENT,0,4893,14,26,26,1.0
train,paragraph_tok_448_overlap_64,"IPAYMENT,INC_05_14_2007-EX-10.1-SPONSORSHIP AGREEMENT",0,18966,50,34,34,1.0
train,paragraph_tok_448_overlap_64,RISEEDUCATIONCAYMANLTD_04_17_2020-EX-4.23-SERVICE AGREEMENT,0,3051,8,13,13,1.0
train,paragraph_tok_448_overlap_64,STARTECGLOBALCOMMUNICATIONSCORP_11_16_1998-EX-10.30-CONSTRUCTION AND MAINTENANCE AGREEMENT,0,23328,58,74,74,1.0
train,paragraph_tok_448_overlap_64,LejuHoldingsLtd_20140121_DRS (on F-1)_EX-10.26_8473102_EX-10.26_Content License Agreement2,0,449,2,7,7,1.0
train,paragraph_tok_448_overlap_64,FIBROGENINC_10_01_2014-EX-10.11-COLLABORATION AGREEMENT,0,32772,90,51,51,1.0
train,paragraph_tok_448_overlap_64,"KNOWLABS,INC_08_15_2005-EX-10-INTELLECTUAL PROPERTY AGREEMENT",0,2670,7,16,16,1.0
train,paragraph_tok_448_overlap_64,UAGHINC_04_14_2004-EX-10.18-MAINTENANCE AGREEMENT,0,3362,12,19,18,0.9473684210526315
train,paragraph_tok_448_overlap_64,"ARMSTRONGFLOORING,INC_01_07_2019-EX-10.2-INTELLECTUAL PROPERTY AGREEMENT",0,16701,48,49,48,0.9795918367346939
train,paragraph_tok_448_overlap_64,VitalibisInc_20180316_8-K_EX-10.2_11100168_EX-10.2_Hosting Agreement,0,9841,28,29,29,1.0
train,paragraph_tok_448_overlap_64,HEALTHGATEDATACORP_11_24_1999-EX-10.1-HOSTING AND MANAGEMENT AGREEMENT - Escrow Agreement,0,9004,23,15,13,0.8666666666666667
train,paragraph_tok_448_overlap_64,BNLFINANCIALCORP_03_30_2007-EX-10.8-OUTSOURCING AGREEMENT,0,8297,28,27,27,1.0
train,paragraph_tok_448_overlap_64,"IOVANCEBIOTHERAPEUTICS,INC_08_03_2017-EX-10.1-STRATEGIC ALLIANCE AGREEMENT",0,13808,41,27,27,1.0
train,paragraph_tok_448_overlap_64,NEONSYSTEMSINC_03_01_1999-EX-10.5-DISTRIBUTOR AGREEMENT_New,0,11689,30,40,37,0.925
train,paragraph_tok_448_overlap_64,TELKOMSALTD_01_30_2003-EX-10-LICENCE AND MAINTENANCE AGREEMENT,0,21058,64,49,49,1.0
train,paragraph_tok_448_overlap_64,"FIDELITYNATIONALINFORMATIONSERVICES,INC_08_05_2009-EX-10.3-INTELLECTUAL PROPERTY AGREEMENT",0,31531,84,70,65,0.9285714285714286
train,paragraph_tok_448_overlap_64,TRUENORTHENERGYCORP_02_08_2007-EX-10.1-DEVELOPMENT AGREEMENT,0,9158,25,19,18,0.9473684210526315
train,paragraph_tok_448_overlap_64,GentechHoldingsInc_20190808_1-A_EX1A-6 MAT CTRCT_11776814_EX1A-6 MAT CTRCT_Distributor Agreement,0,5374,17,24,24,1.0
train,paragraph_tok_448_overlap_64,TICKETSCOMINC_06_22_1999-EX-10.22-SPONSORSHIP AGREEMENT,0,1816,6,16,16,1.0
train,paragraph_tok_448_overlap_64,"ADMA BioManufacturing, LLC -  Amendment #3 to Manufacturing Agreement ",0,3491,10,16,16,1.0
train,paragraph_tok_448_overlap_64,OFGBANCORP_03_28_2007-EX-10.23-OUTSOURCING AGREEMENT,0,31139,83,44,42,0.9545454545454546
train,paragraph_tok_448_overlap_64,"DUOSTECHNOLOGIESGROUP,INC_04_21_2009-EX-10.1-STRATEGIC ALLIANCE AGREEMENT",0,9246,26,38,37,0.9736842105263158
train,paragraph_tok_448_overlap_64,OLDAPIWIND-DOWNLTD_01_08_2016-EX-1.3-AGENCY AGREEMENT1,0,19676,63,16,16,1.0
train,paragraph_tok_448_overlap_64,"ADIANUTRITION,INC_04_01_2005-EX-10.D2-RESELLER AGREEMENT",0,6061,16,22,22,1.0
train,paragraph_tok_448_overlap_64,"ATHENSBANCSHARESCORP_11_02_2009-EX-1.2-AGENCY AGREEMENT , 2009",0,28701,79,16,16,1.0
train,paragraph_tok_448_overlap_64,SoupmanInc_20150814_8-K_EX-10.1_9230148_EX-10.1_Franchise Agreement3,0,576,2,2,2,1.0
train,paragraph_tok_448_overlap_64,MOVADOGROUPINC_04_30_2003-EX-10.28-ENDORSEMENT AGREEMENT,0,3452,9,9,9,1.0
train,paragraph_tok_448_overlap_64,StaarSurgicalCompany_20180801_10-Q_EX-10.37_11289449_EX-10.37_Distributor Agreement,0,10015,30,38,38,1.0
train,paragraph_tok_448_overlap_64,EmeraldHealthBioceuticalsInc_20200218_1-A_EX1A-6 MAT CTRCT_11987205_EX1A-6 MAT CTRCT_Development Agreement,0,3637,10,20,20,1.0
train,paragraph_tok_448_overlap_64,STAMPSCOMINC_06_24_1999-EX-10.18-SPONSORSHIP AGREEMENT,0,8524,22,32,31,0.96875
train,paragraph_tok_448_overlap_64,BEYONDCOMCORP_08_03_2000-EX-10.2-CO-HOSTING AGREEMENT,0,10842,30,33,33,1.0
train,paragraph_tok_448_overlap_64,CHEETAHMOBILEINC_04_22_2014-EX-10.43-Cooperation Agreement,0,8310,20,23,22,0.9565217391304348
train,paragraph_tok_448_overlap_64,ClickstreamCorp_20200330_1-A_EX1A-6 MAT CTRCT_12089935_EX1A-6 MAT CTRCT_Development Agreement,0,7054,22,24,24,1.0
train,paragraph_tok_448_overlap_64,NEOMEDIATECHNOLOGIESINC_12_15_2005-EX-16.1-DISTRIBUTOR AGREEMENT,0,6612,20,29,29,1.0
train,paragraph_tok_448_overlap_64,"ADUROBIOTECH,INC_06_02_2020-EX-10.7-CONSULTING AGREEMENT(1)",0,2393,6,16,16,1.0
train,paragraph_tok_448_overlap_64,LejuHoldingsLtd_20140121_DRS (on F-1)_EX-10.26_8473102_EX-10.26_Content License Agreement1,0,9829,29,22,22,1.0
train,paragraph_tok_448_overlap_64,"VISIUMTECHNOLOGIES,INC_10_20_2004-EX-10.20-DISTRIBUTOR AGREEMENT",0,10522,29,42,42,1.0
train,paragraph_tok_448_overlap_64,"INNOVIVA,INC_08_07_2014-EX-10.1-COLLABORATION AGREEMENT",0,39041,115,52,49,0.9423076923076923
train,paragraph_tok_448_overlap_64,SoupmanInc_20150814_8-K_EX-10.1_9230148_EX-10.1_Franchise Agreement2,0,1220,4,5,5,1.0
train,paragraph_tok_448_overlap_64,"ADUROBIOTECH,INC_06_02_2020-EX-10.7-CONSULTING AGREEMENT",0,2393,6,14,14,1.0
train,paragraph_tok_448_overlap_64,CybergyHoldingsInc_20140520_10-Q_EX-10.27_8605784_EX-10.27_Affiliate Agreement,0,6734,17,26,26,1.0
train,paragraph_tok_448_overlap_64,MANAKOASERVICESCORP_11_21_2007-EX-7.5-STRATEGIC ALLIANCE AGREEMENT,0,2977,8,14,14,1.0
train,paragraph_tok_448_overlap_64,FLOTEKINDUSTRIESINCCN_05_09_2019-EX-10.1-SUPPLY AGREEMENT,0,4056,10,19,19,1.0
train,paragraph_tok_448_overlap_64,EUROPEANMICROHOLDINGSINC_03_06_1998-EX-10.6-DISTRIBUTOR AGREEMENT,0,11121,29,38,37,0.9736842105263158
train,paragraph_tok_448_overlap_64,KitovPharmaLtd_20190326_20-F_EX-4.15_11584449_EX-4.15_Manufacturing Agreement,0,12188,38,36,36,1.0
train,paragraph_tok_448_overlap_64,BellringBrandsInc_20190920_S-1_EX-10.12_11817081_EX-10.12_Manufacturing Agreement3,0,1852,5,10,10,1.0
train,paragraph_tok_448_overlap_64,GOCALLINC_03_30_2000-EX-10.7-Promotion Agreement,0,4192,11,18,18,1.0
train,paragraph_tok_448_overlap_64,LEJUHOLDINGSLTD_03_12_2014-EX-10.34-INTERNET CHANNEL COOPERATION AGREEMENT,0,7473,25,20,20,1.0
train,paragraph_tok_448_overlap_64,BLACKSTONEGSOLONG-SHORTCREDITINCOMEFUND_05_11_2020-EX-99.(K)(1)-SERVICE AGREEMENT,0,10306,28,17,17,1.0
train,paragraph_tok_448_overlap_64,"MEETGROUP,INC_06_29_2017-EX-10.1-COOPERATION AGREEMENT",0,11878,36,15,15,1.0
train,paragraph_tok_448_overlap_64,GluMobileInc_20070319_S-1A_EX-10.09_436630_EX-10.09_Content License Agreement3,0,832,3,10,10,1.0
train,paragraph_tok_448_overlap_64,ADAPTIMMUNETHERAPEUTICSPLC_04_06_2017-EX-10.11-STRATEGIC ALLIANCE AGREEMENT,0,20607,56,56,56,1.0
train,paragraph_tok_448_overlap_64,ENTRUSTINC_07_24_1998-EX-10.5-STRATEGIC ALLIANCE AGREEMENT,0,9482,25,39,39,1.0
train,paragraph_tok_448_overlap_64,SYKESHEALTHPLANSERVICESINC_04_24_1998-EX-10.14-OUTSOURCING AGREEMENT,0,2579,7,18,18,1.0
train,paragraph_tok_448_overlap_64,NATIONALPROCESSINGINC_07_18_1996-EX-10.4-SPONSORSHIP AGREEMENT,0,6066,15,14,14,1.0
train,paragraph_tok_448_overlap_64,SimplicityEsportsGamingCompany_20181130_8-K_EX-10.1_11444071_EX-10.1_Franchise Agreement,0,5902,18,27,27,1.0
train,paragraph_tok_448_overlap_64,QIWI_06_16_2017-EX-99.(D)(2)-COOPERATION AGREEMENT,0,5509,13,16,16,1.0
train,paragraph_tok_448_overlap_64,RemarkHoldingsInc_20081114_10-Q_EX-10.24_2895649_EX-10.24_Content License Agreement,0,12541,39,54,54,1.0
train,paragraph_tok_448_overlap_64,CnsPharmaceuticalsInc_20200326_8-K_EX-10.1_12079626_EX-10.1_Development Agreement,0,4425,12,14,14,1.0
train,paragraph_tok_448_overlap_64,GluMobileInc_20070319_S-1A_EX-10.09_436630_EX-10.09_Content License Agreement2,0,2815,8,25,25,1.0
train,paragraph_tok_448_overlap_64,"BLUEHILLSBANCORP,INC_05_20_2014-EX-1.1-AGENCY AGREEMENT",0,25764,73,22,22,1.0
train,paragraph_tok_448_overlap_64,GarrettMotionInc_20181001_8-K_EX-2.4_11364532_EX-2.4_Intellectual Property Agreement,0,11611,32,33,33,1.0
train,paragraph_tok_448_overlap_64,TheglobeComInc_19990503_S-1A_EX-10.20_5416126_EX-10.20_Co-Branding Agreement,0,11809,31,35,35,1.0
train,paragraph_tok_448_overlap_64,EmbarkComInc_19991008_S-1A_EX-10.10_6487661_EX-10.10_Co-Branding Agreement,0,6674,17,22,22,1.0
train,paragraph_tok_448_overlap_64,TRANSMONTAIGNEPARTNERSLLC_03_13_2020-EX-10.9-SERVICES AGREEMENT,0,1161,3,12,12,1.0
train,paragraph_tok_448_overlap_64,"COOLTECHNOLOGIES,INC_10_25_2017-EX-10.71-Strategic Alliance Agreement",0,2681,8,14,14,1.0
train,paragraph_tok_448_overlap_64,ALLIANCEBANCORPINCOFPENNSYLVANIA_10_18_2006-EX-1.2-AGENCY AGREEMENT,0,26362,75,24,24,1.0
train,paragraph_tok_448_overlap_64,XpresspaGroupInc_20190401_10-K_EX-10.28_11599457_EX-10.28_Marketing Agreement,0,11248,33,49,48,0.9795918367346939
train,paragraph_tok_448_overlap_64,BellringBrandsInc_20190920_S-1_EX-10.12_11817081_EX-10.12_Manufacturing Agreement2,0,506,2,9,9,1.0
train,paragraph_tok_448_overlap_64,IdeanomicsInc_20160330_10-K_EX-10.26_9512211_EX-10.26_Content License Agreement,0,8824,23,28,24,0.8571428571428571
train,paragraph_tok_448_overlap_64,BIOAMBERINC_04_10_2013-EX-10.34-DEVELOPMENT AGREEMENT (1),0,8004,22,30,30,1.0
train,paragraph_tok_448_overlap_64,PrudentialBancorpInc_20170606_8-K_EX-10.4_10474434_EX-10.4_Endorsement Agreement,0,3014,8,12,12,1.0
train,paragraph_tok_448_overlap_64,"BERKELEYLIGHTS,INC_06_26_2020-EX-10.12-COLLABORATION AGREEMENT",0,50161,143,89,89,1.0
train,paragraph_tok_448_overlap_64,UnionDentalHoldingsInc_20050204_8-KA_EX-10_3345577_EX-10_Affiliate Agreement,0,2556,7,11,11,1.0
train,paragraph_tok_448_overlap_64,WOMENSGOLFUNLIMITEDINC_03_29_2000-EX-10.13-ENDORSEMENT AGREEMENT - Intellectual Property Rights                 Confidentiality and Non-Use Obligations Agreement,0,1243,4,7,7,1.0
train,paragraph_tok_448_overlap_64,SPHERE3DCORP_06_24_2020-EX-10.12-CONSULTING AGREEMENT,0,2342,7,12,12,1.0
train,paragraph_tok_448_overlap_64,ENTERPRISEPRODUCTSPARTNERSLP_07_08_1998-EX-10.3-TRANSPORTATION CONTRACT,0,14805,39,36,36,1.0
train,paragraph_tok_448_overlap_64,HerImports_20161018_8-KA_EX-10.14_9765707_EX-10.14_Maintenance Agreement,0,2072,7,8,8,1.0
train,paragraph_tok_448_overlap_64,PROLONGINTERNATIONALCORP_03_23_1998-EX-10.16-SPONSORSHIP AGREEMENT,0,3398,9,11,11,1.0
train,paragraph_tok_448_overlap_64,DYNTEKINC_07_30_1999-EX-10-ONLINE HOSTING AGREEMENT,0,5059,14,20,20,1.0
train,paragraph_tok_448_overlap_64,ALAMOGORDOFINANCIALCORP_12_16_1999-EX-1-AGENCY AGREEMENT,0,23698,69,22,22,1.0
train,paragraph_tok_448_overlap_64,StampscomInc_20001114_10-Q_EX-10.47_2631630_EX-10.47_Co-Branding Agreement,0,19164,51,46,44,0.9565217391304348
train,paragraph_tok_448_overlap_64,InvendaCorp_20000828_S-1A_EX-10.2_2588206_EX-10.2_Co-Branding Agreement,0,21148,53,63,61,0.9682539682539683
train,paragraph_tok_448_overlap_64,WebmdHealthCorp_20050908_S-1A_EX-10.7_1027007_EX-10.7_Content License Agreement,0,3176,9,20,20,1.0
train,paragraph_tok_448_overlap_64,SANDRIDGEENERGYINC_08_06_2009-EX-10.6-OPERATIONS AND MAINTENANCE AGREEMENT,0,14446,39,34,34,1.0
train,paragraph_tok_448_overlap_64,ON4COMMUNICATIONSINC_07_02_2009-EX-10.1-PROMOTION AGREEMENT,0,3035,8,13,13,1.0
train,paragraph_tok_448_overlap_64,GluMobileInc_20070319_S-1A_EX-10.09_436630_EX-10.09_Content License Agreement1,0,23560,63,68,66,0.9705882352941176
train,paragraph_tok_448_overlap_64,BANUESTRAFINANCIALCORP_09_08_2006-EX-10.16-AGENCY AGREEMENT,0,9047,24,12,12,1.0
train,paragraph_tok_448_overlap_64,ArtaraTherapeuticsInc_20200110_8-K_EX-10.5_11943350_EX-10.5_License Agreement,0,7972,25,28,28,1.0
train,paragraph_tok_448_overlap_64,NlsPharmaceuticsLtd_20200228_F-1_EX-10.14_12029046_EX-10.14_Development Agreement,0,14052,41,29,28,0.9655172413793104
train,paragraph_tok_448_overlap_64,"VIRTUALSCOPICS,INC_11_12_2010-EX-10.1-STRATEGIC ALLIANCE AGREEMENT",0,9096,28,31,31,1.0
train,paragraph_tok_448_overlap_64,BellringBrandsInc_20190920_S-1_EX-10.12_11817081_EX-10.12_Manufacturing Agreement1,0,8757,23,23,23,1.0
train,paragraph_tok_448_overlap_64,BLUEFLYINC_03_27_2002-EX-10.27-e-business Hosting Agreement,0,7988,20,31,30,0.967741935483871
train,paragraph_tok_448_overlap_64,ASIANDRAGONGROUPINC_08_11_2005-EX-10.5-Reseller Agreement,0,9079,27,20,19,0.95
train,paragraph_tok_448_overlap_64,MANUFACTURERSSERVICESLTD_06_05_2000-EX-10.14-OUTSOURCING AGREEMENT,0,71266,178,65,65,1.0
train,paragraph_tok_448_overlap_64,LiquidmetalTechnologiesInc_20200205_8-K_EX-10.1_11968198_EX-10.1_Development Agreement,0,17793,54,56,53,0.9464285714285714
train,paragraph_tok_448_overlap_64,PlayboyEnterprisesInc_20090220_10-QA_EX-10.2_4091580_EX-10.2_Content License Agreement_ Marketing Agreement_ Sales-Purchase Agreement2,0,750,2,6,6,1.0
train,paragraph_tok_448_overlap_64,ZtoExpressCaymanInc_20160930_F-1_EX-10.10_9752871_EX-10.10_Transportation Agreement,0,1907,5,12,12,1.0
train,paragraph_tok_448_overlap_64,2ThemartComInc_19990826_10-12G_EX-10.10_6700288_EX-10.10_Co-Branding Agreement_ Agency Agreement,0,6231,16,30,30,1.0
train,paragraph_tok_448_overlap_64,MOELIS_CO_03_24_2014-EX-10.19-STRATEGIC ALLIANCE AGREEMENT,0,24465,76,51,51,1.0
train,paragraph_tok_448_overlap_64,XYBERNAUTCORP_07_12_2002-EX-4-SPONSORSHIP AGREEMENT,0,9029,24,17,17,1.0
train,paragraph_tok_448_overlap_64,"CARDAX,INC_08_19_2014-EX-10.1-COLLABORATION AGREEMENT",0,11374,37,23,23,1.0
train,paragraph_tok_448_overlap_64,"MACY_S,INC_05_11_2020-EX-99.4-JOINT FILING AGREEMENT",0,327,1,5,5,1.0
train,paragraph_tok_448_overlap_64,TALCOTTRESOLUTIONLIFEINSURANCECO-SEPARATEACCOUNTTWELVE_04_30_2020-EX-99.8(L)-SERVICE AGREEMENT,0,5823,17,12,12,1.0
train,paragraph_tok_448_overlap_64,ArmstrongFlooringInc_20190107_8-K_EX-10.2_11471795_EX-10.2_Intellectual Property Agreement,0,14428,42,51,50,0.9803921568627451
train,paragraph_tok_448_overlap_64,PFSFUNDS_06_26_2020-EX-99.H OTH MAT CONT-SERVICES AGREEMENT,0,2960,9,14,14,1.0
train,paragraph_tok_448_overlap_64,WaterNowInc_20191120_10-Q_EX-10.12_11900227_EX-10.12_Distributor Agreement,0,9722,27,41,39,0.9512195121951219
train,paragraph_tok_448_overlap_64,MTITECHNOLOGYCORP_11_16_2004-EX-10.102-Reseller Agreement Premier Addendum,0,6615,17,18,18,1.0
train,paragraph_tok_448_overlap_64,SCOUTCAMINC_05_12_2020-EX-10.22-SERVICES AGREEMENT,0,1681,5,18,18,1.0
train,paragraph_tok_448_overlap_64,PharmagenInc_20120803_8-KA_EX-10.1_7693204_EX-10.1_Endorsement Agreement,0,3845,12,19,19,1.0
train,paragraph_tok_448_overlap_64,DRKOOPCOMINC_04_21_1999-EX-10.28-SPONSORSHIP AGREEMENT,0,7678,22,18,18,1.0
train,paragraph_tok_448_overlap_64,"VNUE,INC_07_10_2015-EX-10.1-SPONSORSHIP AGREEMENT",0,4243,13,18,18,1.0
train,paragraph_tok_448_overlap_64,LegacyEducationAllianceInc_20141110_8-K_EX-10.9_8828866_EX-10.9_Endorsement Agreement,0,3987,13,19,19,1.0
train,paragraph_tok_448_overlap_64,PcquoteComInc_19990721_S-1A_EX-10.11_6377149_EX-10.11_Co-Branding Agreement3,0,695,2,7,7,1.0
train,paragraph_tok_448_overlap_64,GluMobileInc_20070319_S-1A_EX-10.09_436630_EX-10.09_Content License Agreement4,0,425,1,8,8,1.0
train,paragraph_tok_448_overlap_64,"OPTIMIZEDTRANSPORTATIONMANAGEMENT,INC_07_26_2000-EX-6.6-DISTRIBUTOR AGREEMENT",0,2162,6,18,17,0.9444444444444444
train,paragraph_tok_448_overlap_64,IMAGEWARESYSTEMSINC_12_20_1999-EX-10.22-MAINTENANCE AGREEMENT,0,5039,13,16,16,1.0
train,paragraph_tok_448_overlap_64,NakedBrandGroupInc_20150731_POS AM (on S-1)_EX-10.75_9196027_EX-10.75_Endorsement Agreement,0,9685,26,35,35,1.0
train,paragraph_tok_448_overlap_64,ZONDWINDSYSTEMPARTNERSLTDSERIES85-B_04_03_2006-EX-10-MANAGEMENT AND MAINTENANCE AGREEMENT,0,2828,8,8,8,1.0
train,paragraph_tok_448_overlap_64,IbioInc_20200313_8-K_EX-10.1_12052678_EX-10.1_Development Agreement,0,6358,20,18,18,1.0
train,paragraph_tok_448_overlap_64,BellringBrandsInc_20190920_S-1_EX-10.12_11817081_EX-10.12_Manufacturing Agreement4,0,378,1,8,8,1.0
train,paragraph_tok_448_overlap_64,ParatekPharmaceuticalsInc_20170505_10-KA_EX-10.29_10323872_EX-10.29_Outsourcing Agreement,0,22867,57,46,46,1.0
train,paragraph_tok_448_overlap_64,JOINTCORP_09_19_2014-EX-10.15-FRANCHISE AGREEMENT,0,34033,108,86,85,0.9883720930232558
train,paragraph_tok_448_overlap_64,VnueInc_20150914_8-K_EX-10.1_9259571_EX-10.1_Promotion Agreement,0,2137,6,12,12,1.0
train,paragraph_tok_448_overlap_64,NEXSTARFINANCEHOLDINGSINC_03_27_2002-EX-10.26-OUTSOURCING AGREEMENT,0,24783,68,25,23,0.92
train,paragraph_tok_448_overlap_64,SUNTRONCORP_05_17_2006-EX-10.22-MAINTENANCE AGREEMENT,0,6663,19,27,27,1.0
train,paragraph_tok_448_overlap_64,"SPIENERGYCO,LTD_03_09_2011-EX-99.5-OPERATIONS AND MAINTENANCE AGREEMENT",0,10572,28,21,21,1.0
train,paragraph_tok_448_overlap_64,SteelVaultCorp_20081224_10-K_EX-10.16_3074935_EX-10.16_Affiliate Agreement,0,3609,10,16,16,1.0
train,paragraph_tok_448_overlap_64,"KIROMICBIOPHARMA,INC_04_08_2020-EX-10.28-JOINT VENTURE AGREEMENT",0,7306,18,25,25,1.0
train,paragraph_tok_448_overlap_64,PlayboyEnterprisesInc_20090220_10-QA_EX-10.2_4091580_EX-10.2_Content License Agreement_ Marketing Agreement_ Sales-Purchase Agreement1,0,24067,66,70,70,1.0
train,paragraph_tok_448_overlap_64,TubeMediaCorp_20060310_8-K_EX-10.1_513921_EX-10.1_Affiliate Agreement,0,14483,43,49,49,1.0
train,paragraph_tok_448_overlap_64,"MARSHALLHOLDINGSINTERNATIONAL,INC_04_14_2004-EX-10.15-ENDORSEMENT AGREEMENT",0,2373,6,16,16,1.0
train,paragraph_tok_448_overlap_64,BLACKBOXSTOCKSINC_08_05_2014-EX-10.1-DISTRIBUTOR AGREEMENT,0,3427,9,21,21,1.0
train,paragraph_tok_448_overlap_64,WARNERCHILCOTTPLC_12_31_2003-EX-4.36-DEVELOPMENT AGREEMENT,0,5459,15,13,13,1.0
train,paragraph_tok_448_overlap_64,VertexEnergyInc_20200113_8-K_EX-10.1_11943624_EX-10.1_Marketing Agreement,0,9512,28,26,26,1.0
train,paragraph_tok_448_overlap_64,NETZEEINC_11_14_2002-EX-10.3-MAINTENANCE AGREEMENT,0,788,3,9,9,1.0
train,paragraph_tok_448_overlap_64,REGANHOLDINGCORP_03_31_2008-EX-10-LICENSE AND HOSTING AGREEMENT,0,11189,32,22,22,1.0
train,paragraph_tok_448_overlap_64,MidwestEnergyEmissionsCorp_20080604_8-K_EX-10.2_3093976_EX-10.2_Content License Agreement,0,6565,16,31,31,1.0
train,paragraph_tok_448_overlap_64,HYDRONTECHNOLOGIESINC_03_31_1997-EX-10.47-SPONSORSHIP AGREEMENT,0,5230,14,14,13,0.9285714285714286
train,paragraph_tok_448_overlap_64,CcRealEstateIncomeFundadv_20181205_POS 8C_EX-99.(H)(3)_11447739_EX-99.(H)(3)_Marketing Agreement,0,6235,19,14,14,1.0
train,paragraph_tok_448_overlap_64,"BLUEROCKRESIDENTIALGROWTHREIT,INC_06_01_2016-EX-1.1-AGENCY AGREEMENT",0,26066,81,17,16,0.9411764705882353
train,paragraph_tok_448_overlap_64,"TALLGRASSENERGY,LP_02_20_2020-EX-99.26-JOINT FILING AGREEMENT",0,1006,3,12,12,1.0
train,paragraph_tok_448_overlap_64,KINGPHARMACEUTICALSINC_08_09_2006-EX-10.1-PROMOTION AGREEMENT,0,36540,99,64,64,1.0
train,paragraph_tok_448_overlap_64,PerformanceSportsBrandsInc_20110909_S-1_EX-10.10_7220214_EX-10.10_Endorsement Agreement,0,5589,14,24,24,1.0
train,paragraph_tok_480_overlap_64,LIMEENERGYCO_09_09_1999-EX-10-DISTRIBUTOR AGREEMENT,0,7556,19,46,45,0.9782608695652174
train,paragraph_tok_480_overlap_64,"WHITESMOKE,INC_11_08_2011-EX-10.26-PROMOTION AND DISTRIBUTION AGREEMENT",0,14220,38,27,25,0.9259259259259259
train,paragraph_tok_480_overlap_64,NELNETINC_04_08_2020-EX-1-JOINT FILING AGREEMENT,0,224,1,4,4,1.0
train,paragraph_tok_480_overlap_64,ADAMSGOLFINC_03_21_2005-EX-10.17-ENDORSEMENT AGREEMENT,0,5157,12,23,22,0.9565217391304348
train,paragraph_tok_480_overlap_64,"KIROMICBIOPHARMA,INC_05_11_2020-EX-10.23-CONSULTING AGREEMENT",0,3511,8,24,24,1.0
train,paragraph_tok_480_overlap_64,"VEONEER,INC_02_21_2020-EX-10.11-JOINT VENTURE AGREEMENT",0,2076,6,16,16,1.0
train,paragraph_tok_480_overlap_64,"MetLife, Inc. - Remarketing Agreement",0,22717,63,16,16,1.0
train,paragraph_tok_480_overlap_64,"FTENETWORKS,INC_02_18_2016-EX-99.4-STRATEGIC ALLIANCE AGREEMENT",0,7696,23,33,33,1.0
train,paragraph_tok_480_overlap_64,DOMINIADVISORTRUST_02_18_2005-EX-99.(H)(2)-SPONSORSHIP AGREEMENT,0,2374,7,13,13,1.0
train,paragraph_tok_480_overlap_64,PfHospitalityGroupInc_20150923_10-12G_EX-10.1_9266710_EX-10.1_Franchise Agreement3,0,1498,4,12,12,1.0
train,paragraph_tok_480_overlap_64,CerenceInc_20191002_8-K_EX-10.4_11827494_EX-10.4_Intellectual Property Agreement,0,12920,32,40,40,1.0
train,paragraph_tok_480_overlap_64,ReynoldsConsumerProductsInc_20191115_S-1_EX-10.18_11896469_EX-10.18_Supply Agreement,0,12009,33,26,26,1.0
train,paragraph_tok_480_overlap_64,IntegrityFunds_20200121_485BPOS_EX-99.E UNDR CONTR_11948727_EX-99.E UNDR CONTR_Service Agreement,0,4743,13,12,12,1.0
train,paragraph_tok_480_overlap_64,PREMIERBIOMEDICALINC_05_14_2020-EX-10.2-INTELLECTUAL PROPERTY AGREEMENT,0,4795,14,22,22,1.0
train,paragraph_tok_480_overlap_64,"SIBANNAC,INC_12_04_2017-EX-2.1-Strategic Alliance Agreement",0,1631,4,14,14,1.0
train,paragraph_tok_480_overlap_64,INTRICONCORP_03_10_2009-EX-10.22-Strategic Alliance Agreement,0,10096,24,35,35,1.0
train,paragraph_tok_480_overlap_64,BONTONSTORESINC_04_20_2018-EX-99.3-AGENCY AGREEMENT,0,38136,93,43,43,1.0
train,paragraph_tok_480_overlap_64,"ON2TECHNOLOGIES,INC_11_17_2006-EX-10.3-SUPPORT AND MAINTENANCE AGREEMENT",0,11797,28,17,17,1.0
train,paragraph_tok_480_overlap_64,Freecook_20180605_S-1_EX-10.3_11233807_EX-10.3_Hosting Agreement,0,1316,4,10,10,1.0
train,paragraph_tok_480_overlap_64,OPERALTD_04_30_2020-EX-4.14-SERVICE AGREEMENT,0,4305,12,21,21,1.0
train,paragraph_tok_480_overlap_64,"BORROWMONEYCOM,INC_06_11_2020-EX-10.1-JOINT VENTURE AGREEMENT",0,4165,12,11,11,1.0
train,paragraph_tok_480_overlap_64,ZEBRATECHNOLOGIESCORP_04_16_2014-EX-10.1-INTELLECTUAL PROPERTY AGREEMENT,0,26839,72,45,42,0.9333333333333333
train,paragraph_tok_480_overlap_64,ChinaRealEstateInformationCorp_20090929_F-1_EX-10.32_4771615_EX-10.32_Content License Agreement,0,10187,25,24,24,1.0
train,paragraph_tok_480_overlap_64,GLOBALTECHNOLOGIESLTD_06_08_2020-EX-10.16-CONSULTING AGREEMENT,0,4089,12,12,12,1.0
train,paragraph_tok_480_overlap_64,PfHospitalityGroupInc_20150923_10-12G_EX-10.1_9266710_EX-10.1_Franchise Agreement1,0,31526,81,84,82,0.9761904761904762
train,paragraph_tok_480_overlap_64,CORIOINC_07_20_2000-EX-10.5-LICENSE AND HOSTING AGREEMENT,0,11012,27,53,53,1.0
train,paragraph_tok_480_overlap_64,SENMIAOTECHNOLOGYLTD_02_19_2019-EX-10.5-Collaboration Agreement,0,15282,47,33,33,1.0
train,paragraph_tok_480_overlap_64,HealthcareIntegratedTechnologiesInc_20190812_8-K_EX-10.1_11776966_EX-10.1_Reseller Agreement,0,4727,12,22,22,1.0
train,paragraph_tok_480_overlap_64,LOYALTYPOINTINC_11_16_2004-EX-10.2-RESELLER AGREEMENT,0,28013,71,30,30,1.0
train,paragraph_tok_480_overlap_64,BNCMORTGAGEINC_05_17_1999-EX-10.4-LICENSING AND WEB SITE HOSTING AGREEMENT,0,6157,15,17,17,1.0
train,paragraph_tok_480_overlap_64,ENERGOUSCORP_03_16_2017-EX-10.24-STRATEGIC ALLIANCE AGREEMENT,0,17114,49,67,67,1.0
train,paragraph_tok_480_overlap_64,CytodynInc_20200109_10-Q_EX-10.5_11941634_EX-10.5_License Agreement,0,34171,89,52,51,0.9807692307692307
train,paragraph_tok_480_overlap_64,NICELTD_06_26_2003-EX-4.5-OUTSOURCING AGREEMENT,0,23576,57,29,29,1.0
train,paragraph_tok_480_overlap_64,ImpresseCorp_20000322_S-1A_EX-10.11_5199234_EX-10.11_Co-Branding Agreement,0,10022,24,32,32,1.0
train,paragraph_tok_480_overlap_64,AlliedEsportsEntertainmentInc_20190815_8-K_EX-10.19_11788293_EX-10.19_Content License Agreement,0,7828,20,30,30,1.0
train,paragraph_tok_480_overlap_64,CreditcardscomInc_20070810_S-1_EX-10.33_362297_EX-10.33_Affiliate Agreement,0,5453,15,13,13,1.0
train,paragraph_tok_480_overlap_64,GALACTICOMMTECHNOLOGIESINC_11_07_1997-EX-10.46-WEB HOSTING AGREEMENT,0,370,1,5,5,1.0
train,paragraph_tok_480_overlap_64,"Zounds Hearing, Inc. - MANUFACTURING DESIGN MARKETING AGREEMENT",0,9350,25,31,30,0.967741935483871
train,paragraph_tok_480_overlap_64,CUROGROUPHOLDINGSCORP_05_04_2020-EX-10.3-SERVICING AGREEMENT,0,7509,19,12,12,1.0
train,paragraph_tok_480_overlap_64,SouthernStarEnergyInc_20051202_SB-2A_EX-9_801890_EX-9_Affiliate Agreement,0,4408,12,17,17,1.0
train,paragraph_tok_480_overlap_64,ConformisInc_20191101_10-Q_EX-10.6_11861402_EX-10.6_Development Agreement,0,12805,33,33,33,1.0
train,paragraph_tok_480_overlap_64,Principal Life Insurance Company - Broker Dealer Marketing and Servicing Agreement,0,5745,16,15,15,1.0
train,paragraph_tok_480_overlap_64,LegacyEducationAllianceInc_20200330_10-K_EX-10.18_12090678_EX-10.18_Development Agreement,0,9967,30,49,49,1.0
train,paragraph_tok_480_overlap_64,VerizonAbsLlc_20200123_8-K_EX-10.4_11952335_EX-10.4_Service Agreement,0,61826,149,26,26,1.0
train,paragraph_tok_480_overlap_64,VERICELCORP_08_06_2019-EX-10.10-SUPPLY AGREEMENT,0,22067,55,39,38,0.9743589743589743
train,paragraph_tok_480_overlap_64,WPPPLC_04_30_2020-EX-4.28-SERVICE AGREEMENT,0,13122,37,26,25,0.9615384615384616
train,paragraph_tok_480_overlap_64,WORLDWIDESTRATEGIESINC_11_02_2005-EX-10-RESELLER AGREEMENT,0,14355,35,43,43,1.0
train,paragraph_tok_480_overlap_64,FEDERATEDGOVERNMENTINCOMESECURITIESINC_04_28_2020-EX-99.SERV AGREE-SERVICES AGREEMENT_SECONDAMENDMENT,0,1003,3,8,8,1.0
train,paragraph_tok_480_overlap_64,AzulSa_20170303_F-1A_EX-10.3_9943903_EX-10.3_Maintenance Agreement2,0,3595,9,13,13,1.0
train,paragraph_tok_480_overlap_64,PelicanDeliversInc_20200211_S-1_EX-10.3_11975895_EX-10.3_Development Agreement1,0,3640,10,6,6,1.0
train,paragraph_tok_480_overlap_64,ORBSATCORP_08_17_2007-EX-7.3-STRATEGIC ALLIANCE AGREEMENT,0,3675,9,19,19,1.0
train,paragraph_tok_480_overlap_64,DRAGONSYSTEMSINC_01_08_1999-EX-10.17-OUTSOURCING AGREEMENT,0,1823,5,13,13,1.0
train,paragraph_tok_480_overlap_64,SEPARATEACCOUNTIIOFAGL_05_02_2011-EX-99.(J)(4)-UNCONDITIONAL CAPITAL MAINTENANCE AGREEMENT,0,3754,11,13,13,1.0
train,paragraph_tok_480_overlap_64,ImperialGardenResortInc_20161028_DRS (on F-1)_EX-10.13_9963189_EX-10.13_Outsourcing Agreement,0,2391,6,7,7,1.0
train,paragraph_tok_480_overlap_64,"VIRGINGALACTICHOLDINGS,INC_04_08_2020-EX-99.1-JOINT FILING STATEMENT",0,244,1,6,6,1.0
train,paragraph_tok_480_overlap_64,FuseMedicalInc_20190321_10-K_EX-10.43_11575454_EX-10.43_Distributor Agreement,0,6783,15,21,21,1.0
train,paragraph_tok_480_overlap_64,ASPIRITYHOLDINGSLLC_05_07_2012-EX-10.6-OUTSOURCING AGREEMENT,0,12474,38,28,28,1.0
train,paragraph_tok_480_overlap_64,"OASYSMOBILE,INC_07_05_2001-EX-10.17-OUTSOURCING AGREEMENT",0,12914,33,47,47,1.0
train,paragraph_tok_480_overlap_64,MEDIWOUNDLTD_01_15_2014-EX-10.6-SUPPLY AGREEMENT,0,10576,35,27,27,1.0
train,paragraph_tok_480_overlap_64,UpjohnInc_20200121_10-12G_EX-2.6_11948692_EX-2.6_Manufacturing Agreement_ Supply Agreement,0,46033,137,95,93,0.9789473684210527
train,paragraph_tok_480_overlap_64,"Antares Pharma, Inc. - Manufacturing Agreement",0,22875,57,20,20,1.0
train,paragraph_tok_480_overlap_64,RareElementResourcesLtd_20171019_SC 13D_EX-99.4_10897534_EX-99.4_Intellectual Property Agreement,0,6938,17,33,33,1.0
train,paragraph_tok_480_overlap_64,VARIABLESEPARATEACCOUNT_04_30_2014-EX-13.C-UNCONDITIONAL CAPITAL MAINTENANCE AGREEMENT,0,3077,9,14,13,0.9285714285714286
train,paragraph_tok_480_overlap_64,ABILITYINC_06_15_2020-EX-4.25-SERVICES AGREEMENT,0,5292,17,16,16,1.0
train,paragraph_tok_480_overlap_64,ELECTRAMECCANICA VEHICLES CORP. - Manufacturing Agreement,0,9233,29,30,30,1.0
train,paragraph_tok_480_overlap_64,GopageCorp_20140221_10-K_EX-10.1_8432966_EX-10.1_Content License Agreement,0,8433,23,25,25,1.0
train,paragraph_tok_480_overlap_64,BICYCLETHERAPEUTICSPLC_03_10_2020-EX-10.11-SERVICE AGREEMENT,0,11482,27,27,27,1.0
train,paragraph_tok_480_overlap_64,TELEGLOBEINTERNATIONALHOLDINGSLTD_03_29_2004-EX-10.10-CONSTRUCTION AND MAINTENANCE AGREEMENT,0,18809,58,62,62,1.0
train,paragraph_tok_480_overlap_64,INTERNATIONALFASTFOODCORP_04_04_1997-EX-99-FRANCHISE AGREEMENT,0,22139,54,65,65,1.0
train,paragraph_tok_480_overlap_64,BIOCEPTINC_08_19_2013-EX-10-COLLABORATION AGREEMENT,0,15808,42,40,40,1.0
train,paragraph_tok_480_overlap_64,PACIFICSYSTEMSCONTROLTECHNOLOGYINC_08_24_2000-EX-10.53-SPONSORSHIP AGREEMENT,0,869,2,9,9,1.0
train,paragraph_tok_480_overlap_64,NANOPHASETECHNOLOGIESCORP_11_01_2005-EX-99.1-DISTRIBUTOR AGREEMENT,0,10253,29,37,37,1.0
train,paragraph_tok_480_overlap_64,AzulSa_20170303_F-1A_EX-10.3_9943903_EX-10.3_Maintenance Agreement1,0,60094,153,41,41,1.0
train,paragraph_tok_480_overlap_64,PelicanDeliversInc_20200211_S-1_EX-10.3_11975895_EX-10.3_Development Agreement2,0,6444,20,21,20,0.9523809523809523
train,paragraph_tok_480_overlap_64,"NETGEAR,INC_04_21_2003-EX-10.16-AMENDMENT TO THE DISTRIBUTOR AGREEMENT BETWEEN INGRAM MICRO AND NETGEAR",0,1368,3,8,8,1.0
train,paragraph_tok_480_overlap_64,NEONSYSTEMSINC_03_01_1999-EX-10.5-DISTRIBUTOR AGREEMENT_Amendment,0,4082,11,32,32,1.0
train,paragraph_tok_480_overlap_64,SPARKLINGSPRINGWATERHOLDINGSLTD_07_03_2002-EX-10.13-SOFTWARE LICENSE AND MAINTENANCE AGREEMENT,0,4836,11,28,28,1.0
train,paragraph_tok_480_overlap_64,NUVEEN - REMARKETING AGREEMENT,0,15470,40,17,17,1.0
train,paragraph_tok_480_overlap_64,SECURIANFUNDSTRUST_05_01_2012-EX-99.28.H.9-NET INVESTMENT INCOME MAINTENANCE AGREEMENT,0,1988,5,13,13,1.0
train,paragraph_tok_480_overlap_64,WELLSFARGOMORTGAGEBACKEDSECURITIES2006-6TRUST_05_11_2006-EX-10.3-Yield Maintenance Agreement,0,7037,18,12,12,1.0
train,paragraph_tok_480_overlap_64,REWALKROBOTICSLTD_07_10_2014-EX-10.2-STRATEGIC ALLIANCE AGREEMENT,0,3114,8,15,15,1.0
train,paragraph_tok_480_overlap_64,PenntexMidstreamPartnersLp_20150416_S-1A_EX-10.4_9042833_EX-10.4_Transportation Agreement,0,10571,25,20,20,1.0
train,paragraph_tok_480_overlap_64,FerroglobePlc_20150624_F-4A_EX-10.20_9154746_EX-10.20_Outsourcing Agreement,0,6739,15,13,13,1.0
train,paragraph_tok_480_overlap_64,TodosMedicalLtd_20190328_20-F_EX-4.10_11587157_EX-4.10_Marketing Agreement_ Reseller Agreement,0,6799,20,31,31,1.0
train,paragraph_tok_480_overlap_64,PrecheckHealthServicesInc_20200320_8-K_EX-99.2_12070169_EX-99.2_Distributor Agreement,0,1242,3,13,13,1.0
train,paragraph_tok_480_overlap_64,INKTOMICORP_06_08_1998-EX-10.14-SOFTWARE HOSTING AGREEMENT,0,14070,33,29,28,0.9655172413793104
train,paragraph_tok_480_overlap_64,"OAKTREECAPITALGROUP,LLC_03_02_2020-EX-10.8-Services Agreement",0,4230,10,14,14,1.0
train,paragraph_tok_480_overlap_64,BANGIINC_05_25_2005-EX-10-Premium Managed Hosting Agreement,0,444,1,6,6,1.0
train,paragraph_tok_480_overlap_64,AMERICANPHYSICIANSCAPITALINC_03_31_2003-EX-10.26-AGENCY AGREEMENT,0,3892,9,25,25,1.0
train,paragraph_tok_480_overlap_64,GULFSOUTHMEDICALSUPPLYINC_12_24_1997-EX-4-AFFILIATE AGREEMENT,0,6205,15,9,9,1.0
train,paragraph_tok_480_overlap_64,"BELLRINGBRANDS,INC_02_07_2020-EX-10.18-MASTER SUPPLY AGREEMENT",0,7535,19,28,28,1.0
train,paragraph_tok_480_overlap_64,AimmuneTherapeuticsInc_20200205_8-K_EX-10.3_11967170_EX-10.3_Development Agreement,0,36894,95,56,55,0.9821428571428571
train,paragraph_tok_480_overlap_64,HEALTHGATEDATACORP_11_24_1999-EX-10.1-HOSTING AND MANAGEMENT AGREEMENT (1),0,29302,67,51,48,0.9411764705882353
train,paragraph_tok_480_overlap_64,"INTELLIGENTHIGHWAYSOLUTIONS,INC_01_18_2018-EX-10.1-Strategic Alliance Agreement",0,1647,4,14,14,1.0
train,paragraph_tok_480_overlap_64,ATMOSENERGYCORP_11_22_2002-EX-10.17-TRANSPORTATION SERVICE AGREEMENT,0,4293,10,18,18,1.0
train,paragraph_tok_480_overlap_64,PacificapEntertainmentHoldingsInc_20051115_8-KA_EX-1.01_4300894_EX-1.01_Content License Agreement,0,3480,9,15,15,1.0
train,paragraph_tok_480_overlap_64,ReedsInc_20191113_10-Q_EX-10.4_11888303_EX-10.4_Development Agreement,0,5752,16,19,19,1.0
train,paragraph_tok_480_overlap_64,RgcResourcesInc_20151216_8-K_EX-10.3_9372751_EX-10.3_Franchise Agreement,0,1116,3,10,10,1.0
train,paragraph_tok_480_overlap_64,"BELLICUMPHARMACEUTICALS,INC_05_07_2019-EX-10.1-Supply Agreement",0,39380,98,69,68,0.9855072463768116
train,paragraph_tok_480_overlap_64,MARTINMIDSTREAMPARTNERSLP_01_23_2004-EX-10.3-TRANSPORTATION SERVICES AGREEMENT,0,2775,7,17,17,1.0
train,paragraph_tok_480_overlap_64,RUBIOSRESTAURANTSINC_03_31_2008-EX-10.75-SPONSORSHIP AGREEMENT,0,7330,19,20,20,1.0
train,paragraph_tok_480_overlap_64,CardlyticsInc_20180112_S-1_EX-10.16_11002987_EX-10.16_Maintenance Agreement2,0,554,2,6,6,1.0
train,paragraph_tok_480_overlap_64,"XLITECHNOLOGIES,INC_12_11_2015-EX-10.1-Sponsorship Agreement",0,4053,12,16,16,1.0
train,paragraph_tok_480_overlap_64,ScansourceInc_20190822_10-K_EX-10.38_11793958_EX-10.38_Distributor Agreement2,0,2649,7,18,18,1.0
train,paragraph_tok_480_overlap_64,VERTEXENERGYINC_08_14_2014-EX-10.24-OPERATION AND MAINTENANCE AGREEMENT,0,11605,28,29,29,1.0
train,paragraph_tok_480_overlap_64,NYLIACVARIABLEANNUITYSEPARATEACCOUNTIII_04_10_2020-EX-99.8.KK-SERVICE AGREEMENT,0,1336,4,12,12,1.0
train,paragraph_tok_480_overlap_64,AlliedEsportsEntertainmentInc_20190815_8-K_EX-10.34_11788308_EX-10.34_Sponsorship Agreement,0,7845,20,25,25,1.0
train,paragraph_tok_480_overlap_64,SLOVAKWIRELESSFINANCECOBV_03_28_2001-EX-4.(B)(II).3-Maintenance and support contract for SICAP(R) modules,0,7720,19,9,9,1.0
train,paragraph_tok_480_overlap_64,ANIXABIOSCIENCESINC_06_09_2020-EX-10.1-COLLABORATION AGREEMENT,0,8395,21,31,31,1.0
train,paragraph_tok_480_overlap_64,"ELFBEAUTY,INC_07_02_2020-EX-10.1-COOPERATION AGREEMENT",0,9153,23,17,17,1.0
train,paragraph_tok_480_overlap_64,DigitalCinemaDestinationsCorp_20111220_S-1_EX-10.10_7346719_EX-10.10_Affiliate Agreement,0,21782,62,63,62,0.9841269841269841
train,paragraph_tok_480_overlap_64,VERTICALNETINC_04_01_2002-EX-10.19-MAINTENANCE AND SUPPORT AGREEMENT,0,13838,34,31,31,1.0
train,paragraph_tok_480_overlap_64,TcPipelinesLp_20160226_10-K_EX-99.12_9454048_EX-99.12_Transportation Agreement,0,1398,4,11,11,1.0
train,paragraph_tok_480_overlap_64,HUBEIMINKANGPHARMACEUTICALLTD_09_19_2006-EX-10.1-OUTSOURCING AGREEMENT,0,2332,6,13,13,1.0
train,paragraph_tok_480_overlap_64,ACCURAYINC_09_01_2010-EX-10.31-DISTRIBUTOR AGREEMENT,0,18245,51,30,30,1.0
train,paragraph_tok_480_overlap_64,"MIDDLEBROOKPHARMACEUTICALS,INC_03_18_2010-EX-10.1-PROMOTION AGREEMENT",0,11781,30,23,22,0.9565217391304348
train,paragraph_tok_480_overlap_64,ArcGroupInc_20171211_8-K_EX-10.1_10976103_EX-10.1_Sponsorship Agreement,0,3524,10,9,9,1.0
train,paragraph_tok_480_overlap_64,AtnInternationalInc_20191108_10-Q_EX-10.1_11878541_EX-10.1_Maintenance Agreement,0,48001,120,70,66,0.9428571428571428
train,paragraph_tok_480_overlap_64,"SightLife Surgical, Inc. - STRATEGIC SALES _ MARKETING AGREEMENT",0,4749,13,23,23,1.0
train,paragraph_tok_480_overlap_64,InmodeLtd_20190729_F-1A_EX-10.9_11743243_EX-10.9_Manufacturing Agreement,0,8163,23,23,23,1.0
train,paragraph_tok_480_overlap_64,FUSIONPHARMACEUTICALSINC_06_05_2020-EX-10.17-Supply Agreement - FUSION,0,8317,23,29,29,1.0
train,paragraph_tok_480_overlap_64,URSCORPNEW_03_17_2014-EX-99-COOPERATION AGREEMENT,0,7556,19,9,9,1.0
train,paragraph_tok_480_overlap_64,GpaqAcquisitionHoldingsInc_20200123_S-4A_EX-10.6_11951677_EX-10.6_License Agreement,0,9607,27,45,45,1.0
train,paragraph_tok_480_overlap_64,SalesforcecomInc_20171122_10-Q_EX-10.1_10961535_EX-10.1_Reseller Agreement,0,667,2,6,6,1.0
train,paragraph_tok_480_overlap_64,SLINGERBAGINC_05_27_2020-EX-10.7-CONSULTING AGREEMENT,0,6937,20,15,15,1.0
train,paragraph_tok_480_overlap_64,IGENEBIOTECHNOLOGYINC_05_13_2003-EX-1-JOINT VENTURE AGREEMENT,0,14449,36,28,28,1.0
train,paragraph_tok_480_overlap_64,ENERGYXXILTD_05_08_2015-EX-10.13-Transportation AGREEMENT,0,13250,36,23,23,1.0
train,paragraph_tok_480_overlap_64,EtonPharmaceuticalsInc_20191114_10-Q_EX-10.1_11893941_EX-10.1_Development Agreement,0,13838,39,27,27,1.0
train,paragraph_tok_480_overlap_64,ScansourceInc_20190822_10-K_EX-10.38_11793958_EX-10.38_Distributor Agreement1,0,17533,41,42,41,0.9761904761904762
train,paragraph_tok_480_overlap_64,CardlyticsInc_20180112_S-1_EX-10.16_11002987_EX-10.16_Maintenance Agreement1,0,31965,77,93,93,1.0
train,paragraph_tok_480_overlap_64,"NETGEAR,INC_04_21_2003-EX-10.16-DISTRIBUTOR AGREEMENT",0,7935,19,45,45,1.0
train,paragraph_tok_480_overlap_64,EcoScienceSolutionsInc_20171117_8-K_EX-10.1_10956472_EX-10.1_Endorsement Agreement,0,3835,10,17,17,1.0
train,paragraph_tok_480_overlap_64,AMERICASSHOPPINGMALLINC_12_10_1999-EX-10.2-SITE DEVELOPMENT AND HOSTING AGREEMENT,0,3755,9,22,22,1.0
train,paragraph_tok_480_overlap_64,DataCallTechnologies_20060918_SB-2A_EX-10.9_944510_EX-10.9_Content License Agreement,0,2761,7,22,22,1.0
train,paragraph_tok_480_overlap_64,JINGWEIINTERNATIONALLTD_10_04_2007-EX-10.7-INTELLECTUAL PROPERTY AGREEMENT,0,3289,8,18,18,1.0
train,paragraph_tok_480_overlap_64,FEDERATEDGOVERNMENTINCOMESECURITIESINC_04_28_2020-EX-99.SERV AGREE-SERVICES AGREEMENT,0,2214,5,13,13,1.0
train,paragraph_tok_480_overlap_64,MRSFIELDSORIGINALCOOKIESINC_01_29_1998-EX-10-FRANCHISE AGREEMENT,0,50471,127,78,77,0.9871794871794872
train,paragraph_tok_480_overlap_64,PalmerSquareCapitalBdcInc_20200116_10-12GA_EX-10.6_11949289_EX-10.6_Trademark License Agreement,0,3106,9,19,19,1.0
train,paragraph_tok_480_overlap_64,LUCIDINC_04_15_2011-EX-10.9-DISTRIBUTOR AGREEMENT,0,2975,8,20,19,0.95
train,paragraph_tok_480_overlap_64,UsioInc_20040428_SB-2_EX-10.11_1723988_EX-10.11_Affiliate Agreement 2,0,4873,13,28,28,1.0
train,paragraph_tok_480_overlap_64,EmmisCommunicationsCorp_20191125_8-K_EX-10.6_11906433_EX-10.6_Marketing Agreement,0,3632,10,11,11,1.0
train,paragraph_tok_480_overlap_64,ENTERTAINMENTGAMINGASIAINC_02_15_2005-EX-10.5-DISTRIBUTOR AGREEMENT,0,8910,22,38,36,0.9473684210526315
train,paragraph_tok_480_overlap_64,"Magenta Therapeutics, Inc. - Master Development and Manufacturing Agreement",0,14812,38,33,33,1.0
train,paragraph_tok_480_overlap_64,"GRIDIRONBIONUTRIENTS,INC_02_05_2020-EX-10.3-SUPPLY AGREEMENT",0,1237,4,10,10,1.0
train,paragraph_tok_480_overlap_64,PapaJohnsInternationalInc_20190617_8-K_EX-10.1_11707365_EX-10.1_Endorsement Agreement,0,15085,40,35,34,0.9714285714285714
train,paragraph_tok_480_overlap_64,SUMMAFOURINC_06_19_1998-EX-10.3-SOFTWARE LICENSE AND MAINTENANCE AGREEMENT,0,27391,68,34,31,0.9117647058823529
train,paragraph_tok_480_overlap_64,MACROGENICSINC_08_02_2013-EX-10-COLLABORATION AGREEMENT,0,34644,82,51,50,0.9803921568627451
train,paragraph_tok_480_overlap_64,GSVINC_05_15_1998-EX-10-SPONSORSHIP AGREEMENT,0,7862,18,22,22,1.0
train,paragraph_tok_480_overlap_64,MorganStanleyDirectLendingFund_20191119_10-12GA_EX-10.5_11898508_EX-10.5_Trademark License Agreement,0,3521,10,27,27,1.0
train,paragraph_tok_480_overlap_64,ELANDIAINTERNATIONALINC_04_25_2007-EX-10.21-Outsourcing Agreement,0,16874,37,25,25,1.0
train,paragraph_tok_480_overlap_64,PareteumCorp_20081001_8-K_EX-99.1_2654808_EX-99.1_Hosting Agreement,0,13547,33,23,23,1.0
train,paragraph_tok_480_overlap_64,PhasebioPharmaceuticalsInc_20200330_10-K_EX-10.21_12086810_EX-10.21_Development Agreement,0,63425,162,88,86,0.9772727272727273
train,paragraph_tok_480_overlap_64,"KUBIENT,INC_07_02_2020-EX-10.14-MASTER SERVICES AGREEMENT_Part2",0,1698,4,13,13,1.0
train,paragraph_tok_480_overlap_64,EdietsComInc_20001030_10QSB_EX-10.4_2606646_EX-10.4_Co-Branding Agreement,0,13264,34,48,48,1.0
train,paragraph_tok_480_overlap_64,LECLANCHÉ S.A. - JOINT DEVELOPMENT AND MARKETING AGREEMENT,0,4087,10,19,19,1.0
train,paragraph_tok_480_overlap_64,CardlyticsInc_20180112_S-1_EX-10.16_11002987_EX-10.16_Maintenance Agreement4,0,1022,3,12,12,1.0
train,paragraph_tok_480_overlap_64,TomOnlineInc_20060501_20-F_EX-4.46_749700_EX-4.46_Co-Branding Agreement,0,24081,64,56,54,0.9642857142857143
train,paragraph_tok_480_overlap_64,"CERES,INC_01_25_2012-EX-10.20-Collaboration Agreement",0,78591,183,66,66,1.0
train,paragraph_tok_480_overlap_64,"INTERSECTENT,INC_05_11_2020-EX-10.1-SUPPLY AGREEMENT",0,7789,19,18,18,1.0
train,paragraph_tok_480_overlap_64,"TRANSPHORM,INC_02_14_2020-EX-10.12(1)-JOINT VENTURE AGREEMENT",0,23293,56,35,34,0.9714285714285714
train,paragraph_tok_480_overlap_64,EuromediaHoldingsCorp_20070215_10SB12G_EX-10.B(01)_525118_EX-10.B(01)_Content License Agreement,0,6204,19,30,30,1.0
train,paragraph_tok_480_overlap_64,"Sonos, Inc. - Manufacturing Agreement ",0,22984,55,53,53,1.0
train,paragraph_tok_480_overlap_64,"ASHWORTHINC_01_29_1999-EX-10.(D)-PROMOTION AGREEMENT AND NANTZ COMMUNICATIONS, INC.",0,4832,11,27,27,1.0
train,paragraph_tok_480_overlap_64,LIGHTBRIDGECORP_11_23_2015-EX-10.26-STRATEGIC ALLIANCE AGREEMENT,0,3804,9,11,11,1.0
train,paragraph_tok_480_overlap_64,"XLITECHNOLOGIES,INC_12_02_2015-EX-10.02-STRATEGIC ALLIANCE AGREEMENT",0,1168,3,9,9,1.0
train,paragraph_tok_480_overlap_64,HYPERIONSOFTWARECORP_09_28_1994-EX-10.47-EXCLUSIVE DISTRIBUTOR AGREEMENT,0,7629,18,30,30,1.0
train,paragraph_tok_480_overlap_64,BUFFALOWILDWINGSINC_06_05_1998-EX-10.3-FRANCHISE AGREEMENT,0,31263,77,86,83,0.9651162790697675
train,paragraph_tok_480_overlap_64,ReynoldsConsumerProductsInc_20200121_S-1A_EX-10.22_11948918_EX-10.22_Service Agreement,0,22739,56,26,26,1.0
train,paragraph_tok_480_overlap_64,"GWG HOLDINGS, INC. - ORDERLY MARKETING AGREEMENT",0,5656,17,12,12,1.0
train,paragraph_tok_480_overlap_64,BLACKROCKMUNIHOLDINGSINVESTMENTQUALITYFUND_04_07_2020-EX-99.01-JOINT FILING AGREEMENT,0,269,1,6,6,1.0
train,paragraph_tok_480_overlap_64,ALLISONTRANSMISSIONHOLDINGSINC_12_15_2014-EX-99.1-COOPERATION AGREEMENT,0,6795,17,18,18,1.0
train,paragraph_tok_480_overlap_64,WARNINGMANAGEMENTSERVICESINC_12_10_1999-EX-10-ENDORSEMENT AGREEMENT,0,5900,15,32,32,1.0
train,paragraph_tok_480_overlap_64,LinkPlusCorp_20050802_8-K_EX-10_3240252_EX-10_Affiliate Agreement,0,4041,10,32,32,1.0
train,paragraph_tok_480_overlap_64,SMITHELECTRICVEHICLESCORP_04_04_2012-EX-10.26-FLEET MAINTENANCE AGREEMENT,0,17017,54,29,28,0.9655172413793104
train,paragraph_tok_480_overlap_64,CHINARECYCLINGENERGYCORP_11_14_2013-EX-10.6-Cooperation Agreement,0,3203,9,13,13,1.0
train,paragraph_tok_480_overlap_64,"KUBIENT,INC_07_02_2020-EX-10.14-MASTER SERVICES AGREEMENT_Part1",0,5283,14,20,20,1.0
train,paragraph_tok_480_overlap_64,NeoformaInc_19991202_S-1A_EX-10.26_5224521_EX-10.26_Co-Branding Agreement,0,21948,59,70,70,1.0
train,paragraph_tok_480_overlap_64,AULAMERICANUNITTRUST_04_24_2020-EX-99.8.77-SERVICING AGREEMENT,0,7018,21,16,16,1.0
train,paragraph_tok_480_overlap_64,VIOLINMEMORYINC_12_12_2012-EX-10.14-SPONSORSHIP AGREEMENT,0,11007,27,30,29,0.9666666666666667
train,paragraph_tok_480_overlap_64,RaeSystemsInc_20001114_10-Q_EX-10.57_2631790_EX-10.57_Co-Branding Agreement,0,9602,23,29,29,1.0
train,paragraph_tok_480_overlap_64,QBIOMEDINC_04_08_2020-EX-99.1-JOINT FILING AGREEMENT,0,763,2,13,13,1.0
train,paragraph_tok_480_overlap_64,ZogenixInc_20190509_10-Q_EX-10.2_11663313_EX-10.2_Distributor Agreement,0,37412,95,70,70,1.0
train,paragraph_tok_480_overlap_64,LeadersonlineInc_20000427_S-1A_EX-10.8_4991089_EX-10.8_Co-Branding Agreement,0,11383,26,44,44,1.0
train,paragraph_tok_480_overlap_64,ArcaUsTreasuryFund_20200207_N-2_EX-99.K5_11971930_EX-99.K5_Development Agreement,0,3073,8,12,12,1.0
train,paragraph_tok_480_overlap_64,BIOAMBERINC_04_10_2013-EX-10.34-DEVELOPMENT AGREEMENT - First Amendment,0,1432,4,7,7,1.0
train,paragraph_tok_480_overlap_64,"XACCT Technologies, Inc.SUPPORT AND MAINTENANCE AGREEMENT",0,2681,7,14,14,1.0
train,paragraph_tok_480_overlap_64,CHANGEPOINTCORP_03_08_2000-EX-10.6-LICENSE AND HOSTING AGREEMENT,0,40176,98,82,80,0.975609756097561
train,paragraph_tok_480_overlap_64,Apollo Endosurgery - Manufacturing and Supply Agreement,0,9682,25,24,24,1.0
train,paragraph_tok_480_overlap_64,"MJBIOTECH,INC_12_06_2018-EX-99.01-JOINT VENTURE AGREEMENT",0,4442,10,22,22,1.0
train,paragraph_tok_480_overlap_64,IDREAMSKYTECHNOLOGYLTD_07_03_2014-EX-10.39-Cooperation Agreement on Mobile Game Business,0,15306,35,26,26,1.0
train,paragraph_tok_480_overlap_64,"CANOPETROLEUM,INC_12_13_2007-EX-10.1-Sponsorship Agreement",0,1828,5,14,14,1.0
train,paragraph_tok_480_overlap_64,"HOSPITALITYINVESTORSTRUST,INC_04_07_2014-EX-10.26-FRANCHISE AGREEMENT",0,30617,84,49,48,0.9795918367346939
train,paragraph_tok_480_overlap_64,FulucaiProductionsLtd_20131223_10-Q_EX-10.9_8368347_EX-10.9_Content License Agreement,0,3978,11,28,28,1.0
train,paragraph_tok_480_overlap_64,MPLXLP_06_17_2015-EX-10.1-TRANSPORTATION SERVICES AGREEMENT,0,11754,28,30,30,1.0
train,paragraph_tok_480_overlap_64,LOGANSROADHOUSEINC_03_27_1998-EX-10.17-SPONSORSHIP AGREEMENT,0,3891,10,19,19,1.0
train,paragraph_tok_480_overlap_64,FuelcellEnergyInc_20191106_8-K_EX-10.1_11868007_EX-10.1_Development Agreement,0,21816,55,60,60,1.0
train,paragraph_tok_480_overlap_64,"THERAVANCEBIOPHARMA,INC_05_08_2020-EX-10.2-SERVICE AGREEMENT",0,6598,20,16,16,1.0
train,paragraph_tok_480_overlap_64,DYNAMEXINC_06_06_1996-EX-10.4-TRANSPORTATION SERVICES AGREEMENT,0,8846,21,33,33,1.0
train,paragraph_tok_480_overlap_64,ULTRAGENYXPHARMACEUTICALINC_12_23_2013-EX-10.9-SUPPLY AGREEMENT,0,3175,7,16,16,1.0
train,paragraph_tok_480_overlap_64,"NETGEAR,INC_04_21_2003-EX-10.16- AMENDMENT #2 TO THE DISTRIBUTION AGREEMENT",0,850,2,6,6,1.0
train,paragraph_tok_480_overlap_64,SFGFINANCIALCORP_05_12_2009-EX-10.1-SOFTWARE LICENSE AND MAINTENANCE AGREEMENT,0,10327,28,32,32,1.0
train,paragraph_tok_480_overlap_64,"VAXCYTE,INC_05_22_2020-EX-10.19-SUPPLY AGREEMENT",0,21200,55,29,28,0.9655172413793104
train,paragraph_tok_480_overlap_64,"OTISWORLDWIDECORP_04_03_2020-EX-10.4-INTELLECTUAL PROPERTY AGREEMENT by and among UNITED TECHNOLOGIES CORPORATION, OTIS WORLDWIDE CORPORATION and CARRIER ~1",0,12556,35,32,28,0.875
train,paragraph_tok_480_overlap_64,"GIGGLESN_HUGS,INC_06_23_2016-EX-10.2-STRATEGIC ALLIANCE AGREEMENT",0,4300,14,19,19,1.0
train,paragraph_tok_480_overlap_64,ExactSciencesCorp_20180822_8-K_EX-10.1_11331629_EX-10.1_Promotion Agreement,0,33115,106,43,42,0.9767441860465116
train,paragraph_tok_480_overlap_64,GlobalTechnologiesGroupInc_20050928_10KSB_EX-10.9_4148808_EX-10.9_Content License Agreement,0,8105,20,18,17,0.9444444444444444
train,paragraph_tok_480_overlap_64,HertzGroupRealtyTrustInc_20190920_S-11A_EX-10.8_11816941_EX-10.8_Trademark License Agreement,0,3160,10,15,15,1.0
train,paragraph_tok_480_overlap_64,QuantumGroupIncFl_20090120_8-K_EX-99.2_3672910_EX-99.2_Hosting Agreement,0,21849,57,32,32,1.0
train,paragraph_tok_480_overlap_64,"PHREESIA,INC_05_28_2019-EX-10.18-STRATEGIC ALLIANCE AGREEMENT",0,24321,60,51,51,1.0
train,paragraph_tok_480_overlap_64,"Array BioPharma Inc. - LICENSE, DEVELOPMENT AND COMMERCIALIZATION AGREEMENT",0,55217,137,65,65,1.0
train,paragraph_tok_480_overlap_64,MERCATAINC_03_09_2000-EX-10.21-SPONSORSHIP AGREEMENT,0,4755,12,12,12,1.0
train,paragraph_tok_480_overlap_64,"MEDALISTDIVERSIFIEDREIT,INC_05_18_2020-EX-10.1-CONSULTING AGREEMENT",0,4738,13,34,34,1.0
train,paragraph_tok_480_overlap_64,"FOUNDATIONMEDICINE,INC_02_02_2015-EX-10.2-Collaboration Agreement",0,36508,87,75,75,1.0
train,paragraph_tok_480_overlap_64,RevolutionMedicinesInc_20200117_S-1_EX-10.1_11948417_EX-10.1_Development Agreement,0,57395,143,90,88,0.9777777777777777
train,paragraph_tok_480_overlap_64,"ETELOS,INC_03_09_2004-EX-10.8-DISTRIBUTOR AGREEMENT",0,5137,13,25,25,1.0
train,paragraph_tok_480_overlap_64,LifewayFoodsInc_20160316_10-K_EX-10.24_9489766_EX-10.24_Endorsement Agreement,0,2226,6,16,16,1.0
train,paragraph_tok_480_overlap_64,"LEGACYTECHNOLOGYHOLDINGS,INC_12_09_2005-EX-10.2-DISTRIBUTOR AGREEMENT",0,2616,7,23,23,1.0
train,paragraph_tok_480_overlap_64,DeltathreeInc_19991102_S-1A_EX-10.19_6227850_EX-10.19_Co-Branding Agreement_ Service Agreement,0,5656,15,17,17,1.0
train,paragraph_tok_480_overlap_64,"SPRINGBANKPHARMACEUTICALS,INC_04_08_2020-EX-99.A-JOINT FILING AGREEMENT",0,368,1,6,6,1.0
train,paragraph_tok_480_overlap_64,ImineCorp_20180725_S-1_EX-10.5_11275970_EX-10.5_Distributor Agreement,0,6994,19,23,23,1.0
train,paragraph_tok_480_overlap_64,CCAINDUSTRIESINC_04_14_2014-EX-10.1-OUTSOURCING AGREEMENT,0,6429,17,27,27,1.0
train,paragraph_tok_480_overlap_64,Microgenics Corporation - Collaborative Development and Commercialization Agreement,0,41608,111,54,54,1.0
train,paragraph_tok_480_overlap_64,VgrabCommunicationsInc_20200129_10-K_EX-10.33_11958828_EX-10.33_Development Agreement,0,3149,8,13,13,1.0
train,paragraph_tok_480_overlap_64,AIRTECHINTERNATIONALGROUPINC_05_08_2000-EX-10.4-FRANCHISE AGREEMENT,0,15597,36,42,40,0.9523809523809523
train,paragraph_tok_480_overlap_64,IMMUNOMEDICSINC_08_07_2019-EX-10.1-PROMOTION AGREEMENT,0,31927,77,36,35,0.9722222222222222
train,paragraph_tok_480_overlap_64,BravatekSolutionsInc_20170418_8-K_EX-10.1_10205739_EX-10.1_Reseller Agreement,0,3338,10,17,17,1.0
train,paragraph_tok_480_overlap_64,SPORTHALEYINC_09_29_1997-EX-10.2-10-ENDORSEMENT AGREEMENT,0,2203,6,21,21,1.0
train,paragraph_tok_480_overlap_64,XENCORINC_10_25_2013-EX-10.24-COLLABORATION AGREEMENT (3),0,35681,93,66,66,1.0
train,paragraph_tok_480_overlap_64,NETGROCERINC_07_31_1998-EX-10.15-SPONSORSHIP AGREEMENT,0,7296,17,26,25,0.9615384615384616
train,paragraph_tok_480_overlap_64,CoherusBiosciencesInc_20200227_10-K_EX-10.29_12021376_EX-10.29_Development Agreement,0,32168,81,56,55,0.9821428571428571
train,paragraph_tok_480_overlap_64,DIVERSINETCORP_03_01_2012-EX-4-RESELLER AGREEMENT,0,15189,38,43,43,1.0
train,paragraph_tok_480_overlap_64,NmfSlfIInc_20200115_10-12GA_EX-10.5_11946987_EX-10.5_Trademark License Agreement,0,3655,10,25,25,1.0
train,paragraph_tok_480_overlap_64,KALLOINC_11_03_2011-EX-10.1-STRATEGIC ALLIANCE AGREEMENT,0,15030,35,34,34,1.0
train,paragraph_tok_480_overlap_64,MOSSIMOINC_04_14_2000-EX-10.14-ENDORSEMENT AGREEMENT,0,4631,12,28,28,1.0
train,paragraph_tok_480_overlap_64,FEDERATEDGOVERNMENTINCOMESECURITIESINC_04_28_2020-EX-99.SERV AGREE-SERVICES AGREEMENT_AMENDMENT,0,708,2,8,8,1.0
train,paragraph_tok_480_overlap_64,RandWorldwideInc_20010402_8-KA_EX-10.2_2102464_EX-10.2_Co-Branding Agreement,0,9202,22,34,34,1.0
train,paragraph_tok_480_overlap_64,GOLDRESOURCECORP_12_11_2008-EX-10.1-STRATEGIC ALLIANCE AGREEMENT,0,11423,29,36,36,1.0
train,paragraph_tok_480_overlap_64,"Loop Industries, Inc. - Marketing Agreement",0,6957,20,19,19,1.0
train,paragraph_tok_480_overlap_64,BloomEnergyCorp_20180321_DRSA (on S-1)_EX-10_11240356_EX-10_Maintenance Agreement,0,22481,54,36,36,1.0
train,paragraph_tok_480_overlap_64,AudibleInc_20001113_10-Q_EX-10.32_2599586_EX-10.32_Co-Branding Agreement_ Marketing Agreement_ Investment Distribution Agreement,0,16710,42,47,45,0.9574468085106383
train,paragraph_tok_480_overlap_64,HOLIDAYRVSUPERSTORESINC_04_15_2002-EX-10.13-ENDORSEMENT AGREEMENT,0,2745,7,17,17,1.0
train,paragraph_tok_480_overlap_64,NeuroboPharmaceuticalsInc_20190903_S-4_EX-10.36_11802165_EX-10.36_Manufacturing Agreement_ Supply Agreement,0,4667,12,11,11,1.0
train,paragraph_tok_480_overlap_64,SONUSCORP_03_12_1997-EX-10.11-SPONSORSHIP AGREEMENT,0,5064,11,10,10,1.0
train,paragraph_tok_480_overlap_64,RangeResourcesLouisianaInc_20150417_8-K_EX-10.5_9045501_EX-10.5_Transportation Agreement,0,20902,50,21,21,1.0
train,paragraph_tok_480_overlap_64,CHAPARRALRESOURCESINC_03_30_2000-EX-10.66-TRANSPORTATION CONTRACT,0,5213,12,17,17,1.0
train,paragraph_tok_480_overlap_64,AURASYSTEMSINC_06_16_2010-EX-10.25-STRATEGIC ALLIANCE AGREEMENT,0,9142,25,44,43,0.9772727272727273
train,paragraph_tok_480_overlap_64,IpassInc_20181203_8-K_EX-99.1_11445874_EX-99.1_Reseller Agreement,0,15064,39,30,29,0.9666666666666667
train,paragraph_tok_480_overlap_64,VERSOTECHNOLOGIESINC_12_28_2007-EX-99.3-INTELLECTUAL PROPERTY AGREEMENT,0,1008,3,8,8,1.0
train,paragraph_tok_480_overlap_64,EhaveInc_20190515_20-F_EX-4.44_11678816_EX-4.44_License Agreement_ Reseller Agreement,0,18095,51,62,61,0.9838709677419355
train,paragraph_tok_480_overlap_64,"UNITEDNATIONALBANCORP_03_03_1999-EX-99-Outsourcing Agreement with the BISYS Group, Inc.",0,376,1,7,7,1.0
train,paragraph_tok_480_overlap_64,VirtuosoSurgicalInc_20191227_1-A_EX1A-6 MAT CTRCT_11933379_EX1A-6 MAT CTRCT_License Agreement,0,7847,25,37,37,1.0
train,paragraph_tok_480_overlap_64,"ROCKYMOUNTAINCHOCOLATEFACTORY,INC_12_23_2019-EX-10.2-STRATEGIC ALLIANCE AGREEMENT",0,24848,70,34,33,0.9705882352941176
train,paragraph_tok_480_overlap_64,VITAMINSHOPPECOMINC_09_13_1999-EX-10.26-SPONSORSHIP AGREEMENT,0,14425,34,16,16,1.0
train,paragraph_tok_480_overlap_64,"SOLUTIONSVENDINGINTERNATIONAL,INC_03_31_2020-EX1A-1 UNDR AGMT-SERVICES AGREEMENT",0,1510,5,9,9,1.0
train,paragraph_tok_480_overlap_64,InnerscopeHearingTechnologiesInc_20181109_8-K_EX-10.6_11419704_EX-10.6_Distributor Agreement,0,4471,10,27,27,1.0
train,paragraph_tok_480_overlap_64,SmartRxSystemsInc_20180914_1-A_EX1A-6 MAT CTRCT_11351705_EX1A-6 MAT CTRCT_Distributor Agreement,0,7931,23,25,25,1.0
train,paragraph_tok_480_overlap_64,BIOFRONTERAAG_04_29_2019-EX-4.17-SUPPLY AGREEMENT,0,12928,40,27,27,1.0
train,paragraph_tok_480_overlap_64,"CORALGOLDRESOURCES,LTD_05_28_2020-EX-4.1-CONSULTING AGREEMENT",0,5800,14,20,19,0.95
train,paragraph_tok_480_overlap_64,Cerus Corporation - FIRST AMEND TO SUPPLY AND MANUFACTURING AGREEMENT,0,2404,6,7,7,1.0
train,paragraph_tok_480_overlap_64,OLDAPIWIND-DOWNLTD_01_08_2016-EX-1.3-AGENCY AGREEMENT2,0,853,2,8,8,1.0
train,paragraph_tok_480_overlap_64,ATENTOSA_07_06_2020-EX-99.1-JOINT FILING AGREEMENT,0,538,2,12,12,1.0
train,paragraph_tok_480_overlap_64,HealthcentralCom_19991108_S-1A_EX-10.27_6623292_EX-10.27_Co-Branding Agreement,0,8664,20,34,34,1.0
train,paragraph_tok_480_overlap_64,GAINSCOINC_01_21_2010-EX-10.41-SPONSORSHIP AGREEMENT,0,3085,9,26,26,1.0
train,paragraph_tok_480_overlap_64,"TURNKEYCAPITAL,INC_07_20_2017-EX-1.1-Strategic Alliance Agreement",0,2570,7,12,12,1.0
train,paragraph_tok_480_overlap_64,IVILLAGEINC_03_17_1999-EX-10.16-SPONSORSHIP AGREEMENT,0,4893,11,26,26,1.0
train,paragraph_tok_480_overlap_64,"IPAYMENT,INC_05_14_2007-EX-10.1-SPONSORSHIP AGREEMENT",0,18966,46,34,34,1.0
train,paragraph_tok_480_overlap_64,RISEEDUCATIONCAYMANLTD_04_17_2020-EX-4.23-SERVICE AGREEMENT,0,3051,8,13,13,1.0
train,paragraph_tok_480_overlap_64,STARTECGLOBALCOMMUNICATIONSCORP_11_16_1998-EX-10.30-CONSTRUCTION AND MAINTENANCE AGREEMENT,0,23328,54,74,74,1.0
train,paragraph_tok_480_overlap_64,LejuHoldingsLtd_20140121_DRS (on F-1)_EX-10.26_8473102_EX-10.26_Content License Agreement2,0,449,1,7,7,1.0
train,paragraph_tok_480_overlap_64,FIBROGENINC_10_01_2014-EX-10.11-COLLABORATION AGREEMENT,0,32772,81,51,51,1.0
train,paragraph_tok_480_overlap_64,"KNOWLABS,INC_08_15_2005-EX-10-INTELLECTUAL PROPERTY AGREEMENT",0,2670,6,16,16,1.0
train,paragraph_tok_480_overlap_64,UAGHINC_04_14_2004-EX-10.18-MAINTENANCE AGREEMENT,0,3362,10,19,18,0.9473684210526315
train,paragraph_tok_480_overlap_64,"ARMSTRONGFLOORING,INC_01_07_2019-EX-10.2-INTELLECTUAL PROPERTY AGREEMENT",0,16701,46,49,48,0.9795918367346939
train,paragraph_tok_480_overlap_64,VitalibisInc_20180316_8-K_EX-10.2_11100168_EX-10.2_Hosting Agreement,0,9841,27,29,29,1.0
train,paragraph_tok_480_overlap_64,HEALTHGATEDATACORP_11_24_1999-EX-10.1-HOSTING AND MANAGEMENT AGREEMENT - Escrow Agreement,0,9004,21,15,13,0.8666666666666667
train,paragraph_tok_480_overlap_64,BNLFINANCIALCORP_03_30_2007-EX-10.8-OUTSOURCING AGREEMENT,0,8297,26,27,27,1.0
train,paragraph_tok_480_overlap_64,"IOVANCEBIOTHERAPEUTICS,INC_08_03_2017-EX-10.1-STRATEGIC ALLIANCE AGREEMENT",0,13808,40,27,27,1.0
train,paragraph_tok_480_overlap_64,NEONSYSTEMSINC_03_01_1999-EX-10.5-DISTRIBUTOR AGREEMENT_New,0,11689,28,40,39,0.975
train,paragraph_tok_480_overlap_64,TELKOMSALTD_01_30_2003-EX-10-LICENCE AND MAINTENANCE AGREEMENT,0,21058,62,49,49,1.0
train,paragraph_tok_480_overlap_64,"FIDELITYNATIONALINFORMATIONSERVICES,INC_08_05_2009-EX-10.3-INTELLECTUAL PROPERTY AGREEMENT",0,31531,82,70,65,0.9285714285714286
train,paragraph_tok_480_overlap_64,TRUENORTHENERGYCORP_02_08_2007-EX-10.1-DEVELOPMENT AGREEMENT,0,9158,24,19,18,0.9473684210526315
train,paragraph_tok_480_overlap_64,GentechHoldingsInc_20190808_1-A_EX1A-6 MAT CTRCT_11776814_EX1A-6 MAT CTRCT_Distributor Agreement,0,5374,13,24,24,1.0
train,paragraph_tok_480_overlap_64,TICKETSCOMINC_06_22_1999-EX-10.22-SPONSORSHIP AGREEMENT,0,1816,5,16,16,1.0
train,paragraph_tok_480_overlap_64,"ADMA BioManufacturing, LLC -  Amendment #3 to Manufacturing Agreement ",0,3491,10,16,16,1.0
train,paragraph_tok_480_overlap_64,OFGBANCORP_03_28_2007-EX-10.23-OUTSOURCING AGREEMENT,0,31139,75,44,42,0.9545454545454546
train,paragraph_tok_480_overlap_64,"DUOSTECHNOLOGIESGROUP,INC_04_21_2009-EX-10.1-STRATEGIC ALLIANCE AGREEMENT",0,9246,23,38,38,1.0
train,paragraph_tok_480_overlap_64,OLDAPIWIND-DOWNLTD_01_08_2016-EX-1.3-AGENCY AGREEMENT1,0,19676,59,16,16,1.0
train,paragraph_tok_480_overlap_64,"ADIANUTRITION,INC_04_01_2005-EX-10.D2-RESELLER AGREEMENT",0,6061,15,22,22,1.0
train,paragraph_tok_480_overlap_64,"ATHENSBANCSHARESCORP_11_02_2009-EX-1.2-AGENCY AGREEMENT , 2009",0,28701,74,16,16,1.0
train,paragraph_tok_480_overlap_64,SoupmanInc_20150814_8-K_EX-10.1_9230148_EX-10.1_Franchise Agreement3,0,576,2,2,2,1.0
train,paragraph_tok_480_overlap_64,MOVADOGROUPINC_04_30_2003-EX-10.28-ENDORSEMENT AGREEMENT,0,3452,8,9,8,0.8888888888888888
train,paragraph_tok_480_overlap_64,StaarSurgicalCompany_20180801_10-Q_EX-10.37_11289449_EX-10.37_Distributor Agreement,0,10015,29,38,38,1.0
train,paragraph_tok_480_overlap_64,EmeraldHealthBioceuticalsInc_20200218_1-A_EX1A-6 MAT CTRCT_11987205_EX1A-6 MAT CTRCT_Development Agreement,0,3637,9,20,20,1.0
train,paragraph_tok_480_overlap_64,STAMPSCOMINC_06_24_1999-EX-10.18-SPONSORSHIP AGREEMENT,0,8524,20,32,32,1.0
train,paragraph_tok_480_overlap_64,BEYONDCOMCORP_08_03_2000-EX-10.2-CO-HOSTING AGREEMENT,0,10842,27,33,33,1.0
train,paragraph_tok_480_overlap_64,CHEETAHMOBILEINC_04_22_2014-EX-10.43-Cooperation Agreement,0,8310,19,23,23,1.0
train,paragraph_tok_480_overlap_64,ClickstreamCorp_20200330_1-A_EX1A-6 MAT CTRCT_12089935_EX1A-6 MAT CTRCT_Development Agreement,0,7054,18,24,24,1.0
train,paragraph_tok_480_overlap_64,NEOMEDIATECHNOLOGIESINC_12_15_2005-EX-16.1-DISTRIBUTOR AGREEMENT,0,6612,17,29,29,1.0
train,paragraph_tok_480_overlap_64,"ADUROBIOTECH,INC_06_02_2020-EX-10.7-CONSULTING AGREEMENT(1)",0,2393,6,16,16,1.0
train,paragraph_tok_480_overlap_64,LejuHoldingsLtd_20140121_DRS (on F-1)_EX-10.26_8473102_EX-10.26_Content License Agreement1,0,9829,29,22,22,1.0
train,paragraph_tok_480_overlap_64,"VISIUMTECHNOLOGIES,INC_10_20_2004-EX-10.20-DISTRIBUTOR AGREEMENT",0,10522,27,42,42,1.0
train,paragraph_tok_480_overlap_64,"INNOVIVA,INC_08_07_2014-EX-10.1-COLLABORATION AGREEMENT",0,39041,111,52,49,0.9423076923076923
train,paragraph_tok_480_overlap_64,SoupmanInc_20150814_8-K_EX-10.1_9230148_EX-10.1_Franchise Agreement2,0,1220,3,5,5,1.0
train,paragraph_tok_480_overlap_64,"ADUROBIOTECH,INC_06_02_2020-EX-10.7-CONSULTING AGREEMENT",0,2393,6,14,14,1.0
train,paragraph_tok_480_overlap_64,CybergyHoldingsInc_20140520_10-Q_EX-10.27_8605784_EX-10.27_Affiliate Agreement,0,6734,16,26,26,1.0
train,paragraph_tok_480_overlap_64,MANAKOASERVICESCORP_11_21_2007-EX-7.5-STRATEGIC ALLIANCE AGREEMENT,0,2977,7,14,14,1.0
train,paragraph_tok_480_overlap_64,FLOTEKINDUSTRIESINCCN_05_09_2019-EX-10.1-SUPPLY AGREEMENT,0,4056,10,19,19,1.0
train,paragraph_tok_480_overlap_64,EUROPEANMICROHOLDINGSINC_03_06_1998-EX-10.6-DISTRIBUTOR AGREEMENT,0,11121,26,38,38,1.0
train,paragraph_tok_480_overlap_64,KitovPharmaLtd_20190326_20-F_EX-4.15_11584449_EX-4.15_Manufacturing Agreement,0,12188,36,36,36,1.0
train,paragraph_tok_480_overlap_64,BellringBrandsInc_20190920_S-1_EX-10.12_11817081_EX-10.12_Manufacturing Agreement3,0,1852,4,10,10,1.0
train,paragraph_tok_480_overlap_64,GOCALLINC_03_30_2000-EX-10.7-Promotion Agreement,0,4192,10,18,18,1.0
train,paragraph_tok_480_overlap_64,LEJUHOLDINGSLTD_03_12_2014-EX-10.34-INTERNET CHANNEL COOPERATION AGREEMENT,0,7473,25,20,20,1.0
train,paragraph_tok_480_overlap_64,BLACKSTONEGSOLONG-SHORTCREDITINCOMEFUND_05_11_2020-EX-99.(K)(1)-SERVICE AGREEMENT,0,10306,25,17,17,1.0
train,paragraph_tok_480_overlap_64,"MEETGROUP,INC_06_29_2017-EX-10.1-COOPERATION AGREEMENT",0,11878,33,15,15,1.0
train,paragraph_tok_480_overlap_64,GluMobileInc_20070319_S-1A_EX-10.09_436630_EX-10.09_Content License Agreement3,0,832,2,10,10,1.0
train,paragraph_tok_480_overlap_64,ADAPTIMMUNETHERAPEUTICSPLC_04_06_2017-EX-10.11-STRATEGIC ALLIANCE AGREEMENT,0,20607,53,56,56,1.0
train,paragraph_tok_480_overlap_64,ENTRUSTINC_07_24_1998-EX-10.5-STRATEGIC ALLIANCE AGREEMENT,0,9482,22,39,38,0.9743589743589743
train,paragraph_tok_480_overlap_64,SYKESHEALTHPLANSERVICESINC_04_24_1998-EX-10.14-OUTSOURCING AGREEMENT,0,2579,6,18,18,1.0
train,paragraph_tok_480_overlap_64,NATIONALPROCESSINGINC_07_18_1996-EX-10.4-SPONSORSHIP AGREEMENT,0,6066,15,14,14,1.0
train,paragraph_tok_480_overlap_64,SimplicityEsportsGamingCompany_20181130_8-K_EX-10.1_11444071_EX-10.1_Franchise Agreement,0,5902,17,27,27,1.0
train,paragraph_tok_480_overlap_64,QIWI_06_16_2017-EX-99.(D)(2)-COOPERATION AGREEMENT,0,5509,13,16,16,1.0
train,paragraph_tok_480_overlap_64,RemarkHoldingsInc_20081114_10-Q_EX-10.24_2895649_EX-10.24_Content License Agreement,0,12541,38,54,54,1.0
train,paragraph_tok_480_overlap_64,CnsPharmaceuticalsInc_20200326_8-K_EX-10.1_12079626_EX-10.1_Development Agreement,0,4425,12,14,14,1.0
train,paragraph_tok_480_overlap_64,GluMobileInc_20070319_S-1A_EX-10.09_436630_EX-10.09_Content License Agreement2,0,2815,8,25,25,1.0
train,paragraph_tok_480_overlap_64,"BLUEHILLSBANCORP,INC_05_20_2014-EX-1.1-AGENCY AGREEMENT",0,25764,65,22,22,1.0
train,paragraph_tok_480_overlap_64,GarrettMotionInc_20181001_8-K_EX-2.4_11364532_EX-2.4_Intellectual Property Agreement,0,11611,29,33,33,1.0
train,paragraph_tok_480_overlap_64,TheglobeComInc_19990503_S-1A_EX-10.20_5416126_EX-10.20_Co-Branding Agreement,0,11809,29,35,35,1.0
train,paragraph_tok_480_overlap_64,EmbarkComInc_19991008_S-1A_EX-10.10_6487661_EX-10.10_Co-Branding Agreement,0,6674,16,22,22,1.0
train,paragraph_tok_480_overlap_64,TRANSMONTAIGNEPARTNERSLLC_03_13_2020-EX-10.9-SERVICES AGREEMENT,0,1161,3,12,12,1.0
train,paragraph_tok_480_overlap_64,"COOLTECHNOLOGIES,INC_10_25_2017-EX-10.71-Strategic Alliance Agreement",0,2681,8,14,14,1.0
train,paragraph_tok_480_overlap_64,ALLIANCEBANCORPINCOFPENNSYLVANIA_10_18_2006-EX-1.2-AGENCY AGREEMENT,0,26362,69,24,24,1.0
train,paragraph_tok_480_overlap_64,XpresspaGroupInc_20190401_10-K_EX-10.28_11599457_EX-10.28_Marketing Agreement,0,11248,33,49,48,0.9795918367346939
train,paragraph_tok_480_overlap_64,BellringBrandsInc_20190920_S-1_EX-10.12_11817081_EX-10.12_Manufacturing Agreement2,0,506,2,9,9,1.0
train,paragraph_tok_480_overlap_64,IdeanomicsInc_20160330_10-K_EX-10.26_9512211_EX-10.26_Content License Agreement,0,8824,22,28,24,0.8571428571428571
train,paragraph_tok_480_overlap_64,BIOAMBERINC_04_10_2013-EX-10.34-DEVELOPMENT AGREEMENT (1),0,8004,20,30,30,1.0
train,paragraph_tok_480_overlap_64,PrudentialBancorpInc_20170606_8-K_EX-10.4_10474434_EX-10.4_Endorsement Agreement,0,3014,7,12,12,1.0
train,paragraph_tok_480_overlap_64,"BERKELEYLIGHTS,INC_06_26_2020-EX-10.12-COLLABORATION AGREEMENT",0,50161,132,89,86,0.9662921348314607
train,paragraph_tok_480_overlap_64,UnionDentalHoldingsInc_20050204_8-KA_EX-10_3345577_EX-10_Affiliate Agreement,0,2556,6,11,11,1.0
train,paragraph_tok_480_overlap_64,WOMENSGOLFUNLIMITEDINC_03_29_2000-EX-10.13-ENDORSEMENT AGREEMENT - Intellectual Property Rights                 Confidentiality and Non-Use Obligations Agreement,0,1243,3,7,7,1.0
train,paragraph_tok_480_overlap_64,SPHERE3DCORP_06_24_2020-EX-10.12-CONSULTING AGREEMENT,0,2342,6,12,12,1.0
train,paragraph_tok_480_overlap_64,ENTERPRISEPRODUCTSPARTNERSLP_07_08_1998-EX-10.3-TRANSPORTATION CONTRACT,0,14805,34,36,35,0.9722222222222222
train,paragraph_tok_480_overlap_64,HerImports_20161018_8-KA_EX-10.14_9765707_EX-10.14_Maintenance Agreement,0,2072,7,8,8,1.0
train,paragraph_tok_480_overlap_64,PROLONGINTERNATIONALCORP_03_23_1998-EX-10.16-SPONSORSHIP AGREEMENT,0,3398,9,11,11,1.0
train,paragraph_tok_480_overlap_64,DYNTEKINC_07_30_1999-EX-10-ONLINE HOSTING AGREEMENT,0,5059,13,20,20,1.0
train,paragraph_tok_480_overlap_64,ALAMOGORDOFINANCIALCORP_12_16_1999-EX-1-AGENCY AGREEMENT,0,23698,59,22,22,1.0
train,paragraph_tok_480_overlap_64,StampscomInc_20001114_10-Q_EX-10.47_2631630_EX-10.47_Co-Branding Agreement,0,19164,46,46,45,0.9782608695652174
train,paragraph_tok_480_overlap_64,InvendaCorp_20000828_S-1A_EX-10.2_2588206_EX-10.2_Co-Branding Agreement,0,21148,48,63,62,0.9841269841269841
train,paragraph_tok_480_overlap_64,WebmdHealthCorp_20050908_S-1A_EX-10.7_1027007_EX-10.7_Content License Agreement,0,3176,8,20,20,1.0
train,paragraph_tok_480_overlap_64,SANDRIDGEENERGYINC_08_06_2009-EX-10.6-OPERATIONS AND MAINTENANCE AGREEMENT,0,14446,36,34,34,1.0
train,paragraph_tok_480_overlap_64,ON4COMMUNICATIONSINC_07_02_2009-EX-10.1-PROMOTION AGREEMENT,0,3035,8,13,13,1.0
train,paragraph_tok_480_overlap_64,GluMobileInc_20070319_S-1A_EX-10.09_436630_EX-10.09_Content License Agreement1,0,23560,58,68,66,0.9705882352941176
train,paragraph_tok_480_overlap_64,BANUESTRAFINANCIALCORP_09_08_2006-EX-10.16-AGENCY AGREEMENT,0,9047,23,12,12,1.0
train,paragraph_tok_480_overlap_64,ArtaraTherapeuticsInc_20200110_8-K_EX-10.5_11943350_EX-10.5_License Agreement,0,7972,25,28,28,1.0
train,paragraph_tok_480_overlap_64,NlsPharmaceuticsLtd_20200228_F-1_EX-10.14_12029046_EX-10.14_Development Agreement,0,14052,41,29,28,0.9655172413793104
train,paragraph_tok_480_overlap_64,"VIRTUALSCOPICS,INC_11_12_2010-EX-10.1-STRATEGIC ALLIANCE AGREEMENT",0,9096,25,31,31,1.0
train,paragraph_tok_480_overlap_64,BellringBrandsInc_20190920_S-1_EX-10.12_11817081_EX-10.12_Manufacturing Agreement1,0,8757,23,23,23,1.0
train,paragraph_tok_480_overlap_64,BLUEFLYINC_03_27_2002-EX-10.27-e-business Hosting Agreement,0,7988,18,31,30,0.967741935483871
train,paragraph_tok_480_overlap_64,ASIANDRAGONGROUPINC_08_11_2005-EX-10.5-Reseller Agreement,0,9079,24,20,19,0.95
train,paragraph_tok_480_overlap_64,MANUFACTURERSSERVICESLTD_06_05_2000-EX-10.14-OUTSOURCING AGREEMENT,0,71266,162,65,65,1.0
train,paragraph_tok_480_overlap_64,LiquidmetalTechnologiesInc_20200205_8-K_EX-10.1_11968198_EX-10.1_Development Agreement,0,17793,51,56,54,0.9642857142857143
train,paragraph_tok_480_overlap_64,PlayboyEnterprisesInc_20090220_10-QA_EX-10.2_4091580_EX-10.2_Content License Agreement_ Marketing Agreement_ Sales-Purchase Agreement2,0,750,2,6,6,1.0
train,paragraph_tok_480_overlap_64,ZtoExpressCaymanInc_20160930_F-1_EX-10.10_9752871_EX-10.10_Transportation Agreement,0,1907,5,12,12,1.0
train,paragraph_tok_480_overlap_64,2ThemartComInc_19990826_10-12G_EX-10.10_6700288_EX-10.10_Co-Branding Agreement_ Agency Agreement,0,6231,15,30,30,1.0
train,paragraph_tok_480_overlap_64,MOELIS_CO_03_24_2014-EX-10.19-STRATEGIC ALLIANCE AGREEMENT,0,24465,70,51,51,1.0
train,paragraph_tok_480_overlap_64,XYBERNAUTCORP_07_12_2002-EX-4-SPONSORSHIP AGREEMENT,0,9029,22,17,17,1.0
train,paragraph_tok_480_overlap_64,"CARDAX,INC_08_19_2014-EX-10.1-COLLABORATION AGREEMENT",0,11374,34,23,23,1.0
train,paragraph_tok_480_overlap_64,"MACY_S,INC_05_11_2020-EX-99.4-JOINT FILING AGREEMENT",0,327,1,5,5,1.0
train,paragraph_tok_480_overlap_64,TALCOTTRESOLUTIONLIFEINSURANCECO-SEPARATEACCOUNTTWELVE_04_30_2020-EX-99.8(L)-SERVICE AGREEMENT,0,5823,17,12,12,1.0
train,paragraph_tok_480_overlap_64,ArmstrongFlooringInc_20190107_8-K_EX-10.2_11471795_EX-10.2_Intellectual Property Agreement,0,14428,40,51,51,1.0
train,paragraph_tok_480_overlap_64,PFSFUNDS_06_26_2020-EX-99.H OTH MAT CONT-SERVICES AGREEMENT,0,2960,9,14,14,1.0
train,paragraph_tok_480_overlap_64,WaterNowInc_20191120_10-Q_EX-10.12_11900227_EX-10.12_Distributor Agreement,0,9722,27,41,39,0.9512195121951219
train,paragraph_tok_480_overlap_64,MTITECHNOLOGYCORP_11_16_2004-EX-10.102-Reseller Agreement Premier Addendum,0,6615,15,18,18,1.0
train,paragraph_tok_480_overlap_64,SCOUTCAMINC_05_12_2020-EX-10.22-SERVICES AGREEMENT,0,1681,5,18,18,1.0
train,paragraph_tok_480_overlap_64,PharmagenInc_20120803_8-KA_EX-10.1_7693204_EX-10.1_Endorsement Agreement,0,3845,11,19,19,1.0
train,paragraph_tok_480_overlap_64,DRKOOPCOMINC_04_21_1999-EX-10.28-SPONSORSHIP AGREEMENT,0,7678,19,18,18,1.0
train,paragraph_tok_480_overlap_64,"VNUE,INC_07_10_2015-EX-10.1-SPONSORSHIP AGREEMENT",0,4243,14,18,17,0.9444444444444444
train,paragraph_tok_480_overlap_64,LegacyEducationAllianceInc_20141110_8-K_EX-10.9_8828866_EX-10.9_Endorsement Agreement,0,3987,12,19,19,1.0
train,paragraph_tok_480_overlap_64,PcquoteComInc_19990721_S-1A_EX-10.11_6377149_EX-10.11_Co-Branding Agreement3,0,695,2,7,7,1.0
train,paragraph_tok_480_overlap_64,GluMobileInc_20070319_S-1A_EX-10.09_436630_EX-10.09_Content License Agreement4,0,425,1,8,8,1.0
train,paragraph_tok_480_overlap_64,"OPTIMIZEDTRANSPORTATIONMANAGEMENT,INC_07_26_2000-EX-6.6-DISTRIBUTOR AGREEMENT",0,2162,6,18,17,0.9444444444444444
train,paragraph_tok_480_overlap_64,IMAGEWARESYSTEMSINC_12_20_1999-EX-10.22-MAINTENANCE AGREEMENT,0,5039,12,16,16,1.0
train,paragraph_tok_480_overlap_64,NakedBrandGroupInc_20150731_POS AM (on S-1)_EX-10.75_9196027_EX-10.75_Endorsement Agreement,0,9685,24,35,35,1.0
train,paragraph_tok_480_overlap_64,ZONDWINDSYSTEMPARTNERSLTDSERIES85-B_04_03_2006-EX-10-MANAGEMENT AND MAINTENANCE AGREEMENT,0,2828,8,8,8,1.0
train,paragraph_tok_480_overlap_64,IbioInc_20200313_8-K_EX-10.1_12052678_EX-10.1_Development Agreement,0,6358,20,18,18,1.0
train,paragraph_tok_480_overlap_64,BellringBrandsInc_20190920_S-1_EX-10.12_11817081_EX-10.12_Manufacturing Agreement4,0,378,1,8,8,1.0
train,paragraph_tok_480_overlap_64,ParatekPharmaceuticalsInc_20170505_10-KA_EX-10.29_10323872_EX-10.29_Outsourcing Agreement,0,22867,54,46,46,1.0
train,paragraph_tok_480_overlap_64,JOINTCORP_09_19_2014-EX-10.15-FRANCHISE AGREEMENT,0,34033,102,86,85,0.9883720930232558
train,paragraph_tok_480_overlap_64,VnueInc_20150914_8-K_EX-10.1_9259571_EX-10.1_Promotion Agreement,0,2137,6,12,12,1.0
train,paragraph_tok_480_overlap_64,NEXSTARFINANCEHOLDINGSINC_03_27_2002-EX-10.26-OUTSOURCING AGREEMENT,0,24783,64,25,23,0.92
train,paragraph_tok_480_overlap_64,SUNTRONCORP_05_17_2006-EX-10.22-MAINTENANCE AGREEMENT,0,6663,17,27,26,0.9629629629629629
train,paragraph_tok_480_overlap_64,"SPIENERGYCO,LTD_03_09_2011-EX-99.5-OPERATIONS AND MAINTENANCE AGREEMENT",0,10572,25,21,20,0.9523809523809523
train,paragraph_tok_480_overlap_64,SteelVaultCorp_20081224_10-K_EX-10.16_3074935_EX-10.16_Affiliate Agreement,0,3609,10,16,16,1.0
train,paragraph_tok_480_overlap_64,"KIROMICBIOPHARMA,INC_04_08_2020-EX-10.28-JOINT VENTURE AGREEMENT",0,7306,17,25,25,1.0
train,paragraph_tok_480_overlap_64,PlayboyEnterprisesInc_20090220_10-QA_EX-10.2_4091580_EX-10.2_Content License Agreement_ Marketing Agreement_ Sales-Purchase Agreement1,0,24067,66,70,70,1.0
train,paragraph_tok_480_overlap_64,TubeMediaCorp_20060310_8-K_EX-10.1_513921_EX-10.1_Affiliate Agreement,0,14483,41,49,49,1.0
train,paragraph_tok_480_overlap_64,"MARSHALLHOLDINGSINTERNATIONAL,INC_04_14_2004-EX-10.15-ENDORSEMENT AGREEMENT",0,2373,6,16,16,1.0
train,paragraph_tok_480_overlap_64,BLACKBOXSTOCKSINC_08_05_2014-EX-10.1-DISTRIBUTOR AGREEMENT,0,3427,9,21,21,1.0
train,paragraph_tok_480_overlap_64,WARNERCHILCOTTPLC_12_31_2003-EX-4.36-DEVELOPMENT AGREEMENT,0,5459,13,13,13,1.0
train,paragraph_tok_480_overlap_64,VertexEnergyInc_20200113_8-K_EX-10.1_11943624_EX-10.1_Marketing Agreement,0,9512,28,26,26,1.0
train,paragraph_tok_480_overlap_64,NETZEEINC_11_14_2002-EX-10.3-MAINTENANCE AGREEMENT,0,788,2,9,9,1.0
train,paragraph_tok_480_overlap_64,REGANHOLDINGCORP_03_31_2008-EX-10-LICENSE AND HOSTING AGREEMENT,0,11189,29,22,21,0.9545454545454546
train,paragraph_tok_480_overlap_64,MidwestEnergyEmissionsCorp_20080604_8-K_EX-10.2_3093976_EX-10.2_Content License Agreement,0,6565,16,31,31,1.0
train,paragraph_tok_480_overlap_64,HYDRONTECHNOLOGIESINC_03_31_1997-EX-10.47-SPONSORSHIP AGREEMENT,0,5230,13,14,13,0.9285714285714286
train,paragraph_tok_480_overlap_64,CcRealEstateIncomeFundadv_20181205_POS 8C_EX-99.(H)(3)_11447739_EX-99.(H)(3)_Marketing Agreement,0,6235,18,14,14,1.0
train,paragraph_tok_480_overlap_64,"BLUEROCKRESIDENTIALGROWTHREIT,INC_06_01_2016-EX-1.1-AGENCY AGREEMENT",0,26066,74,17,16,0.9411764705882353
train,paragraph_tok_480_overlap_64,"TALLGRASSENERGY,LP_02_20_2020-EX-99.26-JOINT FILING AGREEMENT",0,1006,3,12,12,1.0
train,paragraph_tok_480_overlap_64,KINGPHARMACEUTICALSINC_08_09_2006-EX-10.1-PROMOTION AGREEMENT,0,36540,94,64,64,1.0
train,paragraph_tok_480_overlap_64,PerformanceSportsBrandsInc_20110909_S-1_EX-10.10_7220214_EX-10.10_Endorsement Agreement,0,5589,14,24,24,1.0
test,paragraph_tok_448_overlap_64,LohaCompanyltd_20191209_F-1_EX-10.16_11917878_EX-10.16_Supply Agreement,0,2413,7,7,7,1.0
test,paragraph_tok_448_overlap_64,CENTRACKINTERNATIONALINC_10_29_1999-EX-10.3-WEB SITE HOSTING AGREEMENT,0,2949,8,17,17,1.0
test,paragraph_tok_448_overlap_64,DovaPharmaceuticalsInc_20181108_10-Q_EX-10.2_11414857_EX-10.2_Promotion Agreement,0,36868,98,51,51,1.0
test,paragraph_tok_448_overlap_64,"PACIRA PHARMACEUTICALS, INC. - A_R STRATEGIC LICENSING, DISTRIBUTION AND MARKETING AGREEMENT ",0,31063,83,83,82,0.9879518072289156
test,paragraph_tok_448_overlap_64,ThriventVariableInsuranceAccountB_20190701_N-6_EX-99.D(IV)_11720968_EX-99.D(IV)_Endorsement Agreement,0,1025,3,5,5,1.0
test,paragraph_tok_448_overlap_64,"HERTZGLOBALHOLDINGS,INC_07_07_2016-EX-10.4-INTELLECTUAL PROPERTY AGREEMENT",0,6838,22,30,30,1.0
test,paragraph_tok_448_overlap_64,TUNIUCORP_03_06_2014-EX-10-COOPERATION AGREEMENT,0,3496,9,21,21,1.0
test,paragraph_tok_448_overlap_64,CYBERIANOUTPOSTINC_07_09_1998-EX-10.13-PROMOTION AGREEMENT,0,4561,12,22,20,0.9090909090909091
test,paragraph_tok_448_overlap_64,MSCIINC_02_28_2008-EX-10.10-,0,2485,7,18,18,1.0
test,paragraph_tok_448_overlap_64,CHERRYHILLMORTGAGEINVESTMENTCORP_09_26_2013-EX-10.1-Strategic Alliance Agreement,0,5509,15,9,9,1.0
test,paragraph_tok_448_overlap_64,"WASTE2ENERGYHOLDINGS,INC_06_03_2010-EX-10.2-STRATEGIC ALLIANCE AGREEMENT",0,8084,27,16,16,1.0
test,paragraph_tok_448_overlap_64,GridironBionutrientsInc_20171206_8-K_EX-10.2_10972556_EX-10.2_Endorsement Agreement,0,822,2,12,12,1.0
test,paragraph_tok_448_overlap_64,FreezeTagInc_20180411_8-K_EX-10.1_11139603_EX-10.1_Sponsorship Agreement,0,5273,15,23,23,1.0
test,paragraph_tok_448_overlap_64,WEBHELPCOMINC_03_22_2000-EX-10.8-HOSTING AGREEMENT,0,4056,11,20,20,1.0
test,paragraph_tok_448_overlap_64,"Columbia Laboratories, (Bermuda) Ltd. - AMEND NO. 2 TO MANUFACTURING AND SUPPLY AGREEMENT",0,9425,27,21,21,1.0
test,paragraph_tok_448_overlap_64,N2KINC_10_16_1997-EX-10.16-SPONSORSHIP AGREEMENT,0,7525,20,40,40,1.0
test,paragraph_tok_448_overlap_64,ArconicRolledProductsCorp_20191217_10-12B_EX-2.7_11923804_EX-2.7_Trademark License Agreement,0,3841,11,20,20,1.0
test,paragraph_tok_448_overlap_64,STWRESOURCESHOLDINGCORP_08_06_2014-EX-10.1-COOPERATION AGREEMENT,0,5778,17,25,25,1.0
test,paragraph_tok_448_overlap_64,HarpoonTherapeuticsInc_20200312_10-K_EX-10.18_12051356_EX-10.18_Development Agreement,0,54619,147,70,69,0.9857142857142858
test,paragraph_tok_448_overlap_64,CardlyticsInc_20180112_S-1_EX-10.16_11002987_EX-10.16_Maintenance Agreement3,0,408,1,7,7,1.0
test,paragraph_tok_448_overlap_64,AIRSPANNETWORKSINC_04_11_2000-EX-10.5-Distributor Agreement,0,15290,39,43,43,1.0
test,paragraph_tok_448_overlap_64,GRANTIERRAENERGYINC_05_07_2012-EX-10.6-TRANSPORTATION CONTRACT,0,45009,140,33,32,0.9696969696969697
test,paragraph_tok_448_overlap_64,"VIVINT SOLAR, INC. - NON-COMPETITION AGREEMENT",0,731,2,8,8,1.0
test,paragraph_tok_448_overlap_64,CHIPMOSTECHNOLOGIESBERMUDALTD_04_18_2016-EX-4.72-Strategic Alliance Agreement,0,2719,7,11,11,1.0
test,paragraph_tok_448_overlap_64,RitterPharmaceuticalsInc_20200313_S-4A_EX-10.54_12055220_EX-10.54_Development Agreement,0,26440,76,49,49,1.0
test,paragraph_tok_448_overlap_64,AMBASSADOREYEWEARGROUPINC_11_17_1997-EX-10.28-ENDORSEMENT AGREEMENT,0,7694,21,40,39,0.975
test,paragraph_tok_448_overlap_64,USASYNTHETICFUELCORP_10_21_2010-EX-10.10-STRATEGIC ALLIANCE AGREEMENT,0,10551,36,19,19,1.0
test,paragraph_tok_448_overlap_64,WESTERN COPPER - NON-COMPETITION AGREEMENT,0,3336,8,17,17,1.0
test,paragraph_tok_448_overlap_64,"HEMISPHERX - Sales, Marketing, Distribution, and Supply Agreement",0,15893,45,43,43,1.0
test,paragraph_tok_448_overlap_64,MphaseTechnologiesInc_20030911_10-K_EX-10.15_1560667_EX-10.15_Co-Branding Agreement,0,1744,5,14,14,1.0
test,paragraph_tok_448_overlap_64,"BABCOCK_WILCOXENTERPRISES,INC_08_04_2015-EX-10.17-INTELLECTUAL PROPERTY AGREEMENT between THE BABCOCK _ WILCOX COMPANY and BABCOCK _ WILCOX ENTERPRISES, INC.",0,22611,63,55,55,1.0
test,paragraph_tok_448_overlap_64,"VAPOTHERM, INC. - Manufacturing and Supply Agreement",0,16011,44,24,24,1.0
test,paragraph_tok_448_overlap_64,PLAYAHOTELS_RESORTSNV_03_14_2017-EX-10.22-STRATEGIC ALLIANCE AGREEMENT (Hyatt Ziva Cancun),0,4764,12,17,16,0.9411764705882353
test,paragraph_tok_448_overlap_64,"SPOKHOLDINGS,INC_06_19_2020-EX-10.1-COOPERATION AGREEMENT",0,3608,11,13,13,1.0
test,paragraph_tok_448_overlap_64,RMRGROUPINC_01_22_2020-EX-99.1-JOINT FILING AGREEMENT,0,172,1,4,4,1.0
test,paragraph_tok_448_overlap_64,PRIMEENERGYRESOURCESCORP_04_02_2007-EX-10.28-COMPLETION AND LIQUIDITY MAINTENANCE AGREEMENT,0,1136,3,10,10,1.0
test,paragraph_tok_448_overlap_64,AgapeAtpCorp_20191202_10-KA_EX-10.1_11911128_EX-10.1_Supply Agreement,0,4295,13,31,31,1.0
test,paragraph_tok_448_overlap_64,PhoenixNewMediaLtd_20110421_F-1_EX-10.17_6958322_EX-10.17_Content License Agreement,0,4929,16,20,20,1.0
test,paragraph_tok_448_overlap_64,"ONEMAINHOLDINGS,INC_02_20_2020-EX-99.D-JOINT FILING AGREEMENT",0,1633,4,15,15,1.0
test,paragraph_tok_448_overlap_64,BerkshireHillsBancorpInc_20120809_10-Q_EX-10.16_7708169_EX-10.16_Endorsement Agreement,0,5968,19,23,23,1.0
test,paragraph_tok_448_overlap_64,VALENCETECHNOLOGYINC_02_14_2003-EX-10-JOINT VENTURE CONTRACT,0,12977,34,24,24,1.0
test,paragraph_tok_448_overlap_64,Quaker Chemical Corporation - NON COMPETITION AND NON SOLICITATION AGREEMENT,0,4600,14,21,21,1.0
test,paragraph_tok_448_overlap_64,GpaqAcquisitionHoldingsInc_20200123_S-4A_EX-10.8_11951679_EX-10.8_Service Agreement,0,11441,34,28,27,0.9642857142857143
test,paragraph_tok_448_overlap_64,"SUCAMPOPHARMACEUTICALS,INC_11_04_2015-EX-10.2-STRATEGIC ALLIANCE AGREEMENT",0,13241,40,14,14,1.0
test,paragraph_tok_448_overlap_64,KENTUCKYUTILITIESCO_03_25_2003-EX-10.65-TRANSPORTATION AGREEMENT,0,3366,9,15,15,1.0
test,paragraph_tok_448_overlap_64,AFSALABANCORPINC_08_01_1996-EX-1.1-AGENCY AGREEMENT,0,21780,61,22,22,1.0
test,paragraph_tok_448_overlap_64,SigaTechnologiesInc_20190603_8-K_EX-10.1_11695818_EX-10.1_Promotion Agreement,0,30778,89,42,42,1.0
test,paragraph_tok_448_overlap_64,HPILHOLDING_01_07_2015-EX-99.1-COOPERATION AGREEMENT,0,6189,17,14,14,1.0
test,paragraph_tok_448_overlap_64,FEDERATEDGOVERNMENTINCOMESECURITIESINC_04_28_2020-EX-99.SERV AGREE-SERVICES AGREEMENT_POWEROF,0,2762,8,9,9,1.0
test,paragraph_tok_448_overlap_64,"CURAEGISTECHNOLOGIES,INC_05_26_2010-EX-1-CORPORATE SPONSORSHIP AGREEMENT",0,2525,7,19,19,1.0
test,paragraph_tok_448_overlap_64,GridironBionutrientsInc_20171206_8-K_EX-10.1_10972555_EX-10.1_Endorsement Agreement,0,6067,18,29,29,1.0
test,paragraph_tok_448_overlap_64,WOMENSGOLFUNLIMITEDINC_03_29_2000-EX-10.13-ENDORSEMENT AGREEMENT,0,5790,15,48,47,0.9791666666666666
test,paragraph_tok_448_overlap_64,ScansourceInc_20190509_10-Q_EX-10.2_11661422_EX-10.2_Distributor Agreement,0,3221,9,21,21,1.0
test,paragraph_tok_448_overlap_64,SoupmanInc_20150814_8-K_EX-10.1_9230148_EX-10.1_Franchise Agreement4,0,683,2,4,4,1.0
test,paragraph_tok_448_overlap_64,BOLIVARMININGCORP_05_23_2003-EX-2.1-VISP WEB SITE BUILDING AND HOSTING AGREEMENT,0,2299,7,14,14,1.0
test,paragraph_tok_448_overlap_64,"GALERATHERAPEUTICS,INC_02_14_2020-EX-99.A-JOINT FILING AGREEMENT",0,1052,3,14,14,1.0
test,paragraph_tok_448_overlap_64,"Reinsurance Group of America, Incorporated - A_R REMARKETING  AGREEMENT",0,20900,58,21,21,1.0
test,paragraph_tok_448_overlap_64,PaperexchangeComInc_20000322_S-1A_EX-10.4_5202103_EX-10.4_Co-Branding Agreement,0,22169,57,62,62,1.0
test,paragraph_tok_448_overlap_64,BIOPURECORP_06_30_1999-EX-10.13-AGENCY AGREEMENT,0,8674,23,28,28,1.0
test,paragraph_tok_448_overlap_64,TRIZETTOGROUPINC_08_18_1999-EX-10.17-TECHNICAL INFRASTRUCTURE MAINTENANCE AGREEMENT,0,3036,8,18,18,1.0
test,paragraph_tok_448_overlap_64,"SPIENERGYCO,LTD_07_10_2014-EX-10-Cooperation Agreement of 50MWp Photovoltaic Grid-connected Power Generation Project in Yangqiao of~1",0,565,2,6,6,1.0
test,paragraph_tok_448_overlap_64,SoupmanInc_20150814_8-K_EX-10.1_9230148_EX-10.1_Franchise Agreement1,0,28914,85,81,80,0.9876543209876543
test,paragraph_tok_448_overlap_64,IntegrityMediaInc_20010329_10-K405_EX-10.17_2373875_EX-10.17_Co-Branding Agreement,0,4981,14,30,30,1.0
test,paragraph_tok_448_overlap_64,WatchitMediaInc_20061201_8-K_EX-10.1_4148672_EX-10.1_Content License Agreement,0,417,1,8,8,1.0
test,paragraph_tok_448_overlap_64,"OMINTO,INC_03_29_2004-EX-10-RESELLER AGREEMENT",0,5380,14,22,22,1.0
test,paragraph_tok_448_overlap_64,"GSITECHNOLOGYINC_11_16_2009-EX-10.2-INTELLECTUAL PROPERTY AGREEMENT between SONY ELECTRONICS INC. and GSI TECHNOLOGY, INC.",0,7480,23,24,24,1.0
test,paragraph_tok_448_overlap_64,MusclepharmCorp_20170208_10-KA_EX-10.38_9893581_EX-10.38_Co-Branding Agreement,0,18336,55,72,72,1.0
test,paragraph_tok_448_overlap_64,"PAXMEDICA,INC_07_02_2020-EX-10.12-Master Service Agreement",0,3531,11,21,21,1.0
test,paragraph_tok_448_overlap_64,"DRIVENDELIVERIES,INC_05_22_2020-EX-10.4-CONSULTING AGREEMENT",0,5374,14,24,22,0.9166666666666666
test,paragraph_tok_448_overlap_64,"HALITRON,INC_03_01_2005-EX-10.15-SPONSORSHIP AND DEVELOPMENT AGREEMENT",0,5998,16,32,31,0.96875
test,paragraph_tok_448_overlap_64,WestPharmaceuticalServicesInc_20200116_8-K_EX-10.1_11947529_EX-10.1_Supply Agreement,0,17330,47,43,42,0.9767441860465116
test,paragraph_tok_448_overlap_64,PANDIONTHERAPEUTICSHOLDCOLLC_05_22_2020-EX-10.17-CONSULTING AGREEMENT,0,4360,12,23,23,1.0
test,paragraph_tok_448_overlap_64,BizzingoInc_20120322_8-K_EX-10.17_7504499_EX-10.17_Endorsement Agreement,0,5093,15,23,21,0.9130434782608695
test,paragraph_tok_448_overlap_64,PHLVARIABLEINSURANCECOCT_08_17_2009-EX-10.1-STRATEGIC ALLIANCE AGREEMENT,0,20535,54,26,25,0.9615384615384616
test,paragraph_tok_448_overlap_64,"MFAFINANCIAL,INC_07_06_2020-EX-99.D-JOINT FILING AGREEMENT",0,902,3,21,21,1.0
test,paragraph_tok_448_overlap_64,PROFOUNDMEDICALCORP_08_29_2019-EX-4.5-SUPPLY AGREEMENT,0,12999,41,32,32,1.0
test,paragraph_tok_448_overlap_64,TRICITYBANKSHARESCORP_05_15_1998-EX-10-OUTSOURCING AGREEMENT,0,20407,52,38,34,0.8947368421052632
test,paragraph_tok_448_overlap_64,"HC2HOLDINGS,INC_05_14_2020-EX-10.1-COOPERATION AGREEMENT",0,11318,34,16,16,1.0
test,paragraph_tok_448_overlap_64,Monsanto Company - SECOND A_R EXCLUSIVE AGENCY AND MARKETING AGREEMENT ,0,45167,117,95,94,0.9894736842105263
test,paragraph_tok_448_overlap_64,ElPolloLocoHoldingsInc_20200306_10-K_EX-10.16_12041700_EX-10.16_Development Agreement,0,12481,35,33,33,1.0
test,paragraph_tok_448_overlap_64,ACCELERATEDTECHNOLOGIESHOLDINGCORP_04_24_2003-EX-10.13-JOINT VENTURE AGREEMENT,0,2532,7,13,13,1.0
test,paragraph_tok_448_overlap_64,SEASPINEHOLDINGSCORP_10_10_2018-EX-10.1-SUPPLY AGREEMENT,0,14827,41,37,37,1.0
test,paragraph_tok_448_overlap_64,HfEnterprisesInc_20191223_S-1_EX-10.22_11931299_EX-10.22_Development Agreement,0,3970,11,23,22,0.9565217391304348
test,paragraph_tok_448_overlap_64,ICORECONNECTINC_10_13_2010-EX-7.1-Strategic Alliance Agreement,0,5080,15,21,21,1.0
test,paragraph_tok_448_overlap_64,TEARDROPGOLFCO_10_23_1996-EX-10.12-ENDORSEMENT AGREEMENT,0,5104,13,24,24,1.0
test,paragraph_tok_448_overlap_64,ScansourceInc_20190822_10-K_EX-10.39_11793959_EX-10.39_Distributor Agreement,0,2319,7,7,7,1.0
test,paragraph_tok_448_overlap_64,LOOKSMARTLTD_07_20_2012-EX-99.(D)(I)-SPONSORSHIP AGREEMENT,0,5109,15,14,14,1.0
test,paragraph_tok_448_overlap_64,PcquoteComInc_19990721_S-1A_EX-10.11_6377149_EX-10.11_Co-Branding Agreement2,0,311,1,7,7,1.0
test,paragraph_tok_448_overlap_64,IMPCOTECHNOLOGIESINC_04_15_2003-EX-10.65-JOINT VENTURE AGREEMENT,0,13143,40,22,22,1.0
test,paragraph_tok_448_overlap_64,EbixInc_20010515_10-Q_EX-10.3_4049767_EX-10.3_Co-Branding Agreement,0,8604,23,28,28,1.0
test,paragraph_tok_448_overlap_64,EcoScienceSolutionsInc_20180406_8-K_EX-10.1_11135398_EX-10.1_Sponsorship Agreement,0,1617,5,11,11,1.0
test,paragraph_tok_448_overlap_64,"GOOSEHEADINSURANCE,INC_04_02_2018-EX-10.6-Franchise Agreement",0,61674,171,97,93,0.9587628865979382
test,paragraph_tok_448_overlap_64,IdeanomicsInc_20151124_8-K_EX-10.2_9354744_EX-10.2_Content License Agreement,0,7475,23,24,24,1.0
test,paragraph_tok_448_overlap_64,"PRECIGEN,INC_01_22_2020-EX-99.1-JOINT FILING AGREEMENT",0,261,1,4,4,1.0
test,paragraph_tok_448_overlap_64,PhotronicsInc_20171219_10-QA_EX-10.28_10982650_EX-10.28_Outsourcing Agreement,0,5835,17,19,19,1.0
test,paragraph_tok_448_overlap_64,EMERALDHEALTHTHERAPEUTICSINC_06_10_2020-EX-4.5-CONSULTING AGREEMENT - DR. GAETANO MORELLO N.D. INC.,0,4000,12,13,13,1.0
test,paragraph_tok_448_overlap_64,PcquoteComInc_19990721_S-1A_EX-10.11_6377149_EX-10.11_Co-Branding Agreement1,0,4303,11,15,15,1.0
test,paragraph_tok_448_overlap_64,ALCOSTORESINC_12_14_2005-EX-10.26-AGENCY AGREEMENT,0,2335,7,11,11,1.0
test,paragraph_tok_448_overlap_64,INGEVITYCORP_05_16_2016-EX-10.5-INTELLECTUAL PROPERTY AGREEMENT,0,13151,36,41,41,1.0
test,paragraph_tok_448_overlap_64,"NOVOINTEGRATEDSCIENCES,INC_12_23_2019-EX-10.1-JOINT VENTURE AGREEMENT",0,4468,16,19,19,1.0
test,paragraph_tok_448_overlap_64,XinhuaSportsEntertainmentLtd_20070221_F-1_EX-99.4_645553_EX-99.4_Content License Agreement,0,4409,12,26,26,1.0
test,paragraph_tok_448_overlap_64,MERITLIFEINSURANCECO_06_19_2020-EX-10.(XIV)-MASTER SERVICES AGREEMENT,0,4132,17,24,24,1.0
test,paragraph_tok_480_overlap_64,LohaCompanyltd_20191209_F-1_EX-10.16_11917878_EX-10.16_Supply Agreement,0,2413,7,7,7,1.0
test,paragraph_tok_480_overlap_64,CENTRACKINTERNATIONALINC_10_29_1999-EX-10.3-WEB SITE HOSTING AGREEMENT,0,2949,7,17,17,1.0
test,paragraph_tok_480_overlap_64,DovaPharmaceuticalsInc_20181108_10-Q_EX-10.2_11414857_EX-10.2_Promotion Agreement,0,36868,91,51,51,1.0
test,paragraph_tok_480_overlap_64,"PACIRA PHARMACEUTICALS, INC. - A_R STRATEGIC LICENSING, DISTRIBUTION AND MARKETING AGREEMENT ",0,31063,76,83,82,0.9879518072289156
test,paragraph_tok_480_overlap_64,ThriventVariableInsuranceAccountB_20190701_N-6_EX-99.D(IV)_11720968_EX-99.D(IV)_Endorsement Agreement,0,1025,3,5,5,1.0
test,paragraph_tok_480_overlap_64,"HERTZGLOBALHOLDINGS,INC_07_07_2016-EX-10.4-INTELLECTUAL PROPERTY AGREEMENT",0,6838,21,30,30,1.0
test,paragraph_tok_480_overlap_64,TUNIUCORP_03_06_2014-EX-10-COOPERATION AGREEMENT,0,3496,8,21,21,1.0
test,paragraph_tok_480_overlap_64,CYBERIANOUTPOSTINC_07_09_1998-EX-10.13-PROMOTION AGREEMENT,0,4561,11,22,22,1.0
test,paragraph_tok_480_overlap_64,MSCIINC_02_28_2008-EX-10.10-,0,2485,7,18,18,1.0
test,paragraph_tok_480_overlap_64,CHERRYHILLMORTGAGEINVESTMENTCORP_09_26_2013-EX-10.1-Strategic Alliance Agreement,0,5509,14,9,9,1.0
test,paragraph_tok_480_overlap_64,"WASTE2ENERGYHOLDINGS,INC_06_03_2010-EX-10.2-STRATEGIC ALLIANCE AGREEMENT",0,8084,25,16,16,1.0
test,paragraph_tok_480_overlap_64,GridironBionutrientsInc_20171206_8-K_EX-10.2_10972556_EX-10.2_Endorsement Agreement,0,822,2,12,12,1.0
test,paragraph_tok_480_overlap_64,FreezeTagInc_20180411_8-K_EX-10.1_11139603_EX-10.1_Sponsorship Agreement,0,5273,13,23,23,1.0
test,paragraph_tok_480_overlap_64,WEBHELPCOMINC_03_22_2000-EX-10.8-HOSTING AGREEMENT,0,4056,11,20,20,1.0
test,paragraph_tok_480_overlap_64,"Columbia Laboratories, (Bermuda) Ltd. - AMEND NO. 2 TO MANUFACTURING AND SUPPLY AGREEMENT",0,9425,24,21,21,1.0
test,paragraph_tok_480_overlap_64,N2KINC_10_16_1997-EX-10.16-SPONSORSHIP AGREEMENT,0,7525,19,40,40,1.0
test,paragraph_tok_480_overlap_64,ArconicRolledProductsCorp_20191217_10-12B_EX-2.7_11923804_EX-2.7_Trademark License Agreement,0,3841,10,20,20,1.0
test,paragraph_tok_480_overlap_64,STWRESOURCESHOLDINGCORP_08_06_2014-EX-10.1-COOPERATION AGREEMENT,0,5778,17,25,25,1.0
test,paragraph_tok_480_overlap_64,HarpoonTherapeuticsInc_20200312_10-K_EX-10.18_12051356_EX-10.18_Development Agreement,0,54619,137,70,69,0.9857142857142858
test,paragraph_tok_480_overlap_64,CardlyticsInc_20180112_S-1_EX-10.16_11002987_EX-10.16_Maintenance Agreement3,0,408,1,7,7,1.0
test,paragraph_tok_480_overlap_64,AIRSPANNETWORKSINC_04_11_2000-EX-10.5-Distributor Agreement,0,15290,37,43,43,1.0
test,paragraph_tok_480_overlap_64,GRANTIERRAENERGYINC_05_07_2012-EX-10.6-TRANSPORTATION CONTRACT,0,45009,121,33,32,0.9696969696969697
test,paragraph_tok_480_overlap_64,"VIVINT SOLAR, INC. - NON-COMPETITION AGREEMENT",0,731,2,8,8,1.0
test,paragraph_tok_480_overlap_64,CHIPMOSTECHNOLOGIESBERMUDALTD_04_18_2016-EX-4.72-Strategic Alliance Agreement,0,2719,7,11,11,1.0
test,paragraph_tok_480_overlap_64,RitterPharmaceuticalsInc_20200313_S-4A_EX-10.54_12055220_EX-10.54_Development Agreement,0,26440,72,49,49,1.0
test,paragraph_tok_480_overlap_64,AMBASSADOREYEWEARGROUPINC_11_17_1997-EX-10.28-ENDORSEMENT AGREEMENT,0,7694,19,40,40,1.0
test,paragraph_tok_480_overlap_64,USASYNTHETICFUELCORP_10_21_2010-EX-10.10-STRATEGIC ALLIANCE AGREEMENT,0,10551,32,19,19,1.0
test,paragraph_tok_480_overlap_64,WESTERN COPPER - NON-COMPETITION AGREEMENT,0,3336,8,17,17,1.0
test,paragraph_tok_480_overlap_64,"HEMISPHERX - Sales, Marketing, Distribution, and Supply Agreement",0,15893,45,43,43,1.0
test,paragraph_tok_480_overlap_64,MphaseTechnologiesInc_20030911_10-K_EX-10.15_1560667_EX-10.15_Co-Branding Agreement,0,1744,4,14,14,1.0
test,paragraph_tok_480_overlap_64,"BABCOCK_WILCOXENTERPRISES,INC_08_04_2015-EX-10.17-INTELLECTUAL PROPERTY AGREEMENT between THE BABCOCK _ WILCOX COMPANY and BABCOCK _ WILCOX ENTERPRISES, INC.",0,22611,58,55,55,1.0
test,paragraph_tok_480_overlap_64,"VAPOTHERM, INC. - Manufacturing and Supply Agreement",0,16011,40,24,24,1.0
test,paragraph_tok_480_overlap_64,PLAYAHOTELS_RESORTSNV_03_14_2017-EX-10.22-STRATEGIC ALLIANCE AGREEMENT (Hyatt Ziva Cancun),0,4764,11,17,17,1.0
test,paragraph_tok_480_overlap_64,"SPOKHOLDINGS,INC_06_19_2020-EX-10.1-COOPERATION AGREEMENT",0,3608,9,13,13,1.0
test,paragraph_tok_480_overlap_64,RMRGROUPINC_01_22_2020-EX-99.1-JOINT FILING AGREEMENT,0,172,1,4,4,1.0
test,paragraph_tok_480_overlap_64,PRIMEENERGYRESOURCESCORP_04_02_2007-EX-10.28-COMPLETION AND LIQUIDITY MAINTENANCE AGREEMENT,0,1136,3,10,10,1.0
test,paragraph_tok_480_overlap_64,AgapeAtpCorp_20191202_10-KA_EX-10.1_11911128_EX-10.1_Supply Agreement,0,4295,11,31,31,1.0
test,paragraph_tok_480_overlap_64,PhoenixNewMediaLtd_20110421_F-1_EX-10.17_6958322_EX-10.17_Content License Agreement,0,4929,14,20,20,1.0
test,paragraph_tok_480_overlap_64,"ONEMAINHOLDINGS,INC_02_20_2020-EX-99.D-JOINT FILING AGREEMENT",0,1633,4,15,15,1.0
test,paragraph_tok_480_overlap_64,BerkshireHillsBancorpInc_20120809_10-Q_EX-10.16_7708169_EX-10.16_Endorsement Agreement,0,5968,17,23,23,1.0
test,paragraph_tok_480_overlap_64,VALENCETECHNOLOGYINC_02_14_2003-EX-10-JOINT VENTURE CONTRACT,0,12977,30,24,24,1.0
test,paragraph_tok_480_overlap_64,Quaker Chemical Corporation - NON COMPETITION AND NON SOLICITATION AGREEMENT,0,4600,14,21,21,1.0
test,paragraph_tok_480_overlap_64,GpaqAcquisitionHoldingsInc_20200123_S-4A_EX-10.8_11951679_EX-10.8_Service Agreement,0,11441,29,28,27,0.9642857142857143
test,paragraph_tok_480_overlap_64,"SUCAMPOPHARMACEUTICALS,INC_11_04_2015-EX-10.2-STRATEGIC ALLIANCE AGREEMENT",0,13241,38,14,14,1.0
test,paragraph_tok_480_overlap_64,KENTUCKYUTILITIESCO_03_25_2003-EX-10.65-TRANSPORTATION AGREEMENT,0,3366,10,15,15,1.0
test,paragraph_tok_480_overlap_64,AFSALABANCORPINC_08_01_1996-EX-1.1-AGENCY AGREEMENT,0,21780,56,22,21,0.9545454545454546
test,paragraph_tok_480_overlap_64,SigaTechnologiesInc_20190603_8-K_EX-10.1_11695818_EX-10.1_Promotion Agreement,0,30778,83,42,42,1.0
test,paragraph_tok_480_overlap_64,HPILHOLDING_01_07_2015-EX-99.1-COOPERATION AGREEMENT,0,6189,16,14,14,1.0
test,paragraph_tok_480_overlap_64,FEDERATEDGOVERNMENTINCOMESECURITIESINC_04_28_2020-EX-99.SERV AGREE-SERVICES AGREEMENT_POWEROF,0,2762,8,9,9,1.0
test,paragraph_tok_480_overlap_64,"CURAEGISTECHNOLOGIES,INC_05_26_2010-EX-1-CORPORATE SPONSORSHIP AGREEMENT",0,2525,6,19,19,1.0
test,paragraph_tok_480_overlap_64,GridironBionutrientsInc_20171206_8-K_EX-10.1_10972555_EX-10.1_Endorsement Agreement,0,6067,17,29,29,1.0
test,paragraph_tok_480_overlap_64,WOMENSGOLFUNLIMITEDINC_03_29_2000-EX-10.13-ENDORSEMENT AGREEMENT,0,5790,14,48,48,1.0
test,paragraph_tok_480_overlap_64,ScansourceInc_20190509_10-Q_EX-10.2_11661422_EX-10.2_Distributor Agreement,0,3221,8,21,21,1.0
test,paragraph_tok_480_overlap_64,SoupmanInc_20150814_8-K_EX-10.1_9230148_EX-10.1_Franchise Agreement4,0,683,2,4,4,1.0
test,paragraph_tok_480_overlap_64,BOLIVARMININGCORP_05_23_2003-EX-2.1-VISP WEB SITE BUILDING AND HOSTING AGREEMENT,0,2299,6,14,14,1.0
test,paragraph_tok_480_overlap_64,"GALERATHERAPEUTICS,INC_02_14_2020-EX-99.A-JOINT FILING AGREEMENT",0,1052,3,14,14,1.0
test,paragraph_tok_480_overlap_64,"Reinsurance Group of America, Incorporated - A_R REMARKETING  AGREEMENT",0,20900,55,21,21,1.0
test,paragraph_tok_480_overlap_64,PaperexchangeComInc_20000322_S-1A_EX-10.4_5202103_EX-10.4_Co-Branding Agreement,0,22169,54,62,62,1.0
test,paragraph_tok_480_overlap_64,BIOPURECORP_06_30_1999-EX-10.13-AGENCY AGREEMENT,0,8674,20,28,28,1.0
test,paragraph_tok_480_overlap_64,TRIZETTOGROUPINC_08_18_1999-EX-10.17-TECHNICAL INFRASTRUCTURE MAINTENANCE AGREEMENT,0,3036,8,18,18,1.0
test,paragraph_tok_480_overlap_64,"SPIENERGYCO,LTD_07_10_2014-EX-10-Cooperation Agreement of 50MWp Photovoltaic Grid-connected Power Generation Project in Yangqiao of~1",0,565,2,6,6,1.0
test,paragraph_tok_480_overlap_64,SoupmanInc_20150814_8-K_EX-10.1_9230148_EX-10.1_Franchise Agreement1,0,28914,81,81,80,0.9876543209876543
test,paragraph_tok_480_overlap_64,IntegrityMediaInc_20010329_10-K405_EX-10.17_2373875_EX-10.17_Co-Branding Agreement,0,4981,13,30,30,1.0
test,paragraph_tok_480_overlap_64,WatchitMediaInc_20061201_8-K_EX-10.1_4148672_EX-10.1_Content License Agreement,0,417,1,8,8,1.0
test,paragraph_tok_480_overlap_64,"OMINTO,INC_03_29_2004-EX-10-RESELLER AGREEMENT",0,5380,13,22,22,1.0
test,paragraph_tok_480_overlap_64,"GSITECHNOLOGYINC_11_16_2009-EX-10.2-INTELLECTUAL PROPERTY AGREEMENT between SONY ELECTRONICS INC. and GSI TECHNOLOGY, INC.",0,7480,20,24,24,1.0
test,paragraph_tok_480_overlap_64,MusclepharmCorp_20170208_10-KA_EX-10.38_9893581_EX-10.38_Co-Branding Agreement,0,18336,53,72,72,1.0
test,paragraph_tok_480_overlap_64,"PAXMEDICA,INC_07_02_2020-EX-10.12-Master Service Agreement",0,3531,10,21,21,1.0
test,paragraph_tok_480_overlap_64,"DRIVENDELIVERIES,INC_05_22_2020-EX-10.4-CONSULTING AGREEMENT",0,5374,13,24,23,0.9583333333333334
test,paragraph_tok_480_overlap_64,"HALITRON,INC_03_01_2005-EX-10.15-SPONSORSHIP AND DEVELOPMENT AGREEMENT",0,5998,15,32,30,0.9375
test,paragraph_tok_480_overlap_64,WestPharmaceuticalServicesInc_20200116_8-K_EX-10.1_11947529_EX-10.1_Supply Agreement,0,17330,43,43,43,1.0
test,paragraph_tok_480_overlap_64,PANDIONTHERAPEUTICSHOLDCOLLC_05_22_2020-EX-10.17-CONSULTING AGREEMENT,0,4360,11,23,23,1.0
test,paragraph_tok_480_overlap_64,BizzingoInc_20120322_8-K_EX-10.17_7504499_EX-10.17_Endorsement Agreement,0,5093,14,23,23,1.0
test,paragraph_tok_480_overlap_64,PHLVARIABLEINSURANCECOCT_08_17_2009-EX-10.1-STRATEGIC ALLIANCE AGREEMENT,0,20535,49,26,25,0.9615384615384616
test,paragraph_tok_480_overlap_64,"MFAFINANCIAL,INC_07_06_2020-EX-99.D-JOINT FILING AGREEMENT",0,902,3,21,21,1.0
test,paragraph_tok_480_overlap_64,PROFOUNDMEDICALCORP_08_29_2019-EX-4.5-SUPPLY AGREEMENT,0,12999,39,32,32,1.0
test,paragraph_tok_480_overlap_64,TRICITYBANKSHARESCORP_05_15_1998-EX-10-OUTSOURCING AGREEMENT,0,20407,50,38,37,0.9736842105263158
test,paragraph_tok_480_overlap_64,"HC2HOLDINGS,INC_05_14_2020-EX-10.1-COOPERATION AGREEMENT",0,11318,34,16,16,1.0
test,paragraph_tok_480_overlap_64,Monsanto Company - SECOND A_R EXCLUSIVE AGENCY AND MARKETING AGREEMENT ,0,45167,109,95,95,1.0
test,paragraph_tok_480_overlap_64,ElPolloLocoHoldingsInc_20200306_10-K_EX-10.16_12041700_EX-10.16_Development Agreement,0,12481,31,33,33,1.0
test,paragraph_tok_480_overlap_64,ACCELERATEDTECHNOLOGIESHOLDINGCORP_04_24_2003-EX-10.13-JOINT VENTURE AGREEMENT,0,2532,6,13,13,1.0
test,paragraph_tok_480_overlap_64,SEASPINEHOLDINGSCORP_10_10_2018-EX-10.1-SUPPLY AGREEMENT,0,14827,37,37,37,1.0
test,paragraph_tok_480_overlap_64,HfEnterprisesInc_20191223_S-1_EX-10.22_11931299_EX-10.22_Development Agreement,0,3970,10,23,23,1.0
test,paragraph_tok_480_overlap_64,ICORECONNECTINC_10_13_2010-EX-7.1-Strategic Alliance Agreement,0,5080,12,21,21,1.0
test,paragraph_tok_480_overlap_64,TEARDROPGOLFCO_10_23_1996-EX-10.12-ENDORSEMENT AGREEMENT,0,5104,12,24,24,1.0
test,paragraph_tok_480_overlap_64,ScansourceInc_20190822_10-K_EX-10.39_11793959_EX-10.39_Distributor Agreement,0,2319,7,7,7,1.0
test,paragraph_tok_480_overlap_64,LOOKSMARTLTD_07_20_2012-EX-99.(D)(I)-SPONSORSHIP AGREEMENT,0,5109,14,14,14,1.0
test,paragraph_tok_480_overlap_64,PcquoteComInc_19990721_S-1A_EX-10.11_6377149_EX-10.11_Co-Branding Agreement2,0,311,1,7,7,1.0
test,paragraph_tok_480_overlap_64,IMPCOTECHNOLOGIESINC_04_15_2003-EX-10.65-JOINT VENTURE AGREEMENT,0,13143,36,22,22,1.0
test,paragraph_tok_480_overlap_64,EbixInc_20010515_10-Q_EX-10.3_4049767_EX-10.3_Co-Branding Agreement,0,8604,22,28,28,1.0
test,paragraph_tok_480_overlap_64,EcoScienceSolutionsInc_20180406_8-K_EX-10.1_11135398_EX-10.1_Sponsorship Agreement,0,1617,4,11,11,1.0
test,paragraph_tok_480_overlap_64,"GOOSEHEADINSURANCE,INC_04_02_2018-EX-10.6-Franchise Agreement",0,61674,164,97,94,0.9690721649484536
test,paragraph_tok_480_overlap_64,IdeanomicsInc_20151124_8-K_EX-10.2_9354744_EX-10.2_Content License Agreement,0,7475,23,24,24,1.0
test,paragraph_tok_480_overlap_64,"PRECIGEN,INC_01_22_2020-EX-99.1-JOINT FILING AGREEMENT",0,261,1,4,4,1.0
test,paragraph_tok_480_overlap_64,PhotronicsInc_20171219_10-QA_EX-10.28_10982650_EX-10.28_Outsourcing Agreement,0,5835,14,19,19,1.0
test,paragraph_tok_480_overlap_64,EMERALDHEALTHTHERAPEUTICSINC_06_10_2020-EX-4.5-CONSULTING AGREEMENT - DR. GAETANO MORELLO N.D. INC.,0,4000,11,13,13,1.0
test,paragraph_tok_480_overlap_64,PcquoteComInc_19990721_S-1A_EX-10.11_6377149_EX-10.11_Co-Branding Agreement1,0,4303,11,15,15,1.0
test,paragraph_tok_480_overlap_64,ALCOSTORESINC_12_14_2005-EX-10.26-AGENCY AGREEMENT,0,2335,6,11,11,1.0
test,paragraph_tok_480_overlap_64,INGEVITYCORP_05_16_2016-EX-10.5-INTELLECTUAL PROPERTY AGREEMENT,0,13151,36,41,41,1.0
test,paragraph_tok_480_overlap_64,"NOVOINTEGRATEDSCIENCES,INC_12_23_2019-EX-10.1-JOINT VENTURE AGREEMENT",0,4468,12,19,19,1.0
test,paragraph_tok_480_overlap_64,XinhuaSportsEntertainmentLtd_20070221_F-1_EX-99.4_645553_EX-99.4_Content License Agreement,0,4409,11,26,23,0.8846153846153846
test,paragraph_tok_480_overlap_64,MERITLIFEINSURANCECO_06_19_2020-EX-10.(XIV)-MASTER SERVICES AGREEMENT,0,4132,12,24,24,1.0
